Market,DealerCode,DealerName
HU,D00000,Dealer_0
NL,D00001,Dealer_1
DE,D00002,Dealer_2
FR,D00003,Dealer_3
HU,D00004,Dealer_4
NL,D00005,Dealer_5
DE,D00006,Dealer_6
FR,D00007,Dealer_7
HU,D00008,Dealer_8
NL,D00009,Dealer_9
DE,D00010,Dealer_10
FR,D00011,Dealer_11
HU,D00012,Dealer_12
NL,D00013,Dealer_13
DE,D00014,Dealer_14
FR,D00015,Dealer_15
HU,D00016,Dealer_16
NL,D00017,Dealer_17
DE,D00018,Dealer_18
FR,D00019,Dealer_19
HU,D00020,Dealer_20
NL,D00021,Dealer_21
DE,D00022,Dealer_22
FR,D00023,Dealer_23
HU,D00024,Dealer_24
NL,D00025,Dealer_25
DE,D00026,Dealer_26
FR,D00027,Dealer_27
HU,D00028,Dealer_28
NL,D00029,Dealer_29
DE,D00030,Dealer_30
FR,D00031,Dealer_31
HU,D00032,Dealer_32
NL,D00033,Dealer_33
DE,D00034,Dealer_34
FR,D00035,Dealer_35
HU,D00036,Dealer_36
NL,D00037,Dealer_37
DE,D00038,Dealer_38
FR,D00039,Dealer_39
HU,D00040,Dealer_40
NL,D00041,Dealer_41
DE,D00042,Dealer_42
FR,D00043,Dealer_43
HU,D00044,Dealer_44
NL,D00045,Dealer_45
DE,D00046,Dealer_46
FR,D00047,Dealer_47
HU,D00048,Dealer_48
NL,D00049,Dealer_49
DE,D00050,Dealer_50
FR,D00051,Dealer_51
HU,D00052,Dealer_52
NL,D00053,Dealer_53
DE,D00054,Dealer_54
FR,D00055,Dealer_55
HU,D00056,Dealer_56
NL,D00057,Dealer_57
DE,D00058,Dealer_58
FR,D00059,Dealer_59
HU,D00060,Dealer_60
NL,D00061,Dealer_61
DE,D00062,Dealer_62
FR,D00063,Dealer_63
HU,D00064,Dealer_64
NL,D00065,Dealer_65
DE,D00066,Dealer_66
FR,D00067,Dealer_67
HU,D00068,Dealer_68
NL,D00069,Dealer_69
DE,D00070,Dealer_70
FR,D00071,Dealer_71
HU,D00072,Dealer_72
NL,D00073,Dealer_73
DE,D00074,Dealer_74
FR,D00075,Dealer_75
HU,D00076,Dealer_76
NL,D00077,Dealer_77
DE,D00078,Dealer_78
FR,D00079,Dealer_79
HU,D00080,Dealer_80
NL,D00081,Dealer_81
DE,D00082,Dealer_82
FR,D00083,Dealer_83
HU,D00084,Dealer_84
NL,D00085,Dealer_85
DE,D00086,Dealer_86
FR,D00087,Dealer_87
HU,D00088,Dealer_88
NL,D00089,Dealer_89
DE,D00090,Dealer_90
FR,D00091,Dealer_91
HU,D00092,Dealer_92
NL,D00093,Dealer_93
DE,D00094,Dealer_94
FR,D00095,Dealer_95
HU,D00096,Dealer_96
NL,D00097,Dealer_97
DE,D00098,Dealer_98
FR,D00099,Dealer_99
HU,D00100,Dealer_100
NL,D00101,Dealer_101
DE,D00102,Dealer_102
FR,D00103,Dealer_103
HU,D00104,Dealer_104
NL,D00105,Dealer_105
DE,D00106,Dealer_106
FR,D00107,Dealer_107
HU,D00108,Dealer_108
NL,D00109,Dealer_109
DE,D00110,Dealer_110
FR,D00111,Dealer_111
HU,D00112,Dealer_112
NL,D00113,Dealer_113
DE,D00114,Dealer_114
FR,D00115,Dealer_115
HU,D00116,Dealer_116
NL,D00117,Dealer_117
DE,D00118,Dealer_118
FR,D00119,Dealer_119
HU,D00120,Dealer_120
NL,D00121,Dealer_121
DE,D00122,Dealer_122
FR,D00123,Dealer_123
HU,D00124,Dealer_124
NL,D00125,Dealer_125
DE,D00126,Dealer_126
FR,D00127,Dealer_127
HU,D00128,Dealer_128
NL,D00129,Dealer_129
DE,D00130,Dealer_130
FR,D00131,Dealer_131
HU,D00132,Dealer_132
NL,D00133,Dealer_133
DE,D00134,Dealer_134
FR,D00135,Dealer_135
HU,D00136,Dealer_136
NL,D00137,Dealer_137
DE,D00138,Dealer_138
FR,D00139,Dealer_139
HU,D00140,Dealer_140
NL,D00141,Dealer_141
DE,D00142,Dealer_142
FR,D00143,Dealer_143
HU,D00144,Dealer_144
NL,D00145,Dealer_145
DE,D00146,Dealer_146
FR,D00147,Dealer_147
HU,D00148,Dealer_148
NL,D00149,Dealer_149
DE,D00150,Dealer_150
FR,D00151,Dealer_151
HU,D00152,Dealer_152
NL,D00153,Dealer_153
DE,D00154,Dealer_154
FR,D00155,Dealer_155
HU,D00156,Dealer_156
NL,D00157,Dealer_157
DE,D00158,Dealer_158
FR,D00159,Dealer_159
HU,D00160,Dealer_160
NL,D00161,Dealer_161
DE,D00162,Dealer_162
FR,D00163,Dealer_163
HU,D00164,Dealer_164
NL,D00165,Dealer_165
DE,D00166,Dealer_166
FR,D00167,Dealer_167
HU,D00168,Dealer_168
NL,D00169,Dealer_169
DE,D00170,Dealer_170
FR,D00171,Dealer_171
HU,D00172,Dealer_172
NL,D00173,Dealer_173
DE,D00174,Dealer_174
FR,D00175,Dealer_175
HU,D00176,Dealer_176
NL,D00177,Dealer_177
DE,D00178,Dealer_178
FR,D00179,Dealer_179
HU,D00180,Dealer_180
NL,D00181,Dealer_181
DE,D00182,Dealer_182
FR,D00183,Dealer_183
HU,D00184,Dealer_184
NL,D00185,Dealer_185
DE,D00186,Dealer_186
FR,D00187,Dealer_187
HU,D00188,Dealer_188
NL,D00189,Dealer_189
DE,D00190,Dealer_190
FR,D00191,Dealer_191
HU,D00192,Dealer_192
NL,D00193,Dealer_193
DE,D00194,Dealer_194
FR,D00195,Dealer_195
HU,D00196,Dealer_196
NL,D00197,Dealer_197
DE,D00198,Dealer_198
FR,D00199,Dealer_199
HU,D00200,Dealer_200
NL,D00201,Dealer_201
DE,D00202,Dealer_202
FR,D00203,Dealer_203
HU,D00204,Dealer_204
NL,D00205,Dealer_205
DE,D00206,Dealer_206
FR,D00207,Dealer_207
HU,D00208,Dealer_208
NL,D00209,Dealer_209
DE,D00210,Dealer_210
FR,D00211,Dealer_211
HU,D00212,Dealer_212
NL,D00213,Dealer_213
DE,D00214,Dealer_214
FR,D00215,Dealer_215
HU,D00216,Dealer_216
NL,D00217,Dealer_217
DE,D00218,Dealer_218
FR,D00219,Dealer_219
HU,D00220,Dealer_220
NL,D00221,Dealer_221
DE,D00222,Dealer_222
FR,D00223,Dealer_223
HU,D00224,Dealer_224
NL,D00225,Dealer_225
DE,D00226,Dealer_226
FR,D00227,Dealer_227
HU,D00228,Dealer_228
NL,D00229,Dealer_229
DE,D00230,Dealer_230
FR,D00231,Dealer_231
HU,D00232,Dealer_232
NL,D00233,Dealer_233
DE,D00234,Dealer_234
FR,D00235,Dealer_235
HU,D00236,Dealer_236
NL,D00237,Dealer_237
DE,D00238,Dealer_238
FR,D00239,Dealer_239
HU,D00240,Dealer_240
NL,D00241,Dealer_241
DE,D00242,Dealer_242
FR,D00243,Dealer_243
HU,D00244,Dealer_244
NL,D00245,Dealer_245
DE,D00246,Dealer_246
FR,D00247,Dealer_247
HU,D00248,Dealer_248
NL,D00249,Dealer_249
DE,D00250,Dealer_250
FR,D00251,Dealer_251
HU,D00252,Dealer_252
NL,D00253,Dealer_253
DE,D00254,Dealer_254
FR,D00255,Dealer_255
HU,D00256,Dealer_256
NL,D00257,Dealer_257
DE,D00258,Dealer_258
FR,D00259,Dealer_259
HU,D00260,Dealer_260
NL,D00261,Dealer_261
DE,D00262,Dealer_262
FR,D00263,Dealer_263
HU,D00264,Dealer_264
NL,D00265,Dealer_265
DE,D00266,Dealer_266
FR,D00267,Dealer_267
HU,D00268,Dealer_268
NL,D00269,Dealer_269
DE,D00270,Dealer_270
FR,D00271,Dealer_271
HU,D00272,Dealer_272
NL,D00273,Dealer_273
DE,D00274,Dealer_274
FR,D00275,Dealer_275
HU,D00276,Dealer_276
NL,D00277,Dealer_277
DE,D00278,Dealer_278
FR,D00279,Dealer_279
HU,D00280,Dealer_280
NL,D00281,Dealer_281
DE,D00282,Dealer_282
FR,D00283,Dealer_283
HU,D00284,Dealer_284
NL,D00285,Dealer_285
DE,D00286,Dealer_286
FR,D00287,Dealer_287
HU,D00288,Dealer_288
NL,D00289,Dealer_289
DE,D00290,Dealer_290
FR,D00291,Dealer_291
HU,D00292,Dealer_292
NL,D00293,Dealer_293
DE,D00294,Dealer_294
FR,D00295,Dealer_295
HU,D00296,Dealer_296
NL,D00297,Dealer_297
DE,D00298,Dealer_298
FR,D00299,Dealer_299
HU,D00300,Dealer_300
NL,D00301,Dealer_301
DE,D00302,Dealer_302
FR,D00303,Dealer_303
HU,D00304,Dealer_304
NL,D00305,Dealer_305
DE,D00306,Dealer_306
FR,D00307,Dealer_307
HU,D00308,Dealer_308
NL,D00309,Dealer_309
DE,D00310,Dealer_310
FR,D00311,Dealer_311
HU,D00312,Dealer_312
NL,D00313,Dealer_313
DE,D00314,Dealer_314
FR,D00315,Dealer_315
HU,D00316,Dealer_316
NL,D00317,Dealer_317
DE,D00318,Dealer_318
FR,D00319,Dealer_319
HU,D00320,Dealer_320
NL,D00321,Dealer_321
DE,D00322,Dealer_322
FR,D00323,Dealer_323
HU,D00324,Dealer_324
NL,D00325,Dealer_325
DE,D00326,Dealer_326
FR,D00327,Dealer_327
HU,D00328,Dealer_328
NL,D00329,Dealer_329
DE,D00330,Dealer_330
FR,D00331,Dealer_331
HU,D00332,Dealer_332
NL,D00333,Dealer_333
DE,D00334,Dealer_334
FR,D00335,Dealer_335
HU,D00336,Dealer_336
NL,D00337,Dealer_337
DE,D00338,Dealer_338
FR,D00339,Dealer_339
HU,D00340,Dealer_340
NL,D00341,Dealer_341
DE,D00342,Dealer_342
FR,D00343,Dealer_343
HU,D00344,Dealer_344
NL,D00345,Dealer_345
DE,D00346,Dealer_346
FR,D00347,Dealer_347
HU,D00348,Dealer_348
NL,D00349,Dealer_349
DE,D00350,Dealer_350
FR,D00351,Dealer_351
HU,D00352,Dealer_352
NL,D00353,Dealer_353
DE,D00354,Dealer_354
FR,D00355,Dealer_355
HU,D00356,Dealer_356
NL,D00357,Dealer_357
DE,D00358,Dealer_358
FR,D00359,Dealer_359
HU,D00360,Dealer_360
NL,D00361,Dealer_361
DE,D00362,Dealer_362
FR,D00363,Dealer_363
HU,D00364,Dealer_364
NL,D00365,Dealer_365
DE,D00366,Dealer_366
FR,D00367,Dealer_367
HU,D00368,Dealer_368
NL,D00369,Dealer_369
DE,D00370,Dealer_370
FR,D00371,Dealer_371
HU,D00372,Dealer_372
NL,D00373,Dealer_373
DE,D00374,Dealer_374
FR,D00375,Dealer_375
HU,D00376,Dealer_376
NL,D00377,Dealer_377
DE,D00378,Dealer_378
FR,D00379,Dealer_379
HU,D00380,Dealer_380
NL,D00381,Dealer_381
DE,D00382,Dealer_382
FR,D00383,Dealer_383
HU,D00384,Dealer_384
NL,D00385,Dealer_385
DE,D00386,Dealer_386
FR,D00387,Dealer_387
HU,D00388,Dealer_388
NL,D00389,Dealer_389
DE,D00390,Dealer_390
FR,D00391,Dealer_391
HU,D00392,Dealer_392
NL,D00393,Dealer_393
DE,D00394,Dealer_394
FR,D00395,Dealer_395
HU,D00396,Dealer_396
NL,D00397,Dealer_397
DE,D00398,Dealer_398
FR,D00399,Dealer_399
HU,D00400,Dealer_400
NL,D00401,Dealer_401
DE,D00402,Dealer_402
FR,D00403,Dealer_403
HU,D00404,Dealer_404
NL,D00405,Dealer_405
DE,D00406,Dealer_406
FR,D00407,Dealer_407
HU,D00408,Dealer_408
NL,D00409,Dealer_409
DE,D00410,Dealer_410
FR,D00411,Dealer_411
HU,D00412,Dealer_412
NL,D00413,Dealer_413
DE,D00414,Dealer_414
FR,D00415,Dealer_415
HU,D00416,Dealer_416
NL,D00417,Dealer_417
DE,D00418,Dealer_418
FR,D00419,Dealer_419
HU,D00420,Dealer_420
NL,D00421,Dealer_421
DE,D00422,Dealer_422
FR,D00423,Dealer_423
HU,D00424,Dealer_424
NL,D00425,Dealer_425
DE,D00426,Dealer_426
FR,D00427,Dealer_427
HU,D00428,Dealer_428
NL,D00429,Dealer_429
DE,D00430,Dealer_430
FR,D00431,Dealer_431
HU,D00432,Dealer_432
NL,D00433,Dealer_433
DE,D00434,Dealer_434
FR,D00435,Dealer_435
HU,D00436,Dealer_436
NL,D00437,Dealer_437
DE,D00438,Dealer_438
FR,D00439,Dealer_439
HU,D00440,Dealer_440
NL,D00441,Dealer_441
DE,D00442,Dealer_442
FR,D00443,Dealer_443
HU,D00444,Dealer_444
NL,D00445,Dealer_445
DE,D00446,Dealer_446
FR,D00447,Dealer_447
HU,D00448,Dealer_448
NL,D00449,Dealer_449
DE,D00450,Dealer_450
FR,D00451,Dealer_451
HU,D00452,Dealer_452
NL,D00453,Dealer_453
DE,D00454,Dealer_454
FR,D00455,Dealer_455
HU,D00456,Dealer_456
NL,D00457,Dealer_457
DE,D00458,Dealer_458
FR,D00459,Dealer_459
HU,D00460,Dealer_460
NL,D00461,Dealer_461
DE,D00462,Dealer_462
FR,D00463,Dealer_463
HU,D00464,Dealer_464
NL,D00465,Dealer_465
DE,D00466,Dealer_466
FR,D00467,Dealer_467
HU,D00468,Dealer_468
NL,D00469,Dealer_469
DE,D00470,Dealer_470
FR,D00471,Dealer_471
HU,D00472,Dealer_472
NL,D00473,Dealer_473
DE,D00474,Dealer_474
FR,D00475,Dealer_475
HU,D00476,Dealer_476
NL,D00477,Dealer_477
DE,D00478,Dealer_478
FR,D00479,Dealer_479
HU,D00480,Dealer_480
NL,D00481,Dealer_481
DE,D00482,Dealer_482
FR,D00483,Dealer_483
HU,D00484,Dealer_484
NL,D00485,Dealer_485
DE,D00486,Dealer_486
FR,D00487,Dealer_487
HU,D00488,Dealer_488
NL,D00489,Dealer_489
DE,D00490,Dealer_490
FR,D00491,Dealer_491
HU,D00492,Dealer_492
NL,D00493,Dealer_493
DE,D00494,Dealer_494
FR,D00495,Dealer_495
HU,D00496,Dealer_496
NL,D00497,Dealer_497
DE,D00498,Dealer_498
FR,D00499,Dealer_499
HU,D00500,Dealer_500
NL,D00501,Dealer_501
DE,D00502,Dealer_502
FR,D00503,Dealer_503
HU,D00504,Dealer_504
NL,D00505,Dealer_505
DE,D00506,Dealer_506
FR,D00507,Dealer_507
HU,D00508,Dealer_508
NL,D00509,Dealer_509
DE,D00510,Dealer_510
FR,D00511,Dealer_511
HU,D00512,Dealer_512
NL,D00513,Dealer_513
DE,D00514,Dealer_514
FR,D00515,Dealer_515
HU,D00516,Dealer_516
NL,D00517,Dealer_517
DE,D00518,Dealer_518
FR,D00519,Dealer_519
HU,D00520,Dealer_520
NL,D00521,Dealer_521
DE,D00522,Dealer_522
FR,D00523,Dealer_523
HU,D00524,Dealer_524
NL,D00525,Dealer_525
DE,D00526,Dealer_526
FR,D00527,Dealer_527
HU,D00528,Dealer_528
NL,D00529,Dealer_529
DE,D00530,Dealer_530
FR,D00531,Dealer_531
HU,D00532,Dealer_532
NL,D00533,Dealer_533
DE,D00534,Dealer_534
FR,D00535,Dealer_535
HU,D00536,Dealer_536
NL,D00537,Dealer_537
DE,D00538,Dealer_538
FR,D00539,Dealer_539
HU,D00540,Dealer_540
NL,D00541,Dealer_541
DE,D00542,Dealer_542
FR,D00543,Dealer_543
HU,D00544,Dealer_544
NL,D00545,Dealer_545
DE,D00546,Dealer_546
FR,D00547,Dealer_547
HU,D00548,Dealer_548
NL,D00549,Dealer_549
DE,D00550,Dealer_550
FR,D00551,Dealer_551
HU,D00552,Dealer_552
NL,D00553,Dealer_553
DE,D00554,Dealer_554
FR,D00555,Dealer_555
HU,D00556,Dealer_556
NL,D00557,Dealer_557
DE,D00558,Dealer_558
FR,D00559,Dealer_559
HU,D00560,Dealer_560
NL,D00561,Dealer_561
DE,D00562,Dealer_562
FR,D00563,Dealer_563
HU,D00564,Dealer_564
NL,D00565,Dealer_565
DE,D00566,Dealer_566
FR,D00567,Dealer_567
HU,D00568,Dealer_568
NL,D00569,Dealer_569
DE,D00570,Dealer_570
FR,D00571,Dealer_571
HU,D00572,Dealer_572
NL,D00573,Dealer_573
DE,D00574,Dealer_574
FR,D00575,Dealer_575
HU,D00576,Dealer_576
NL,D00577,Dealer_577
DE,D00578,Dealer_578
FR,D00579,Dealer_579
HU,D00580,Dealer_580
NL,D00581,Dealer_581
DE,D00582,Dealer_582
FR,D00583,Dealer_583
HU,D00584,Dealer_584
NL,D00585,Dealer_585
DE,D00586,Dealer_586
FR,D00587,Dealer_587
HU,D00588,Dealer_588
NL,D00589,Dealer_589
DE,D00590,Dealer_590
FR,D00591,Dealer_591
HU,D00592,Dealer_592
NL,D00593,Dealer_593
DE,D00594,Dealer_594
FR,D00595,Dealer_595
HU,D00596,Dealer_596
NL,D00597,Dealer_597
DE,D00598,Dealer_598
FR,D00599,Dealer_599
HU,D00600,Dealer_600
NL,D00601,Dealer_601
DE,D00602,Dealer_602
FR,D00603,Dealer_603
HU,D00604,Dealer_604
NL,D00605,Dealer_605
DE,D00606,Dealer_606
FR,D00607,Dealer_607
HU,D00608,Dealer_608
NL,D00609,Dealer_609
DE,D00610,Dealer_610
FR,D00611,Dealer_611
HU,D00612,Dealer_612
NL,D00613,Dealer_613
DE,D00614,Dealer_614
FR,D00615,Dealer_615
HU,D00616,Dealer_616
NL,D00617,Dealer_617
DE,D00618,Dealer_618
FR,D00619,Dealer_619
HU,D00620,Dealer_620
NL,D00621,Dealer_621
DE,D00622,Dealer_622
FR,D00623,Dealer_623
HU,D00624,Dealer_624
NL,D00625,Dealer_625
DE,D00626,Dealer_626
FR,D00627,Dealer_627
HU,D00628,Dealer_628
NL,D00629,Dealer_629
DE,D00630,Dealer_630
FR,D00631,Dealer_631
HU,D00632,Dealer_632
NL,D00633,Dealer_633
DE,D00634,Dealer_634
FR,D00635,Dealer_635
HU,D00636,Dealer_636
NL,D00637,Dealer_637
DE,D00638,Dealer_638
FR,D00639,Dealer_639
HU,D00640,Dealer_640
NL,D00641,Dealer_641
DE,D00642,Dealer_642
FR,D00643,Dealer_643
HU,D00644,Dealer_644
NL,D00645,Dealer_645
DE,D00646,Dealer_646
FR,D00647,Dealer_647
HU,D00648,Dealer_648
NL,D00649,Dealer_649
DE,D00650,Dealer_650
FR,D00651,Dealer_651
HU,D00652,Dealer_652
NL,D00653,Dealer_653
DE,D00654,Dealer_654
FR,D00655,Dealer_655
HU,D00656,Dealer_656
NL,D00657,Dealer_657
DE,D00658,Dealer_658
FR,D00659,Dealer_659
HU,D00660,Dealer_660
NL,D00661,Dealer_661
DE,D00662,Dealer_662
FR,D00663,Dealer_663
HU,D00664,Dealer_664
NL,D00665,Dealer_665
DE,D00666,Dealer_666
FR,D00667,Dealer_667
HU,D00668,Dealer_668
NL,D00669,Dealer_669
DE,D00670,Dealer_670
FR,D00671,Dealer_671
HU,D00672,Dealer_672
NL,D00673,Dealer_673
DE,D00674,Dealer_674
FR,D00675,Dealer_675
HU,D00676,Dealer_676
NL,D00677,Dealer_677
DE,D00678,Dealer_678
FR,D00679,Dealer_679
HU,D00680,Dealer_680
NL,D00681,Dealer_681
DE,D00682,Dealer_682
FR,D00683,Dealer_683
HU,D00684,Dealer_684
NL,D00685,Dealer_685
DE,D00686,Dealer_686
FR,D00687,Dealer_687
HU,D00688,Dealer_688
NL,D00689,Dealer_689
DE,D00690,Dealer_690
FR,D00691,Dealer_691
HU,D00692,Dealer_692
NL,D00693,Dealer_693
DE,D00694,Dealer_694
FR,D00695,Dealer_695
HU,D00696,Dealer_696
NL,D00697,Dealer_697
DE,D00698,Dealer_698
FR,D00699,Dealer_699
HU,D00700,Dealer_700
NL,D00701,Dealer_701
DE,D00702,Dealer_702
FR,D00703,Dealer_703
HU,D00704,Dealer_704
NL,D00705,Dealer_705
DE,D00706,Dealer_706
FR,D00707,Dealer_707
HU,D00708,Dealer_708
NL,D00709,Dealer_709
DE,D00710,Dealer_710
FR,D00711,Dealer_711
HU,D00712,Dealer_712
NL,D00713,Dealer_713
DE,D00714,Dealer_714
FR,D00715,Dealer_715
HU,D00716,Dealer_716
NL,D00717,Dealer_717
DE,D00718,Dealer_718
FR,D00719,Dealer_719
HU,D00720,Dealer_720
NL,D00721,Dealer_721
DE,D00722,Dealer_722
FR,D00723,Dealer_723
HU,D00724,Dealer_724
NL,D00725,Dealer_725
DE,D00726,Dealer_726
FR,D00727,Dealer_727
HU,D00728,Dealer_728
NL,D00729,Dealer_729
DE,D00730,Dealer_730
FR,D00731,Dealer_731
HU,D00732,Dealer_732
NL,D00733,Dealer_733
DE,D00734,Dealer_734
FR,D00735,Dealer_735
HU,D00736,Dealer_736
NL,D00737,Dealer_737
DE,D00738,Dealer_738
FR,D00739,Dealer_739
HU,D00740,Dealer_740
NL,D00741,Dealer_741
DE,D00742,Dealer_742
FR,D00743,Dealer_743
HU,D00744,Dealer_744
NL,D00745,Dealer_745
DE,D00746,Dealer_746
FR,D00747,Dealer_747
HU,D00748,Dealer_748
NL,D00749,Dealer_749
DE,D00750,Dealer_750
FR,D00751,Dealer_751
HU,D00752,Dealer_752
NL,D00753,Dealer_753
DE,D00754,Dealer_754
FR,D00755,Dealer_755
HU,D00756,Dealer_756
NL,D00757,Dealer_757
DE,D00758,Dealer_758
FR,D00759,Dealer_759
HU,D00760,Dealer_760
NL,D00761,Dealer_761
DE,D00762,Dealer_762
FR,D00763,Dealer_763
HU,D00764,Dealer_764
NL,D00765,Dealer_765
DE,D00766,Dealer_766
FR,D00767,Dealer_767
HU,D00768,Dealer_768
NL,D00769,Dealer_769
DE,D00770,Dealer_770
FR,D00771,Dealer_771
HU,D00772,Dealer_772
NL,D00773,Dealer_773
DE,D00774,Dealer_774
FR,D00775,Dealer_775
HU,D00776,Dealer_776
NL,D00777,Dealer_777
DE,D00778,Dealer_778
FR,D00779,Dealer_779
HU,D00780,Dealer_780
NL,D00781,Dealer_781
DE,D00782,Dealer_782
FR,D00783,Dealer_783
HU,D00784,Dealer_784
NL,D00785,Dealer_785
DE,D00786,Dealer_786
FR,D00787,Dealer_787
HU,D00788,Dealer_788
NL,D00789,Dealer_789
DE,D00790,Dealer_790
FR,D00791,Dealer_791
HU,D00792,Dealer_792
NL,D00793,Dealer_793
DE,D00794,Dealer_794
FR,D00795,Dealer_795
HU,D00796,Dealer_796
NL,D00797,Dealer_797
DE,D00798,Dealer_798
FR,D00799,Dealer_799
HU,D00800,Dealer_800
NL,D00801,Dealer_801
DE,D00802,Dealer_802
FR,D00803,Dealer_803
HU,D00804,Dealer_804
NL,D00805,Dealer_805
DE,D00806,Dealer_806
FR,D00807,Dealer_807
HU,D00808,Dealer_808
NL,D00809,Dealer_809
DE,D00810,Dealer_810
FR,D00811,Dealer_811
HU,D00812,Dealer_812
NL,D00813,Dealer_813
DE,D00814,Dealer_814
FR,D00815,Dealer_815
HU,D00816,Dealer_816
NL,D00817,Dealer_817
DE,D00818,Dealer_818
FR,D00819,Dealer_819
HU,D00820,Dealer_820
NL,D00821,Dealer_821
DE,D00822,Dealer_822
FR,D00823,Dealer_823
HU,D00824,Dealer_824
NL,D00825,Dealer_825
DE,D00826,Dealer_826
FR,D00827,Dealer_827
HU,D00828,Dealer_828
NL,D00829,Dealer_829
DE,D00830,Dealer_830
FR,D00831,Dealer_831
HU,D00832,Dealer_832
NL,D00833,Dealer_833
DE,D00834,Dealer_834
FR,D00835,Dealer_835
HU,D00836,Dealer_836
NL,D00837,Dealer_837
DE,D00838,Dealer_838
FR,D00839,Dealer_839
HU,D00840,Dealer_840
NL,D00841,Dealer_841
DE,D00842,Dealer_842
FR,D00843,Dealer_843
HU,D00844,Dealer_844
NL,D00845,Dealer_845
DE,D00846,Dealer_846
FR,D00847,Dealer_847
HU,D00848,Dealer_848
NL,D00849,Dealer_849
DE,D00850,Dealer_850
FR,D00851,Dealer_851
HU,D00852,Dealer_852
NL,D00853,Dealer_853
DE,D00854,Dealer_854
FR,D00855,Dealer_855
HU,D00856,Dealer_856
NL,D00857,Dealer_857
DE,D00858,Dealer_858
FR,D00859,Dealer_859
HU,D00860,Dealer_860
NL,D00861,Dealer_861
DE,D00862,Dealer_862
FR,D00863,Dealer_863
HU,D00864,Dealer_864
NL,D00865,Dealer_865
DE,D00866,Dealer_866
FR,D00867,Dealer_867
HU,D00868,Dealer_868
NL,D00869,Dealer_869
DE,D00870,Dealer_870
FR,D00871,Dealer_871
HU,D00872,Dealer_872
NL,D00873,Dealer_873
DE,D00874,Dealer_874
FR,D00875,Dealer_875
HU,D00876,Dealer_876
NL,D00877,Dealer_877
DE,D00878,Dealer_878
FR,D00879,Dealer_879
HU,D00880,Dealer_880
NL,D00881,Dealer_881
DE,D00882,Dealer_882
FR,D00883,Dealer_883
HU,D00884,Dealer_884
NL,D00885,Dealer_885
DE,D00886,Dealer_886
FR,D00887,Dealer_887
HU,D00888,Dealer_888
NL,D00889,Dealer_889
DE,D00890,Dealer_890
FR,D00891,Dealer_891
HU,D00892,Dealer_892
NL,D00893,Dealer_893
DE,D00894,Dealer_894
FR,D00895,Dealer_895
HU,D00896,Dealer_896
NL,D00897,Dealer_897
DE,D00898,Dealer_898
FR,D00899,Dealer_899
HU,D00900,Dealer_900
NL,D00901,Dealer_901
DE,D00902,Dealer_902
FR,D00903,Dealer_903
HU,D00904,Dealer_904
NL,D00905,Dealer_905
DE,D00906,Dealer_906
FR,D00907,Dealer_907
HU,D00908,Dealer_908
NL,D00909,Dealer_909
DE,D00910,Dealer_910
FR,D00911,Dealer_911
HU,D00912,Dealer_912
NL,D00913,Dealer_913
DE,D00914,Dealer_914
FR,D00915,Dealer_915
HU,D00916,Dealer_916
NL,D00917,Dealer_917
DE,D00918,Dealer_918
FR,D00919,Dealer_919
HU,D00920,Dealer_920
NL,D00921,Dealer_921
DE,D00922,Dealer_922
FR,D00923,Dealer_923
HU,D00924,Dealer_924
NL,D00925,Dealer_925
DE,D00926,Dealer_926
FR,D00927,Dealer_927
HU,D00928,Dealer_928
NL,D00929,Dealer_929
DE,D00930,Dealer_930
FR,D00931,Dealer_931
HU,D00932,Dealer_932
NL,D00933,Dealer_933
DE,D00934,Dealer_934
FR,D00935,Dealer_935
HU,D00936,Dealer_936
NL,D00937,Dealer_937
DE,D00938,Dealer_938
FR,D00939,Dealer_939
HU,D00940,Dealer_940
NL,D00941,Dealer_941
DE,D00942,Dealer_942
FR,D00943,Dealer_943
HU,D00944,Dealer_944
NL,D00945,Dealer_945
DE,D00946,Dealer_946
FR,D00947,Dealer_947
HU,D00948,Dealer_948
NL,D00949,Dealer_949
DE,D00950,Dealer_950
FR,D00951,Dealer_951
HU,D00952,Dealer_952
NL,D00953,Dealer_953
DE,D00954,Dealer_954
FR,D00955,Dealer_955
HU,D00956,Dealer_956
NL,D00957,Dealer_957
DE,D00958,Dealer_958
FR,D00959,Dealer_959
HU,D00960,Dealer_960
NL,D00961,Dealer_961
DE,D00962,Dealer_962
FR,D00963,Dealer_963
HU,D00964,Dealer_964
NL,D00965,Dealer_965
DE,D00966,Dealer_966
FR,D00967,Dealer_967
HU,D00968,Dealer_968
NL,D00969,Dealer_969
DE,D00970,Dealer_970
FR,D00971,Dealer_971
HU,D00972,Dealer_972
NL,D00973,Dealer_973
DE,D00974,Dealer_974
FR,D00975,Dealer_975
HU,D00976,Dealer_976
NL,D00977,Dealer_977
DE,D00978,Dealer_978
FR,D00979,Dealer_979
HU,D00980,Dealer_980
NL,D00981,Dealer_981
DE,D00982,Dealer_982
FR,D00983,Dealer_983
HU,D00984,Dealer_984
NL,D00985,Dealer_985
DE,D00986,Dealer_986
FR,D00987,Dealer_987
HU,D00988,Dealer_988
NL,D00989,Dealer_989
DE,D00990,Dealer_990
FR,D00991,Dealer_991
HU,D00992,Dealer_992
NL,D00993,Dealer_993
DE,D00994,Dealer_994
FR,D00995,Dealer_995
HU,D00996,Dealer_996
NL,D00997,Dealer_997
DE,D00998,Dealer_998
FR,D00999,Dealer_999
HU,D01000,Dealer_1000
NL,D01001,Dealer_1001
DE,D01002,Dealer_1002
FR,D01003,Dealer_1003
HU,D01004,Dealer_1004
NL,D01005,Dealer_1005
DE,D01006,Dealer_1006
FR,D01007,Dealer_1007
HU,D01008,Dealer_1008
NL,D01009,Dealer_1009
DE,D01010,Dealer_1010
FR,D01011,Dealer_1011
HU,D01012,Dealer_1012
NL,D01013,Dealer_1013
DE,D01014,Dealer_1014
FR,D01015,Dealer_1015
HU,D01016,Dealer_1016
NL,D01017,Dealer_1017
DE,D01018,Dealer_1018
FR,D01019,Dealer_1019
HU,D01020,Dealer_1020
NL,D01021,Dealer_1021
DE,D01022,Dealer_1022
FR,D01023,Dealer_1023
HU,D01024,Dealer_1024
NL,D01025,Dealer_1025
DE,D01026,Dealer_1026
FR,D01027,Dealer_1027
HU,D01028,Dealer_1028
NL,D01029,Dealer_1029
DE,D01030,Dealer_1030
FR,D01031,Dealer_1031
HU,D01032,Dealer_1032
NL,D01033,Dealer_1033
DE,D01034,Dealer_1034
FR,D01035,Dealer_1035
HU,D01036,Dealer_1036
NL,D01037,Dealer_1037
DE,D01038,Dealer_1038
FR,D01039,Dealer_1039
HU,D01040,Dealer_1040
NL,D01041,Dealer_1041
DE,D01042,Dealer_1042
FR,D01043,Dealer_1043
HU,D01044,Dealer_1044
NL,D01045,Dealer_1045
DE,D01046,Dealer_1046
FR,D01047,Dealer_1047
HU,D01048,Dealer_1048
NL,D01049,Dealer_1049
DE,D01050,Dealer_1050
FR,D01051,Dealer_1051
HU,D01052,Dealer_1052
NL,D01053,Dealer_1053
DE,D01054,Dealer_1054
FR,D01055,Dealer_1055
HU,D01056,Dealer_1056
NL,D01057,Dealer_1057
DE,D01058,Dealer_1058
FR,D01059,Dealer_1059
HU,D01060,Dealer_1060
NL,D01061,Dealer_1061
DE,D01062,Dealer_1062
FR,D01063,Dealer_1063
HU,D01064,Dealer_1064
NL,D01065,Dealer_1065
DE,D01066,Dealer_1066
FR,D01067,Dealer_1067
HU,D01068,Dealer_1068
NL,D01069,Dealer_1069
DE,D01070,Dealer_1070
FR,D01071,Dealer_1071
HU,D01072,Dealer_1072
NL,D01073,Dealer_1073
DE,D01074,Dealer_1074
FR,D01075,Dealer_1075
HU,D01076,Dealer_1076
NL,D01077,Dealer_1077
DE,D01078,Dealer_1078
FR,D01079,Dealer_1079
HU,D01080,Dealer_1080
NL,D01081,Dealer_1081
DE,D01082,Dealer_1082
FR,D01083,Dealer_1083
HU,D01084,Dealer_1084
NL,D01085,Dealer_1085
DE,D01086,Dealer_1086
FR,D01087,Dealer_1087
HU,D01088,Dealer_1088
NL,D01089,Dealer_1089
DE,D01090,Dealer_1090
FR,D01091,Dealer_1091
HU,D01092,Dealer_1092
NL,D01093,Dealer_1093
DE,D01094,Dealer_1094
FR,D01095,Dealer_1095
HU,D01096,Dealer_1096
NL,D01097,Dealer_1097
DE,D01098,Dealer_1098
FR,D01099,Dealer_1099
HU,D01100,Dealer_1100
NL,D01101,Dealer_1101
DE,D01102,Dealer_1102
FR,D01103,Dealer_1103
HU,D01104,Dealer_1104
NL,D01105,Dealer_1105
DE,D01106,Dealer_1106
FR,D01107,Dealer_1107
HU,D01108,Dealer_1108
NL,D01109,Dealer_1109
DE,D01110,Dealer_1110
FR,D01111,Dealer_1111
HU,D01112,Dealer_1112
NL,D01113,Dealer_1113
DE,D01114,Dealer_1114
FR,D01115,Dealer_1115
HU,D01116,Dealer_1116
NL,D01117,Dealer_1117
DE,D01118,Dealer_1118
FR,D01119,Dealer_1119
HU,D01120,Dealer_1120
NL,D01121,Dealer_1121
DE,D01122,Dealer_1122
FR,D01123,Dealer_1123
HU,D01124,Dealer_1124
NL,D01125,Dealer_1125
DE,D01126,Dealer_1126
FR,D01127,Dealer_1127
HU,D01128,Dealer_1128
NL,D01129,Dealer_1129
DE,D01130,Dealer_1130
FR,D01131,Dealer_1131
HU,D01132,Dealer_1132
NL,D01133,Dealer_1133
DE,D01134,Dealer_1134
FR,D01135,Dealer_1135
HU,D01136,Dealer_1136
NL,D01137,Dealer_1137
DE,D01138,Dealer_1138
FR,D01139,Dealer_1139
HU,D01140,Dealer_1140
NL,D01141,Dealer_1141
DE,D01142,Dealer_1142
FR,D01143,Dealer_1143
HU,D01144,Dealer_1144
NL,D01145,Dealer_1145
DE,D01146,Dealer_1146
FR,D01147,Dealer_1147
HU,D01148,Dealer_1148
NL,D01149,Dealer_1149
DE,D01150,Dealer_1150
FR,D01151,Dealer_1151
HU,D01152,Dealer_1152
NL,D01153,Dealer_1153
DE,D01154,Dealer_1154
FR,D01155,Dealer_1155
HU,D01156,Dealer_1156
NL,D01157,Dealer_1157
DE,D01158,Dealer_1158
FR,D01159,Dealer_1159
HU,D01160,Dealer_1160
NL,D01161,Dealer_1161
DE,D01162,Dealer_1162
FR,D01163,Dealer_1163
HU,D01164,Dealer_1164
NL,D01165,Dealer_1165
DE,D01166,Dealer_1166
FR,D01167,Dealer_1167
HU,D01168,Dealer_1168
NL,D01169,Dealer_1169
DE,D01170,Dealer_1170
FR,D01171,Dealer_1171
HU,D01172,Dealer_1172
NL,D01173,Dealer_1173
DE,D01174,Dealer_1174
FR,D01175,Dealer_1175
HU,D01176,Dealer_1176
NL,D01177,Dealer_1177
DE,D01178,Dealer_1178
FR,D01179,Dealer_1179
HU,D01180,Dealer_1180
NL,D01181,Dealer_1181
DE,D01182,Dealer_1182
FR,D01183,Dealer_1183
HU,D01184,Dealer_1184
NL,D01185,Dealer_1185
DE,D01186,Dealer_1186
FR,D01187,Dealer_1187
HU,D01188,Dealer_1188
NL,D01189,Dealer_1189
DE,D01190,Dealer_1190
FR,D01191,Dealer_1191
HU,D01192,Dealer_1192
NL,D01193,Dealer_1193
DE,D01194,Dealer_1194
FR,D01195,Dealer_1195
HU,D01196,Dealer_1196
NL,D01197,Dealer_1197
DE,D01198,Dealer_1198
FR,D01199,Dealer_1199
HU,D01200,Dealer_1200
NL,D01201,Dealer_1201
DE,D01202,Dealer_1202
FR,D01203,Dealer_1203
HU,D01204,Dealer_1204
NL,D01205,Dealer_1205
DE,D01206,Dealer_1206
FR,D01207,Dealer_1207
HU,D01208,Dealer_1208
NL,D01209,Dealer_1209
DE,D01210,Dealer_1210
FR,D01211,Dealer_1211
HU,D01212,Dealer_1212
NL,D01213,Dealer_1213
DE,D01214,Dealer_1214
FR,D01215,Dealer_1215
HU,D01216,Dealer_1216
NL,D01217,Dealer_1217
DE,D01218,Dealer_1218
FR,D01219,Dealer_1219
HU,D01220,Dealer_1220
NL,D01221,Dealer_1221
DE,D01222,Dealer_1222
FR,D01223,Dealer_1223
HU,D01224,Dealer_1224
NL,D01225,Dealer_1225
DE,D01226,Dealer_1226
FR,D01227,Dealer_1227
HU,D01228,Dealer_1228
NL,D01229,Dealer_1229
DE,D01230,Dealer_1230
FR,D01231,Dealer_1231
HU,D01232,Dealer_1232
NL,D01233,Dealer_1233
DE,D01234,Dealer_1234
FR,D01235,Dealer_1235
HU,D01236,Dealer_1236
NL,D01237,Dealer_1237
DE,D01238,Dealer_1238
FR,D01239,Dealer_1239
HU,D01240,Dealer_1240
NL,D01241,Dealer_1241
DE,D01242,Dealer_1242
FR,D01243,Dealer_1243
HU,D01244,Dealer_1244
NL,D01245,Dealer_1245
DE,D01246,Dealer_1246
FR,D01247,Dealer_1247
HU,D01248,Dealer_1248
NL,D01249,Dealer_1249
DE,D01250,Dealer_1250
FR,D01251,Dealer_1251
HU,D01252,Dealer_1252
NL,D01253,Dealer_1253
DE,D01254,Dealer_1254
FR,D01255,Dealer_1255
HU,D01256,Dealer_1256
NL,D01257,Dealer_1257
DE,D01258,Dealer_1258
FR,D01259,Dealer_1259
HU,D01260,Dealer_1260
NL,D01261,Dealer_1261
DE,D01262,Dealer_1262
FR,D01263,Dealer_1263
HU,D01264,Dealer_1264
NL,D01265,Dealer_1265
DE,D01266,Dealer_1266
FR,D01267,Dealer_1267
HU,D01268,Dealer_1268
NL,D01269,Dealer_1269
DE,D01270,Dealer_1270
FR,D01271,Dealer_1271
HU,D01272,Dealer_1272
NL,D01273,Dealer_1273
DE,D01274,Dealer_1274
FR,D01275,Dealer_1275
HU,D01276,Dealer_1276
NL,D01277,Dealer_1277
DE,D01278,Dealer_1278
FR,D01279,Dealer_1279
HU,D01280,Dealer_1280
NL,D01281,Dealer_1281
DE,D01282,Dealer_1282
FR,D01283,Dealer_1283
HU,D01284,Dealer_1284
NL,D01285,Dealer_1285
DE,D01286,Dealer_1286
FR,D01287,Dealer_1287
HU,D01288,Dealer_1288
NL,D01289,Dealer_1289
DE,D01290,Dealer_1290
FR,D01291,Dealer_1291
HU,D01292,Dealer_1292
NL,D01293,Dealer_1293
DE,D01294,Dealer_1294
FR,D01295,Dealer_1295
HU,D01296,Dealer_1296
NL,D01297,Dealer_1297
DE,D01298,Dealer_1298
FR,D01299,Dealer_1299
HU,D01300,Dealer_1300
NL,D01301,Dealer_1301
DE,D01302,Dealer_1302
FR,D01303,Dealer_1303
HU,D01304,Dealer_1304
NL,D01305,Dealer_1305
DE,D01306,Dealer_1306
FR,D01307,Dealer_1307
HU,D01308,Dealer_1308
NL,D01309,Dealer_1309
DE,D01310,Dealer_1310
FR,D01311,Dealer_1311
HU,D01312,Dealer_1312
NL,D01313,Dealer_1313
DE,D01314,Dealer_1314
FR,D01315,Dealer_1315
HU,D01316,Dealer_1316
NL,D01317,Dealer_1317
DE,D01318,Dealer_1318
FR,D01319,Dealer_1319
HU,D01320,Dealer_1320
NL,D01321,Dealer_1321
DE,D01322,Dealer_1322
FR,D01323,Dealer_1323
HU,D01324,Dealer_1324
NL,D01325,Dealer_1325
DE,D01326,Dealer_1326
FR,D01327,Dealer_1327
HU,D01328,Dealer_1328
NL,D01329,Dealer_1329
DE,D01330,Dealer_1330
FR,D01331,Dealer_1331
HU,D01332,Dealer_1332
NL,D01333,Dealer_1333
DE,D01334,Dealer_1334
FR,D01335,Dealer_1335
HU,D01336,Dealer_1336
NL,D01337,Dealer_1337
DE,D01338,Dealer_1338
FR,D01339,Dealer_1339
HU,D01340,Dealer_1340
NL,D01341,Dealer_1341
DE,D01342,Dealer_1342
FR,D01343,Dealer_1343
HU,D01344,Dealer_1344
NL,D01345,Dealer_1345
DE,D01346,Dealer_1346
FR,D01347,Dealer_1347
HU,D01348,Dealer_1348
NL,D01349,Dealer_1349
DE,D01350,Dealer_1350
FR,D01351,Dealer_1351
HU,D01352,Dealer_1352
NL,D01353,Dealer_1353
DE,D01354,Dealer_1354
FR,D01355,Dealer_1355
HU,D01356,Dealer_1356
NL,D01357,Dealer_1357
DE,D01358,Dealer_1358
FR,D01359,Dealer_1359
HU,D01360,Dealer_1360
NL,D01361,Dealer_1361
DE,D01362,Dealer_1362
FR,D01363,Dealer_1363
HU,D01364,Dealer_1364
NL,D01365,Dealer_1365
DE,D01366,Dealer_1366
FR,D01367,Dealer_1367
HU,D01368,Dealer_1368
NL,D01369,Dealer_1369
DE,D01370,Dealer_1370
FR,D01371,Dealer_1371
HU,D01372,Dealer_1372
NL,D01373,Dealer_1373
DE,D01374,Dealer_1374
FR,D01375,Dealer_1375
HU,D01376,Dealer_1376
NL,D01377,Dealer_1377
DE,D01378,Dealer_1378
FR,D01379,Dealer_1379
HU,D01380,Dealer_1380
NL,D01381,Dealer_1381
DE,D01382,Dealer_1382
FR,D01383,Dealer_1383
HU,D01384,Dealer_1384
NL,D01385,Dealer_1385
DE,D01386,Dealer_1386
FR,D01387,Dealer_1387
HU,D01388,Dealer_1388
NL,D01389,Dealer_1389
DE,D01390,Dealer_1390
FR,D01391,Dealer_1391
HU,D01392,Dealer_1392
NL,D01393,Dealer_1393
DE,D01394,Dealer_1394
FR,D01395,Dealer_1395
HU,D01396,Dealer_1396
NL,D01397,Dealer_1397
DE,D01398,Dealer_1398
FR,D01399,Dealer_1399
HU,D01400,Dealer_1400
NL,D01401,Dealer_1401
DE,D01402,Dealer_1402
FR,D01403,Dealer_1403
HU,D01404,Dealer_1404
NL,D01405,Dealer_1405
DE,D01406,Dealer_1406
FR,D01407,Dealer_1407
HU,D01408,Dealer_1408
NL,D01409,Dealer_1409
DE,D01410,Dealer_1410
FR,D01411,Dealer_1411
HU,D01412,Dealer_1412
NL,D01413,Dealer_1413
DE,D01414,Dealer_1414
FR,D01415,Dealer_1415
HU,D01416,Dealer_1416
NL,D01417,Dealer_1417
DE,D01418,Dealer_1418
FR,D01419,Dealer_1419
HU,D01420,Dealer_1420
NL,D01421,Dealer_1421
DE,D01422,Dealer_1422
FR,D01423,Dealer_1423
HU,D01424,Dealer_1424
NL,D01425,Dealer_1425
DE,D01426,Dealer_1426
FR,D01427,Dealer_1427
HU,D01428,Dealer_1428
NL,D01429,Dealer_1429
DE,D01430,Dealer_1430
FR,D01431,Dealer_1431
HU,D01432,Dealer_1432
NL,D01433,Dealer_1433
DE,D01434,Dealer_1434
FR,D01435,Dealer_1435
HU,D01436,Dealer_1436
NL,D01437,Dealer_1437
DE,D01438,Dealer_1438
FR,D01439,Dealer_1439
HU,D01440,Dealer_1440
NL,D01441,Dealer_1441
DE,D01442,Dealer_1442
FR,D01443,Dealer_1443
HU,D01444,Dealer_1444
NL,D01445,Dealer_1445
DE,D01446,Dealer_1446
FR,D01447,Dealer_1447
HU,D01448,Dealer_1448
NL,D01449,Dealer_1449
DE,D01450,Dealer_1450
FR,D01451,Dealer_1451
HU,D01452,Dealer_1452
NL,D01453,Dealer_1453
DE,D01454,Dealer_1454
FR,D01455,Dealer_1455
HU,D01456,Dealer_1456
NL,D01457,Dealer_1457
DE,D01458,Dealer_1458
FR,D01459,Dealer_1459
HU,D01460,Dealer_1460
NL,D01461,Dealer_1461
DE,D01462,Dealer_1462
FR,D01463,Dealer_1463
HU,D01464,Dealer_1464
NL,D01465,Dealer_1465
DE,D01466,Dealer_1466
FR,D01467,Dealer_1467
HU,D01468,Dealer_1468
NL,D01469,Dealer_1469
DE,D01470,Dealer_1470
FR,D01471,Dealer_1471
HU,D01472,Dealer_1472
NL,D01473,Dealer_1473
DE,D01474,Dealer_1474
FR,D01475,Dealer_1475
HU,D01476,Dealer_1476
NL,D01477,Dealer_1477
DE,D01478,Dealer_1478
FR,D01479,Dealer_1479
HU,D01480,Dealer_1480
NL,D01481,Dealer_1481
DE,D01482,Dealer_1482
FR,D01483,Dealer_1483
HU,D01484,Dealer_1484
NL,D01485,Dealer_1485
DE,D01486,Dealer_1486
FR,D01487,Dealer_1487
HU,D01488,Dealer_1488
NL,D01489,Dealer_1489
DE,D01490,Dealer_1490
FR,D01491,Dealer_1491
HU,D01492,Dealer_1492
NL,D01493,Dealer_1493
DE,D01494,Dealer_1494
FR,D01495,Dealer_1495
HU,D01496,Dealer_1496
NL,D01497,Dealer_1497
DE,D01498,Dealer_1498
FR,D01499,Dealer_1499
HU,D01500,Dealer_1500
NL,D01501,Dealer_1501
DE,D01502,Dealer_1502
FR,D01503,Dealer_1503
HU,D01504,Dealer_1504
NL,D01505,Dealer_1505
DE,D01506,Dealer_1506
FR,D01507,Dealer_1507
HU,D01508,Dealer_1508
NL,D01509,Dealer_1509
DE,D01510,Dealer_1510
FR,D01511,Dealer_1511
HU,D01512,Dealer_1512
NL,D01513,Dealer_1513
DE,D01514,Dealer_1514
FR,D01515,Dealer_1515
HU,D01516,Dealer_1516
NL,D01517,Dealer_1517
DE,D01518,Dealer_1518
FR,D01519,Dealer_1519
HU,D01520,Dealer_1520
NL,D01521,Dealer_1521
DE,D01522,Dealer_1522
FR,D01523,Dealer_1523
HU,D01524,Dealer_1524
NL,D01525,Dealer_1525
DE,D01526,Dealer_1526
FR,D01527,Dealer_1527
HU,D01528,Dealer_1528
NL,D01529,Dealer_1529
DE,D01530,Dealer_1530
FR,D01531,Dealer_1531
HU,D01532,Dealer_1532
NL,D01533,Dealer_1533
DE,D01534,Dealer_1534
FR,D01535,Dealer_1535
HU,D01536,Dealer_1536
NL,D01537,Dealer_1537
DE,D01538,Dealer_1538
FR,D01539,Dealer_1539
HU,D01540,Dealer_1540
NL,D01541,Dealer_1541
DE,D01542,Dealer_1542
FR,D01543,Dealer_1543
HU,D01544,Dealer_1544
NL,D01545,Dealer_1545
DE,D01546,Dealer_1546
FR,D01547,Dealer_1547
HU,D01548,Dealer_1548
NL,D01549,Dealer_1549
DE,D01550,Dealer_1550
FR,D01551,Dealer_1551
HU,D01552,Dealer_1552
NL,D01553,Dealer_1553
DE,D01554,Dealer_1554
FR,D01555,Dealer_1555
HU,D01556,Dealer_1556
NL,D01557,Dealer_1557
DE,D01558,Dealer_1558
FR,D01559,Dealer_1559
HU,D01560,Dealer_1560
NL,D01561,Dealer_1561
DE,D01562,Dealer_1562
FR,D01563,Dealer_1563
HU,D01564,Dealer_1564
NL,D01565,Dealer_1565
DE,D01566,Dealer_1566
FR,D01567,Dealer_1567
HU,D01568,Dealer_1568
NL,D01569,Dealer_1569
DE,D01570,Dealer_1570
FR,D01571,Dealer_1571
HU,D01572,Dealer_1572
NL,D01573,Dealer_1573
DE,D01574,Dealer_1574
FR,D01575,Dealer_1575
HU,D01576,Dealer_1576
NL,D01577,Dealer_1577
DE,D01578,Dealer_1578
FR,D01579,Dealer_1579
HU,D01580,Dealer_1580
NL,D01581,Dealer_1581
DE,D01582,Dealer_1582
FR,D01583,Dealer_1583
HU,D01584,Dealer_1584
NL,D01585,Dealer_1585
DE,D01586,Dealer_1586
FR,D01587,Dealer_1587
HU,D01588,Dealer_1588
NL,D01589,Dealer_1589
DE,D01590,Dealer_1590
FR,D01591,Dealer_1591
HU,D01592,Dealer_1592
NL,D01593,Dealer_1593
DE,D01594,Dealer_1594
FR,D01595,Dealer_1595
HU,D01596,Dealer_1596
NL,D01597,Dealer_1597
DE,D01598,Dealer_1598
FR,D01599,Dealer_1599
HU,D01600,Dealer_1600
NL,D01601,Dealer_1601
DE,D01602,Dealer_1602
FR,D01603,Dealer_1603
HU,D01604,Dealer_1604
NL,D01605,Dealer_1605
DE,D01606,Dealer_1606
FR,D01607,Dealer_1607
HU,D01608,Dealer_1608
NL,D01609,Dealer_1609
DE,D01610,Dealer_1610
FR,D01611,Dealer_1611
HU,D01612,Dealer_1612
NL,D01613,Dealer_1613
DE,D01614,Dealer_1614
FR,D01615,Dealer_1615
HU,D01616,Dealer_1616
NL,D01617,Dealer_1617
DE,D01618,Dealer_1618
FR,D01619,Dealer_1619
HU,D01620,Dealer_1620
NL,D01621,Dealer_1621
DE,D01622,Dealer_1622
FR,D01623,Dealer_1623
HU,D01624,Dealer_1624
NL,D01625,Dealer_1625
DE,D01626,Dealer_1626
FR,D01627,Dealer_1627
HU,D01628,Dealer_1628
NL,D01629,Dealer_1629
DE,D01630,Dealer_1630
FR,D01631,Dealer_1631
HU,D01632,Dealer_1632
NL,D01633,Dealer_1633
DE,D01634,Dealer_1634
FR,D01635,Dealer_1635
HU,D01636,Dealer_1636
NL,D01637,Dealer_1637
DE,D01638,Dealer_1638
FR,D01639,Dealer_1639
HU,D01640,Dealer_1640
NL,D01641,Dealer_1641
DE,D01642,Dealer_1642
FR,D01643,Dealer_1643
HU,D01644,Dealer_1644
NL,D01645,Dealer_1645
DE,D01646,Dealer_1646
FR,D01647,Dealer_1647
HU,D01648,Dealer_1648
NL,D01649,Dealer_1649
DE,D01650,Dealer_1650
FR,D01651,Dealer_1651
HU,D01652,Dealer_1652
NL,D01653,Dealer_1653
DE,D01654,Dealer_1654
FR,D01655,Dealer_1655
HU,D01656,Dealer_1656
NL,D01657,Dealer_1657
DE,D01658,Dealer_1658
FR,D01659,Dealer_1659
HU,D01660,Dealer_1660
NL,D01661,Dealer_1661
DE,D01662,Dealer_1662
FR,D01663,Dealer_1663
HU,D01664,Dealer_1664
NL,D01665,Dealer_1665
DE,D01666,Dealer_1666
FR,D01667,Dealer_1667
HU,D01668,Dealer_1668
NL,D01669,Dealer_1669
DE,D01670,Dealer_1670
FR,D01671,Dealer_1671
HU,D01672,Dealer_1672
NL,D01673,Dealer_1673
DE,D01674,Dealer_1674
FR,D01675,Dealer_1675
HU,D01676,Dealer_1676
NL,D01677,Dealer_1677
DE,D01678,Dealer_1678
FR,D01679,Dealer_1679
HU,D01680,Dealer_1680
NL,D01681,Dealer_1681
DE,D01682,Dealer_1682
FR,D01683,Dealer_1683
HU,D01684,Dealer_1684
NL,D01685,Dealer_1685
DE,D01686,Dealer_1686
FR,D01687,Dealer_1687
HU,D01688,Dealer_1688
NL,D01689,Dealer_1689
DE,D01690,Dealer_1690
FR,D01691,Dealer_1691
HU,D01692,Dealer_1692
NL,D01693,Dealer_1693
DE,D01694,Dealer_1694
FR,D01695,Dealer_1695
HU,D01696,Dealer_1696
NL,D01697,Dealer_1697
DE,D01698,Dealer_1698
FR,D01699,Dealer_1699
HU,D01700,Dealer_1700
NL,D01701,Dealer_1701
DE,D01702,Dealer_1702
FR,D01703,Dealer_1703
HU,D01704,Dealer_1704
NL,D01705,Dealer_1705
DE,D01706,Dealer_1706
FR,D01707,Dealer_1707
HU,D01708,Dealer_1708
NL,D01709,Dealer_1709
DE,D01710,Dealer_1710
FR,D01711,Dealer_1711
HU,D01712,Dealer_1712
NL,D01713,Dealer_1713
DE,D01714,Dealer_1714
FR,D01715,Dealer_1715
HU,D01716,Dealer_1716
NL,D01717,Dealer_1717
DE,D01718,Dealer_1718
FR,D01719,Dealer_1719
HU,D01720,Dealer_1720
NL,D01721,Dealer_1721
DE,D01722,Dealer_1722
FR,D01723,Dealer_1723
HU,D01724,Dealer_1724
NL,D01725,Dealer_1725
DE,D01726,Dealer_1726
FR,D01727,Dealer_1727
HU,D01728,Dealer_1728
NL,D01729,Dealer_1729
DE,D01730,Dealer_1730
FR,D01731,Dealer_1731
HU,D01732,Dealer_1732
NL,D01733,Dealer_1733
DE,D01734,Dealer_1734
FR,D01735,Dealer_1735
HU,D01736,Dealer_1736
NL,D01737,Dealer_1737
DE,D01738,Dealer_1738
FR,D01739,Dealer_1739
HU,D01740,Dealer_1740
NL,D01741,Dealer_1741
DE,D01742,Dealer_1742
FR,D01743,Dealer_1743
HU,D01744,Dealer_1744
NL,D01745,Dealer_1745
DE,D01746,Dealer_1746
FR,D01747,Dealer_1747
HU,D01748,Dealer_1748
NL,D01749,Dealer_1749
DE,D01750,Dealer_1750
FR,D01751,Dealer_1751
HU,D01752,Dealer_1752
NL,D01753,Dealer_1753
DE,D01754,Dealer_1754
FR,D01755,Dealer_1755
HU,D01756,Dealer_1756
NL,D01757,Dealer_1757
DE,D01758,Dealer_1758
FR,D01759,Dealer_1759
HU,D01760,Dealer_1760
NL,D01761,Dealer_1761
DE,D01762,Dealer_1762
FR,D01763,Dealer_1763
HU,D01764,Dealer_1764
NL,D01765,Dealer_1765
DE,D01766,Dealer_1766
FR,D01767,Dealer_1767
HU,D01768,Dealer_1768
NL,D01769,Dealer_1769
DE,D01770,Dealer_1770
FR,D01771,Dealer_1771
HU,D01772,Dealer_1772
NL,D01773,Dealer_1773
DE,D01774,Dealer_1774
FR,D01775,Dealer_1775
HU,D01776,Dealer_1776
NL,D01777,Dealer_1777
DE,D01778,Dealer_1778
FR,D01779,Dealer_1779
HU,D01780,Dealer_1780
NL,D01781,Dealer_1781
DE,D01782,Dealer_1782
FR,D01783,Dealer_1783
HU,D01784,Dealer_1784
NL,D01785,Dealer_1785
DE,D01786,Dealer_1786
FR,D01787,Dealer_1787
HU,D01788,Dealer_1788
NL,D01789,Dealer_1789
DE,D01790,Dealer_1790
FR,D01791,Dealer_1791
HU,D01792,Dealer_1792
NL,D01793,Dealer_1793
DE,D01794,Dealer_1794
FR,D01795,Dealer_1795
HU,D01796,Dealer_1796
NL,D01797,Dealer_1797
DE,D01798,Dealer_1798
FR,D01799,Dealer_1799
HU,D01800,Dealer_1800
NL,D01801,Dealer_1801
DE,D01802,Dealer_1802
FR,D01803,Dealer_1803
HU,D01804,Dealer_1804
NL,D01805,Dealer_1805
DE,D01806,Dealer_1806
FR,D01807,Dealer_1807
HU,D01808,Dealer_1808
NL,D01809,Dealer_1809
DE,D01810,Dealer_1810
FR,D01811,Dealer_1811
HU,D01812,Dealer_1812
NL,D01813,Dealer_1813
DE,D01814,Dealer_1814
FR,D01815,Dealer_1815
HU,D01816,Dealer_1816
NL,D01817,Dealer_1817
DE,D01818,Dealer_1818
FR,D01819,Dealer_1819
HU,D01820,Dealer_1820
NL,D01821,Dealer_1821
DE,D01822,Dealer_1822
FR,D01823,Dealer_1823
HU,D01824,Dealer_1824
NL,D01825,Dealer_1825
DE,D01826,Dealer_1826
FR,D01827,Dealer_1827
HU,D01828,Dealer_1828
NL,D01829,Dealer_1829
DE,D01830,Dealer_1830
FR,D01831,Dealer_1831
HU,D01832,Dealer_1832
NL,D01833,Dealer_1833
DE,D01834,Dealer_1834
FR,D01835,Dealer_1835
HU,D01836,Dealer_1836
NL,D01837,Dealer_1837
DE,D01838,Dealer_1838
FR,D01839,Dealer_1839
HU,D01840,Dealer_1840
NL,D01841,Dealer_1841
DE,D01842,Dealer_1842
FR,D01843,Dealer_1843
HU,D01844,Dealer_1844
NL,D01845,Dealer_1845
DE,D01846,Dealer_1846
FR,D01847,Dealer_1847
HU,D01848,Dealer_1848
NL,D01849,Dealer_1849
DE,D01850,Dealer_1850
FR,D01851,Dealer_1851
HU,D01852,Dealer_1852
NL,D01853,Dealer_1853
DE,D01854,Dealer_1854
FR,D01855,Dealer_1855
HU,D01856,Dealer_1856
NL,D01857,Dealer_1857
DE,D01858,Dealer_1858
FR,D01859,Dealer_1859
HU,D01860,Dealer_1860
NL,D01861,Dealer_1861
DE,D01862,Dealer_1862
FR,D01863,Dealer_1863
HU,D01864,Dealer_1864
NL,D01865,Dealer_1865
DE,D01866,Dealer_1866
FR,D01867,Dealer_1867
HU,D01868,Dealer_1868
NL,D01869,Dealer_1869
DE,D01870,Dealer_1870
FR,D01871,Dealer_1871
HU,D01872,Dealer_1872
NL,D01873,Dealer_1873
DE,D01874,Dealer_1874
FR,D01875,Dealer_1875
HU,D01876,Dealer_1876
NL,D01877,Dealer_1877
DE,D01878,Dealer_1878
FR,D01879,Dealer_1879
HU,D01880,Dealer_1880
NL,D01881,Dealer_1881
DE,D01882,Dealer_1882
FR,D01883,Dealer_1883
HU,D01884,Dealer_1884
NL,D01885,Dealer_1885
DE,D01886,Dealer_1886
FR,D01887,Dealer_1887
HU,D01888,Dealer_1888
NL,D01889,Dealer_1889
DE,D01890,Dealer_1890
FR,D01891,Dealer_1891
HU,D01892,Dealer_1892
NL,D01893,Dealer_1893
DE,D01894,Dealer_1894
FR,D01895,Dealer_1895
HU,D01896,Dealer_1896
NL,D01897,Dealer_1897
DE,D01898,Dealer_1898
FR,D01899,Dealer_1899
HU,D01900,Dealer_1900
NL,D01901,Dealer_1901
DE,D01902,Dealer_1902
FR,D01903,Dealer_1903
HU,D01904,Dealer_1904
NL,D01905,Dealer_1905
DE,D01906,Dealer_1906
FR,D01907,Dealer_1907
HU,D01908,Dealer_1908
NL,D01909,Dealer_1909
DE,D01910,Dealer_1910
FR,D01911,Dealer_1911
HU,D01912,Dealer_1912
NL,D01913,Dealer_1913
DE,D01914,Dealer_1914
FR,D01915,Dealer_1915
HU,D01916,Dealer_1916
NL,D01917,Dealer_1917
DE,D01918,Dealer_1918
FR,D01919,Dealer_1919
HU,D01920,Dealer_1920
NL,D01921,Dealer_1921
DE,D01922,Dealer_1922
FR,D01923,Dealer_1923
HU,D01924,Dealer_1924
NL,D01925,Dealer_1925
DE,D01926,Dealer_1926
FR,D01927,Dealer_1927
HU,D01928,Dealer_1928
NL,D01929,Dealer_1929
DE,D01930,Dealer_1930
FR,D01931,Dealer_1931
HU,D01932,Dealer_1932
NL,D01933,Dealer_1933
DE,D01934,Dealer_1934
FR,D01935,Dealer_1935
HU,D01936,Dealer_1936
NL,D01937,Dealer_1937
DE,D01938,Dealer_1938
FR,D01939,Dealer_1939
HU,D01940,Dealer_1940
NL,D01941,Dealer_1941
DE,D01942,Dealer_1942
FR,D01943,Dealer_1943
HU,D01944,Dealer_1944
NL,D01945,Dealer_1945
DE,D01946,Dealer_1946
FR,D01947,Dealer_1947
HU,D01948,Dealer_1948
NL,D01949,Dealer_1949
DE,D01950,Dealer_1950
FR,D01951,Dealer_1951
HU,D01952,Dealer_1952
NL,D01953,Dealer_1953
DE,D01954,Dealer_1954
FR,D01955,Dealer_1955
HU,D01956,Dealer_1956
NL,D01957,Dealer_1957
DE,D01958,Dealer_1958
FR,D01959,Dealer_1959
HU,D01960,Dealer_1960
NL,D01961,Dealer_1961
DE,D01962,Dealer_1962
FR,D01963,Dealer_1963
HU,D01964,Dealer_1964
NL,D01965,Dealer_1965
DE,D01966,Dealer_1966
FR,D01967,Dealer_1967
HU,D01968,Dealer_1968
NL,D01969,Dealer_1969
DE,D01970,Dealer_1970
FR,D01971,Dealer_1971
HU,D01972,Dealer_1972
NL,D01973,Dealer_1973
DE,D01974,Dealer_1974
FR,D01975,Dealer_1975
HU,D01976,Dealer_1976
NL,D01977,Dealer_1977
DE,D01978,Dealer_1978
FR,D01979,Dealer_1979
HU,D01980,Dealer_1980
NL,D01981,Dealer_1981
DE,D01982,Dealer_1982
FR,D01983,Dealer_1983
HU,D01984,Dealer_1984
NL,D01985,Dealer_1985
DE,D01986,Dealer_1986
FR,D01987,Dealer_1987
HU,D01988,Dealer_1988
NL,D01989,Dealer_1989
DE,D01990,Dealer_1990
FR,D01991,Dealer_1991
HU,D01992,Dealer_1992
NL,D01993,Dealer_1993
DE,D01994,Dealer_1994
FR,D01995,Dealer_1995
HU,D01996,Dealer_1996
NL,D01997,Dealer_1997
DE,D01998,Dealer_1998
FR,D01999,Dealer_1999
HU,D02000,Dealer_2000
NL,D02001,Dealer_2001
DE,D02002,Dealer_2002
FR,D02003,Dealer_2003
HU,D02004,Dealer_2004
NL,D02005,Dealer_2005
DE,D02006,Dealer_2006
FR,D02007,Dealer_2007
HU,D02008,Dealer_2008
NL,D02009,Dealer_2009
DE,D02010,Dealer_2010
FR,D02011,Dealer_2011
HU,D02012,Dealer_2012
NL,D02013,Dealer_2013
DE,D02014,Dealer_2014
FR,D02015,Dealer_2015
HU,D02016,Dealer_2016
NL,D02017,Dealer_2017
DE,D02018,Dealer_2018
FR,D02019,Dealer_2019
HU,D02020,Dealer_2020
NL,D02021,Dealer_2021
DE,D02022,Dealer_2022
FR,D02023,Dealer_2023
HU,D02024,Dealer_2024
NL,D02025,Dealer_2025
DE,D02026,Dealer_2026
FR,D02027,Dealer_2027
HU,D02028,Dealer_2028
NL,D02029,Dealer_2029
DE,D02030,Dealer_2030
FR,D02031,Dealer_2031
HU,D02032,Dealer_2032
NL,D02033,Dealer_2033
DE,D02034,Dealer_2034
FR,D02035,Dealer_2035
HU,D02036,Dealer_2036
NL,D02037,Dealer_2037
DE,D02038,Dealer_2038
FR,D02039,Dealer_2039
HU,D02040,Dealer_2040
NL,D02041,Dealer_2041
DE,D02042,Dealer_2042
FR,D02043,Dealer_2043
HU,D02044,Dealer_2044
NL,D02045,Dealer_2045
DE,D02046,Dealer_2046
FR,D02047,Dealer_2047
HU,D02048,Dealer_2048
NL,D02049,Dealer_2049
DE,D02050,Dealer_2050
FR,D02051,Dealer_2051
HU,D02052,Dealer_2052
NL,D02053,Dealer_2053
DE,D02054,Dealer_2054
FR,D02055,Dealer_2055
HU,D02056,Dealer_2056
NL,D02057,Dealer_2057
DE,D02058,Dealer_2058
FR,D02059,Dealer_2059
HU,D02060,Dealer_2060
NL,D02061,Dealer_2061
DE,D02062,Dealer_2062
FR,D02063,Dealer_2063
HU,D02064,Dealer_2064
NL,D02065,Dealer_2065
DE,D02066,Dealer_2066
FR,D02067,Dealer_2067
HU,D02068,Dealer_2068
NL,D02069,Dealer_2069
DE,D02070,Dealer_2070
FR,D02071,Dealer_2071
HU,D02072,Dealer_2072
NL,D02073,Dealer_2073
DE,D02074,Dealer_2074
FR,D02075,Dealer_2075
HU,D02076,Dealer_2076
NL,D02077,Dealer_2077
DE,D02078,Dealer_2078
FR,D02079,Dealer_2079
HU,D02080,Dealer_2080
NL,D02081,Dealer_2081
DE,D02082,Dealer_2082
FR,D02083,Dealer_2083
HU,D02084,Dealer_2084
NL,D02085,Dealer_2085
DE,D02086,Dealer_2086
FR,D02087,Dealer_2087
HU,D02088,Dealer_2088
NL,D02089,Dealer_2089
DE,D02090,Dealer_2090
FR,D02091,Dealer_2091
HU,D02092,Dealer_2092
NL,D02093,Dealer_2093
DE,D02094,Dealer_2094
FR,D02095,Dealer_2095
HU,D02096,Dealer_2096
NL,D02097,Dealer_2097
DE,D02098,Dealer_2098
FR,D02099,Dealer_2099
HU,D02100,Dealer_2100
NL,D02101,Dealer_2101
DE,D02102,Dealer_2102
FR,D02103,Dealer_2103
HU,D02104,Dealer_2104
NL,D02105,Dealer_2105
DE,D02106,Dealer_2106
FR,D02107,Dealer_2107
HU,D02108,Dealer_2108
NL,D02109,Dealer_2109
DE,D02110,Dealer_2110
FR,D02111,Dealer_2111
HU,D02112,Dealer_2112
NL,D02113,Dealer_2113
DE,D02114,Dealer_2114
FR,D02115,Dealer_2115
HU,D02116,Dealer_2116
NL,D02117,Dealer_2117
DE,D02118,Dealer_2118
FR,D02119,Dealer_2119
HU,D02120,Dealer_2120
NL,D02121,Dealer_2121
DE,D02122,Dealer_2122
FR,D02123,Dealer_2123
HU,D02124,Dealer_2124
NL,D02125,Dealer_2125
DE,D02126,Dealer_2126
FR,D02127,Dealer_2127
HU,D02128,Dealer_2128
NL,D02129,Dealer_2129
DE,D02130,Dealer_2130
FR,D02131,Dealer_2131
HU,D02132,Dealer_2132
NL,D02133,Dealer_2133
DE,D02134,Dealer_2134
FR,D02135,Dealer_2135
HU,D02136,Dealer_2136
NL,D02137,Dealer_2137
DE,D02138,Dealer_2138
FR,D02139,Dealer_2139
HU,D02140,Dealer_2140
NL,D02141,Dealer_2141
DE,D02142,Dealer_2142
FR,D02143,Dealer_2143
HU,D02144,Dealer_2144
NL,D02145,Dealer_2145
DE,D02146,Dealer_2146
FR,D02147,Dealer_2147
HU,D02148,Dealer_2148
NL,D02149,Dealer_2149
DE,D02150,Dealer_2150
FR,D02151,Dealer_2151
HU,D02152,Dealer_2152
NL,D02153,Dealer_2153
DE,D02154,Dealer_2154
FR,D02155,Dealer_2155
HU,D02156,Dealer_2156
NL,D02157,Dealer_2157
DE,D02158,Dealer_2158
FR,D02159,Dealer_2159
HU,D02160,Dealer_2160
NL,D02161,Dealer_2161
DE,D02162,Dealer_2162
FR,D02163,Dealer_2163
HU,D02164,Dealer_2164
NL,D02165,Dealer_2165
DE,D02166,Dealer_2166
FR,D02167,Dealer_2167
HU,D02168,Dealer_2168
NL,D02169,Dealer_2169
DE,D02170,Dealer_2170
FR,D02171,Dealer_2171
HU,D02172,Dealer_2172
NL,D02173,Dealer_2173
DE,D02174,Dealer_2174
FR,D02175,Dealer_2175
HU,D02176,Dealer_2176
NL,D02177,Dealer_2177
DE,D02178,Dealer_2178
FR,D02179,Dealer_2179
HU,D02180,Dealer_2180
NL,D02181,Dealer_2181
DE,D02182,Dealer_2182
FR,D02183,Dealer_2183
HU,D02184,Dealer_2184
NL,D02185,Dealer_2185
DE,D02186,Dealer_2186
FR,D02187,Dealer_2187
HU,D02188,Dealer_2188
NL,D02189,Dealer_2189
DE,D02190,Dealer_2190
FR,D02191,Dealer_2191
HU,D02192,Dealer_2192
NL,D02193,Dealer_2193
DE,D02194,Dealer_2194
FR,D02195,Dealer_2195
HU,D02196,Dealer_2196
NL,D02197,Dealer_2197
DE,D02198,Dealer_2198
FR,D02199,Dealer_2199
HU,D02200,Dealer_2200
NL,D02201,Dealer_2201
DE,D02202,Dealer_2202
FR,D02203,Dealer_2203
HU,D02204,Dealer_2204
NL,D02205,Dealer_2205
DE,D02206,Dealer_2206
FR,D02207,Dealer_2207
HU,D02208,Dealer_2208
NL,D02209,Dealer_2209
DE,D02210,Dealer_2210
FR,D02211,Dealer_2211
HU,D02212,Dealer_2212
NL,D02213,Dealer_2213
DE,D02214,Dealer_2214
FR,D02215,Dealer_2215
HU,D02216,Dealer_2216
NL,D02217,Dealer_2217
DE,D02218,Dealer_2218
FR,D02219,Dealer_2219
HU,D02220,Dealer_2220
NL,D02221,Dealer_2221
DE,D02222,Dealer_2222
FR,D02223,Dealer_2223
HU,D02224,Dealer_2224
NL,D02225,Dealer_2225
DE,D02226,Dealer_2226
FR,D02227,Dealer_2227
HU,D02228,Dealer_2228
NL,D02229,Dealer_2229
DE,D02230,Dealer_2230
FR,D02231,Dealer_2231
HU,D02232,Dealer_2232
NL,D02233,Dealer_2233
DE,D02234,Dealer_2234
FR,D02235,Dealer_2235
HU,D02236,Dealer_2236
NL,D02237,Dealer_2237
DE,D02238,Dealer_2238
FR,D02239,Dealer_2239
HU,D02240,Dealer_2240
NL,D02241,Dealer_2241
DE,D02242,Dealer_2242
FR,D02243,Dealer_2243
HU,D02244,Dealer_2244
NL,D02245,Dealer_2245
DE,D02246,Dealer_2246
FR,D02247,Dealer_2247
HU,D02248,Dealer_2248
NL,D02249,Dealer_2249
DE,D02250,Dealer_2250
FR,D02251,Dealer_2251
HU,D02252,Dealer_2252
NL,D02253,Dealer_2253
DE,D02254,Dealer_2254
FR,D02255,Dealer_2255
HU,D02256,Dealer_2256
NL,D02257,Dealer_2257
DE,D02258,Dealer_2258
FR,D02259,Dealer_2259
HU,D02260,Dealer_2260
NL,D02261,Dealer_2261
DE,D02262,Dealer_2262
FR,D02263,Dealer_2263
HU,D02264,Dealer_2264
NL,D02265,Dealer_2265
DE,D02266,Dealer_2266
FR,D02267,Dealer_2267
HU,D02268,Dealer_2268
NL,D02269,Dealer_2269
DE,D02270,Dealer_2270
FR,D02271,Dealer_2271
HU,D02272,Dealer_2272
NL,D02273,Dealer_2273
DE,D02274,Dealer_2274
FR,D02275,Dealer_2275
HU,D02276,Dealer_2276
NL,D02277,Dealer_2277
DE,D02278,Dealer_2278
FR,D02279,Dealer_2279
HU,D02280,Dealer_2280
NL,D02281,Dealer_2281
DE,D02282,Dealer_2282
FR,D02283,Dealer_2283
HU,D02284,Dealer_2284
NL,D02285,Dealer_2285
DE,D02286,Dealer_2286
FR,D02287,Dealer_2287
HU,D02288,Dealer_2288
NL,D02289,Dealer_2289
DE,D02290,Dealer_2290
FR,D02291,Dealer_2291
HU,D02292,Dealer_2292
NL,D02293,Dealer_2293
DE,D02294,Dealer_2294
FR,D02295,Dealer_2295
HU,D02296,Dealer_2296
NL,D02297,Dealer_2297
DE,D02298,Dealer_2298
FR,D02299,Dealer_2299
HU,D02300,Dealer_2300
NL,D02301,Dealer_2301
DE,D02302,Dealer_2302
FR,D02303,Dealer_2303
HU,D02304,Dealer_2304
NL,D02305,Dealer_2305
DE,D02306,Dealer_2306
FR,D02307,Dealer_2307
HU,D02308,Dealer_2308
NL,D02309,Dealer_2309
DE,D02310,Dealer_2310
FR,D02311,Dealer_2311
HU,D02312,Dealer_2312
NL,D02313,Dealer_2313
DE,D02314,Dealer_2314
FR,D02315,Dealer_2315
HU,D02316,Dealer_2316
NL,D02317,Dealer_2317
DE,D02318,Dealer_2318
FR,D02319,Dealer_2319
HU,D02320,Dealer_2320
NL,D02321,Dealer_2321
DE,D02322,Dealer_2322
FR,D02323,Dealer_2323
HU,D02324,Dealer_2324
NL,D02325,Dealer_2325
DE,D02326,Dealer_2326
FR,D02327,Dealer_2327
HU,D02328,Dealer_2328
NL,D02329,Dealer_2329
DE,D02330,Dealer_2330
FR,D02331,Dealer_2331
HU,D02332,Dealer_2332
NL,D02333,Dealer_2333
DE,D02334,Dealer_2334
FR,D02335,Dealer_2335
HU,D02336,Dealer_2336
NL,D02337,Dealer_2337
DE,D02338,Dealer_2338
FR,D02339,Dealer_2339
HU,D02340,Dealer_2340
NL,D02341,Dealer_2341
DE,D02342,Dealer_2342
FR,D02343,Dealer_2343
HU,D02344,Dealer_2344
NL,D02345,Dealer_2345
DE,D02346,Dealer_2346
FR,D02347,Dealer_2347
HU,D02348,Dealer_2348
NL,D02349,Dealer_2349
DE,D02350,Dealer_2350
FR,D02351,Dealer_2351
HU,D02352,Dealer_2352
NL,D02353,Dealer_2353
DE,D02354,Dealer_2354
FR,D02355,Dealer_2355
HU,D02356,Dealer_2356
NL,D02357,Dealer_2357
DE,D02358,Dealer_2358
FR,D02359,Dealer_2359
HU,D02360,Dealer_2360
NL,D02361,Dealer_2361
DE,D02362,Dealer_2362
FR,D02363,Dealer_2363
HU,D02364,Dealer_2364
NL,D02365,Dealer_2365
DE,D02366,Dealer_2366
FR,D02367,Dealer_2367
HU,D02368,Dealer_2368
NL,D02369,Dealer_2369
DE,D02370,Dealer_2370
FR,D02371,Dealer_2371
HU,D02372,Dealer_2372
NL,D02373,Dealer_2373
DE,D02374,Dealer_2374
FR,D02375,Dealer_2375
HU,D02376,Dealer_2376
NL,D02377,Dealer_2377
DE,D02378,Dealer_2378
FR,D02379,Dealer_2379
HU,D02380,Dealer_2380
NL,D02381,Dealer_2381
DE,D02382,Dealer_2382
FR,D02383,Dealer_2383
HU,D02384,Dealer_2384
NL,D02385,Dealer_2385
DE,D02386,Dealer_2386
FR,D02387,Dealer_2387
HU,D02388,Dealer_2388
NL,D02389,Dealer_2389
DE,D02390,Dealer_2390
FR,D02391,Dealer_2391
HU,D02392,Dealer_2392
NL,D02393,Dealer_2393
DE,D02394,Dealer_2394
FR,D02395,Dealer_2395
HU,D02396,Dealer_2396
NL,D02397,Dealer_2397
DE,D02398,Dealer_2398
FR,D02399,Dealer_2399
HU,D02400,Dealer_2400
NL,D02401,Dealer_2401
DE,D02402,Dealer_2402
FR,D02403,Dealer_2403
HU,D02404,Dealer_2404
NL,D02405,Dealer_2405
DE,D02406,Dealer_2406
FR,D02407,Dealer_2407
HU,D02408,Dealer_2408
NL,D02409,Dealer_2409
DE,D02410,Dealer_2410
FR,D02411,Dealer_2411
HU,D02412,Dealer_2412
NL,D02413,Dealer_2413
DE,D02414,Dealer_2414
FR,D02415,Dealer_2415
HU,D02416,Dealer_2416
NL,D02417,Dealer_2417
DE,D02418,Dealer_2418
FR,D02419,Dealer_2419
HU,D02420,Dealer_2420
NL,D02421,Dealer_2421
DE,D02422,Dealer_2422
FR,D02423,Dealer_2423
HU,D02424,Dealer_2424
NL,D02425,Dealer_2425
DE,D02426,Dealer_2426
FR,D02427,Dealer_2427
HU,D02428,Dealer_2428
NL,D02429,Dealer_2429
DE,D02430,Dealer_2430
FR,D02431,Dealer_2431
HU,D02432,Dealer_2432
NL,D02433,Dealer_2433
DE,D02434,Dealer_2434
FR,D02435,Dealer_2435
HU,D02436,Dealer_2436
NL,D02437,Dealer_2437
DE,D02438,Dealer_2438
FR,D02439,Dealer_2439
HU,D02440,Dealer_2440
NL,D02441,Dealer_2441
DE,D02442,Dealer_2442
FR,D02443,Dealer_2443
HU,D02444,Dealer_2444
NL,D02445,Dealer_2445
DE,D02446,Dealer_2446
FR,D02447,Dealer_2447
HU,D02448,Dealer_2448
NL,D02449,Dealer_2449
DE,D02450,Dealer_2450
FR,D02451,Dealer_2451
HU,D02452,Dealer_2452
NL,D02453,Dealer_2453
DE,D02454,Dealer_2454
FR,D02455,Dealer_2455
HU,D02456,Dealer_2456
NL,D02457,Dealer_2457
DE,D02458,Dealer_2458
FR,D02459,Dealer_2459
HU,D02460,Dealer_2460
NL,D02461,Dealer_2461
DE,D02462,Dealer_2462
FR,D02463,Dealer_2463
HU,D02464,Dealer_2464
NL,D02465,Dealer_2465
DE,D02466,Dealer_2466
FR,D02467,Dealer_2467
HU,D02468,Dealer_2468
NL,D02469,Dealer_2469
DE,D02470,Dealer_2470
FR,D02471,Dealer_2471
HU,D02472,Dealer_2472
NL,D02473,Dealer_2473
DE,D02474,Dealer_2474
FR,D02475,Dealer_2475
HU,D02476,Dealer_2476
NL,D02477,Dealer_2477
DE,D02478,Dealer_2478
FR,D02479,Dealer_2479
HU,D02480,Dealer_2480
NL,D02481,Dealer_2481
DE,D02482,Dealer_2482
FR,D02483,Dealer_2483
HU,D02484,Dealer_2484
NL,D02485,Dealer_2485
DE,D02486,Dealer_2486
FR,D02487,Dealer_2487
HU,D02488,Dealer_2488
NL,D02489,Dealer_2489
DE,D02490,Dealer_2490
FR,D02491,Dealer_2491
HU,D02492,Dealer_2492
NL,D02493,Dealer_2493
DE,D02494,Dealer_2494
FR,D02495,Dealer_2495
HU,D02496,Dealer_2496
NL,D02497,Dealer_2497
DE,D02498,Dealer_2498
FR,D02499,Dealer_2499
HU,D02500,Dealer_2500
NL,D02501,Dealer_2501
DE,D02502,Dealer_2502
FR,D02503,Dealer_2503
HU,D02504,Dealer_2504
NL,D02505,Dealer_2505
DE,D02506,Dealer_2506
FR,D02507,Dealer_2507
HU,D02508,Dealer_2508
NL,D02509,Dealer_2509
DE,D02510,Dealer_2510
FR,D02511,Dealer_2511
HU,D02512,Dealer_2512
NL,D02513,Dealer_2513
DE,D02514,Dealer_2514
FR,D02515,Dealer_2515
HU,D02516,Dealer_2516
NL,D02517,Dealer_2517
DE,D02518,Dealer_2518
FR,D02519,Dealer_2519
HU,D02520,Dealer_2520
NL,D02521,Dealer_2521
DE,D02522,Dealer_2522
FR,D02523,Dealer_2523
HU,D02524,Dealer_2524
NL,D02525,Dealer_2525
DE,D02526,Dealer_2526
FR,D02527,Dealer_2527
HU,D02528,Dealer_2528
NL,D02529,Dealer_2529
DE,D02530,Dealer_2530
FR,D02531,Dealer_2531
HU,D02532,Dealer_2532
NL,D02533,Dealer_2533
DE,D02534,Dealer_2534
FR,D02535,Dealer_2535
HU,D02536,Dealer_2536
NL,D02537,Dealer_2537
DE,D02538,Dealer_2538
FR,D02539,Dealer_2539
HU,D02540,Dealer_2540
NL,D02541,Dealer_2541
DE,D02542,Dealer_2542
FR,D02543,Dealer_2543
HU,D02544,Dealer_2544
NL,D02545,Dealer_2545
DE,D02546,Dealer_2546
FR,D02547,Dealer_2547
HU,D02548,Dealer_2548
NL,D02549,Dealer_2549
DE,D02550,Dealer_2550
FR,D02551,Dealer_2551
HU,D02552,Dealer_2552
NL,D02553,Dealer_2553
DE,D02554,Dealer_2554
FR,D02555,Dealer_2555
HU,D02556,Dealer_2556
NL,D02557,Dealer_2557
DE,D02558,Dealer_2558
FR,D02559,Dealer_2559
HU,D02560,Dealer_2560
NL,D02561,Dealer_2561
DE,D02562,Dealer_2562
FR,D02563,Dealer_2563
HU,D02564,Dealer_2564
NL,D02565,Dealer_2565
DE,D02566,Dealer_2566
FR,D02567,Dealer_2567
HU,D02568,Dealer_2568
NL,D02569,Dealer_2569
DE,D02570,Dealer_2570
FR,D02571,Dealer_2571
HU,D02572,Dealer_2572
NL,D02573,Dealer_2573
DE,D02574,Dealer_2574
FR,D02575,Dealer_2575
HU,D02576,Dealer_2576
NL,D02577,Dealer_2577
DE,D02578,Dealer_2578
FR,D02579,Dealer_2579
HU,D02580,Dealer_2580
NL,D02581,Dealer_2581
DE,D02582,Dealer_2582
FR,D02583,Dealer_2583
HU,D02584,Dealer_2584
NL,D02585,Dealer_2585
DE,D02586,Dealer_2586
FR,D02587,Dealer_2587
HU,D02588,Dealer_2588
NL,D02589,Dealer_2589
DE,D02590,Dealer_2590
FR,D02591,Dealer_2591
HU,D02592,Dealer_2592
NL,D02593,Dealer_2593
DE,D02594,Dealer_2594
FR,D02595,Dealer_2595
HU,D02596,Dealer_2596
NL,D02597,Dealer_2597
DE,D02598,Dealer_2598
FR,D02599,Dealer_2599
HU,D02600,Dealer_2600
NL,D02601,Dealer_2601
DE,D02602,Dealer_2602
FR,D02603,Dealer_2603
HU,D02604,Dealer_2604
NL,D02605,Dealer_2605
DE,D02606,Dealer_2606
FR,D02607,Dealer_2607
HU,D02608,Dealer_2608
NL,D02609,Dealer_2609
DE,D02610,Dealer_2610
FR,D02611,Dealer_2611
HU,D02612,Dealer_2612
NL,D02613,Dealer_2613
DE,D02614,Dealer_2614
FR,D02615,Dealer_2615
HU,D02616,Dealer_2616
NL,D02617,Dealer_2617
DE,D02618,Dealer_2618
FR,D02619,Dealer_2619
HU,D02620,Dealer_2620
NL,D02621,Dealer_2621
DE,D02622,Dealer_2622
FR,D02623,Dealer_2623
HU,D02624,Dealer_2624
NL,D02625,Dealer_2625
DE,D02626,Dealer_2626
FR,D02627,Dealer_2627
HU,D02628,Dealer_2628
NL,D02629,Dealer_2629
DE,D02630,Dealer_2630
FR,D02631,Dealer_2631
HU,D02632,Dealer_2632
NL,D02633,Dealer_2633
DE,D02634,Dealer_2634
FR,D02635,Dealer_2635
HU,D02636,Dealer_2636
NL,D02637,Dealer_2637
DE,D02638,Dealer_2638
FR,D02639,Dealer_2639
HU,D02640,Dealer_2640
NL,D02641,Dealer_2641
DE,D02642,Dealer_2642
FR,D02643,Dealer_2643
HU,D02644,Dealer_2644
NL,D02645,Dealer_2645
DE,D02646,Dealer_2646
FR,D02647,Dealer_2647
HU,D02648,Dealer_2648
NL,D02649,Dealer_2649
DE,D02650,Dealer_2650
FR,D02651,Dealer_2651
HU,D02652,Dealer_2652
NL,D02653,Dealer_2653
DE,D02654,Dealer_2654
FR,D02655,Dealer_2655
HU,D02656,Dealer_2656
NL,D02657,Dealer_2657
DE,D02658,Dealer_2658
FR,D02659,Dealer_2659
HU,D02660,Dealer_2660
NL,D02661,Dealer_2661
DE,D02662,Dealer_2662
FR,D02663,Dealer_2663
HU,D02664,Dealer_2664
NL,D02665,Dealer_2665
DE,D02666,Dealer_2666
FR,D02667,Dealer_2667
HU,D02668,Dealer_2668
NL,D02669,Dealer_2669
DE,D02670,Dealer_2670
FR,D02671,Dealer_2671
HU,D02672,Dealer_2672
NL,D02673,Dealer_2673
DE,D02674,Dealer_2674
FR,D02675,Dealer_2675
HU,D02676,Dealer_2676
NL,D02677,Dealer_2677
DE,D02678,Dealer_2678
FR,D02679,Dealer_2679
HU,D02680,Dealer_2680
NL,D02681,Dealer_2681
DE,D02682,Dealer_2682
FR,D02683,Dealer_2683
HU,D02684,Dealer_2684
NL,D02685,Dealer_2685
DE,D02686,Dealer_2686
FR,D02687,Dealer_2687
HU,D02688,Dealer_2688
NL,D02689,Dealer_2689
DE,D02690,Dealer_2690
FR,D02691,Dealer_2691
HU,D02692,Dealer_2692
NL,D02693,Dealer_2693
DE,D02694,Dealer_2694
FR,D02695,Dealer_2695
HU,D02696,Dealer_2696
NL,D02697,Dealer_2697
DE,D02698,Dealer_2698
FR,D02699,Dealer_2699
HU,D02700,Dealer_2700
NL,D02701,Dealer_2701
DE,D02702,Dealer_2702
FR,D02703,Dealer_2703
HU,D02704,Dealer_2704
NL,D02705,Dealer_2705
DE,D02706,Dealer_2706
FR,D02707,Dealer_2707
HU,D02708,Dealer_2708
NL,D02709,Dealer_2709
DE,D02710,Dealer_2710
FR,D02711,Dealer_2711
HU,D02712,Dealer_2712
NL,D02713,Dealer_2713
DE,D02714,Dealer_2714
FR,D02715,Dealer_2715
HU,D02716,Dealer_2716
NL,D02717,Dealer_2717
DE,D02718,Dealer_2718
FR,D02719,Dealer_2719
HU,D02720,Dealer_2720
NL,D02721,Dealer_2721
DE,D02722,Dealer_2722
FR,D02723,Dealer_2723
HU,D02724,Dealer_2724
NL,D02725,Dealer_2725
DE,D02726,Dealer_2726
FR,D02727,Dealer_2727
HU,D02728,Dealer_2728
NL,D02729,Dealer_2729
DE,D02730,Dealer_2730
FR,D02731,Dealer_2731
HU,D02732,Dealer_2732
NL,D02733,Dealer_2733
DE,D02734,Dealer_2734
FR,D02735,Dealer_2735
HU,D02736,Dealer_2736
NL,D02737,Dealer_2737
DE,D02738,Dealer_2738
FR,D02739,Dealer_2739
HU,D02740,Dealer_2740
NL,D02741,Dealer_2741
DE,D02742,Dealer_2742
FR,D02743,Dealer_2743
HU,D02744,Dealer_2744
NL,D02745,Dealer_2745
DE,D02746,Dealer_2746
FR,D02747,Dealer_2747
HU,D02748,Dealer_2748
NL,D02749,Dealer_2749
DE,D02750,Dealer_2750
FR,D02751,Dealer_2751
HU,D02752,Dealer_2752
NL,D02753,Dealer_2753
DE,D02754,Dealer_2754
FR,D02755,Dealer_2755
HU,D02756,Dealer_2756
NL,D02757,Dealer_2757
DE,D02758,Dealer_2758
FR,D02759,Dealer_2759
HU,D02760,Dealer_2760
NL,D02761,Dealer_2761
DE,D02762,Dealer_2762
FR,D02763,Dealer_2763
HU,D02764,Dealer_2764
NL,D02765,Dealer_2765
DE,D02766,Dealer_2766
FR,D02767,Dealer_2767
HU,D02768,Dealer_2768
NL,D02769,Dealer_2769
DE,D02770,Dealer_2770
FR,D02771,Dealer_2771
HU,D02772,Dealer_2772
NL,D02773,Dealer_2773
DE,D02774,Dealer_2774
FR,D02775,Dealer_2775
HU,D02776,Dealer_2776
NL,D02777,Dealer_2777
DE,D02778,Dealer_2778
FR,D02779,Dealer_2779
HU,D02780,Dealer_2780
NL,D02781,Dealer_2781
DE,D02782,Dealer_2782
FR,D02783,Dealer_2783
HU,D02784,Dealer_2784
NL,D02785,Dealer_2785
DE,D02786,Dealer_2786
FR,D02787,Dealer_2787
HU,D02788,Dealer_2788
NL,D02789,Dealer_2789
DE,D02790,Dealer_2790
FR,D02791,Dealer_2791
HU,D02792,Dealer_2792
NL,D02793,Dealer_2793
DE,D02794,Dealer_2794
FR,D02795,Dealer_2795
HU,D02796,Dealer_2796
NL,D02797,Dealer_2797
DE,D02798,Dealer_2798
FR,D02799,Dealer_2799
HU,D02800,Dealer_2800
NL,D02801,Dealer_2801
DE,D02802,Dealer_2802
FR,D02803,Dealer_2803
HU,D02804,Dealer_2804
NL,D02805,Dealer_2805
DE,D02806,Dealer_2806
FR,D02807,Dealer_2807
HU,D02808,Dealer_2808
NL,D02809,Dealer_2809
DE,D02810,Dealer_2810
FR,D02811,Dealer_2811
HU,D02812,Dealer_2812
NL,D02813,Dealer_2813
DE,D02814,Dealer_2814
FR,D02815,Dealer_2815
HU,D02816,Dealer_2816
NL,D02817,Dealer_2817
DE,D02818,Dealer_2818
FR,D02819,Dealer_2819
HU,D02820,Dealer_2820
NL,D02821,Dealer_2821
DE,D02822,Dealer_2822
FR,D02823,Dealer_2823
HU,D02824,Dealer_2824
NL,D02825,Dealer_2825
DE,D02826,Dealer_2826
FR,D02827,Dealer_2827
HU,D02828,Dealer_2828
NL,D02829,Dealer_2829
DE,D02830,Dealer_2830
FR,D02831,Dealer_2831
HU,D02832,Dealer_2832
NL,D02833,Dealer_2833
DE,D02834,Dealer_2834
FR,D02835,Dealer_2835
HU,D02836,Dealer_2836
NL,D02837,Dealer_2837
DE,D02838,Dealer_2838
FR,D02839,Dealer_2839
HU,D02840,Dealer_2840
NL,D02841,Dealer_2841
DE,D02842,Dealer_2842
FR,D02843,Dealer_2843
HU,D02844,Dealer_2844
NL,D02845,Dealer_2845
DE,D02846,Dealer_2846
FR,D02847,Dealer_2847
HU,D02848,Dealer_2848
NL,D02849,Dealer_2849
DE,D02850,Dealer_2850
FR,D02851,Dealer_2851
HU,D02852,Dealer_2852
NL,D02853,Dealer_2853
DE,D02854,Dealer_2854
FR,D02855,Dealer_2855
HU,D02856,Dealer_2856
NL,D02857,Dealer_2857
DE,D02858,Dealer_2858
FR,D02859,Dealer_2859
HU,D02860,Dealer_2860
NL,D02861,Dealer_2861
DE,D02862,Dealer_2862
FR,D02863,Dealer_2863
HU,D02864,Dealer_2864
NL,D02865,Dealer_2865
DE,D02866,Dealer_2866
FR,D02867,Dealer_2867
HU,D02868,Dealer_2868
NL,D02869,Dealer_2869
DE,D02870,Dealer_2870
FR,D02871,Dealer_2871
HU,D02872,Dealer_2872
NL,D02873,Dealer_2873
DE,D02874,Dealer_2874
FR,D02875,Dealer_2875
HU,D02876,Dealer_2876
NL,D02877,Dealer_2877
DE,D02878,Dealer_2878
FR,D02879,Dealer_2879
HU,D02880,Dealer_2880
NL,D02881,Dealer_2881
DE,D02882,Dealer_2882
FR,D02883,Dealer_2883
HU,D02884,Dealer_2884
NL,D02885,Dealer_2885
DE,D02886,Dealer_2886
FR,D02887,Dealer_2887
HU,D02888,Dealer_2888
NL,D02889,Dealer_2889
DE,D02890,Dealer_2890
FR,D02891,Dealer_2891
HU,D02892,Dealer_2892
NL,D02893,Dealer_2893
DE,D02894,Dealer_2894
FR,D02895,Dealer_2895
HU,D02896,Dealer_2896
NL,D02897,Dealer_2897
DE,D02898,Dealer_2898
FR,D02899,Dealer_2899
HU,D02900,Dealer_2900
NL,D02901,Dealer_2901
DE,D02902,Dealer_2902
FR,D02903,Dealer_2903
HU,D02904,Dealer_2904
NL,D02905,Dealer_2905
DE,D02906,Dealer_2906
FR,D02907,Dealer_2907
HU,D02908,Dealer_2908
NL,D02909,Dealer_2909
DE,D02910,Dealer_2910
FR,D02911,Dealer_2911
HU,D02912,Dealer_2912
NL,D02913,Dealer_2913
DE,D02914,Dealer_2914
FR,D02915,Dealer_2915
HU,D02916,Dealer_2916
NL,D02917,Dealer_2917
DE,D02918,Dealer_2918
FR,D02919,Dealer_2919
HU,D02920,Dealer_2920
NL,D02921,Dealer_2921
DE,D02922,Dealer_2922
FR,D02923,Dealer_2923
HU,D02924,Dealer_2924
NL,D02925,Dealer_2925
DE,D02926,Dealer_2926
FR,D02927,Dealer_2927
HU,D02928,Dealer_2928
NL,D02929,Dealer_2929
DE,D02930,Dealer_2930
FR,D02931,Dealer_2931
HU,D02932,Dealer_2932
NL,D02933,Dealer_2933
DE,D02934,Dealer_2934
FR,D02935,Dealer_2935
HU,D02936,Dealer_2936
NL,D02937,Dealer_2937
DE,D02938,Dealer_2938
FR,D02939,Dealer_2939
HU,D02940,Dealer_2940
NL,D02941,Dealer_2941
DE,D02942,Dealer_2942
FR,D02943,Dealer_2943
HU,D02944,Dealer_2944
NL,D02945,Dealer_2945
DE,D02946,Dealer_2946
FR,D02947,Dealer_2947
HU,D02948,Dealer_2948
NL,D02949,Dealer_2949
DE,D02950,Dealer_2950
FR,D02951,Dealer_2951
HU,D02952,Dealer_2952
NL,D02953,Dealer_2953
DE,D02954,Dealer_2954
FR,D02955,Dealer_2955
HU,D02956,Dealer_2956
NL,D02957,Dealer_2957
DE,D02958,Dealer_2958
FR,D02959,Dealer_2959
HU,D02960,Dealer_2960
NL,D02961,Dealer_2961
DE,D02962,Dealer_2962
FR,D02963,Dealer_2963
HU,D02964,Dealer_2964
NL,D02965,Dealer_2965
DE,D02966,Dealer_2966
FR,D02967,Dealer_2967
HU,D02968,Dealer_2968
NL,D02969,Dealer_2969
DE,D02970,Dealer_2970
FR,D02971,Dealer_2971
HU,D02972,Dealer_2972
NL,D02973,Dealer_2973
DE,D02974,Dealer_2974
FR,D02975,Dealer_2975
HU,D02976,Dealer_2976
NL,D02977,Dealer_2977
DE,D02978,Dealer_2978
FR,D02979,Dealer_2979
HU,D02980,Dealer_2980
NL,D02981,Dealer_2981
DE,D02982,Dealer_2982
FR,D02983,Dealer_2983
HU,D02984,Dealer_2984
NL,D02985,Dealer_2985
DE,D02986,Dealer_2986
FR,D02987,Dealer_2987
HU,D02988,Dealer_2988
NL,D02989,Dealer_2989
DE,D02990,Dealer_2990
FR,D02991,Dealer_2991
HU,D02992,Dealer_2992
NL,D02993,Dealer_2993
DE,D02994,Dealer_2994
FR,D02995,Dealer_2995
HU,D02996,Dealer_2996
NL,D02997,Dealer_2997
DE,D02998,Dealer_2998
FR,D02999,Dealer_2999
HU,D03000,Dealer_3000
NL,D03001,Dealer_3001
DE,D03002,Dealer_3002
FR,D03003,Dealer_3003
HU,D03004,Dealer_3004
NL,D03005,Dealer_3005
DE,D03006,Dealer_3006
FR,D03007,Dealer_3007
HU,D03008,Dealer_3008
NL,D03009,Dealer_3009
DE,D03010,Dealer_3010
FR,D03011,Dealer_3011
HU,D03012,Dealer_3012
NL,D03013,Dealer_3013
DE,D03014,Dealer_3014
FR,D03015,Dealer_3015
HU,D03016,Dealer_3016
NL,D03017,Dealer_3017
DE,D03018,Dealer_3018
FR,D03019,Dealer_3019
HU,D03020,Dealer_3020
NL,D03021,Dealer_3021
DE,D03022,Dealer_3022
FR,D03023,Dealer_3023
HU,D03024,Dealer_3024
NL,D03025,Dealer_3025
DE,D03026,Dealer_3026
FR,D03027,Dealer_3027
HU,D03028,Dealer_3028
NL,D03029,Dealer_3029
DE,D03030,Dealer_3030
FR,D03031,Dealer_3031
HU,D03032,Dealer_3032
NL,D03033,Dealer_3033
DE,D03034,Dealer_3034
FR,D03035,Dealer_3035
HU,D03036,Dealer_3036
NL,D03037,Dealer_3037
DE,D03038,Dealer_3038
FR,D03039,Dealer_3039
HU,D03040,Dealer_3040
NL,D03041,Dealer_3041
DE,D03042,Dealer_3042
FR,D03043,Dealer_3043
HU,D03044,Dealer_3044
NL,D03045,Dealer_3045
DE,D03046,Dealer_3046
FR,D03047,Dealer_3047
HU,D03048,Dealer_3048
NL,D03049,Dealer_3049
DE,D03050,Dealer_3050
FR,D03051,Dealer_3051
HU,D03052,Dealer_3052
NL,D03053,Dealer_3053
DE,D03054,Dealer_3054
FR,D03055,Dealer_3055
HU,D03056,Dealer_3056
NL,D03057,Dealer_3057
DE,D03058,Dealer_3058
FR,D03059,Dealer_3059
HU,D03060,Dealer_3060
NL,D03061,Dealer_3061
DE,D03062,Dealer_3062
FR,D03063,Dealer_3063
HU,D03064,Dealer_3064
NL,D03065,Dealer_3065
DE,D03066,Dealer_3066
FR,D03067,Dealer_3067
HU,D03068,Dealer_3068
NL,D03069,Dealer_3069
DE,D03070,Dealer_3070
FR,D03071,Dealer_3071
HU,D03072,Dealer_3072
NL,D03073,Dealer_3073
DE,D03074,Dealer_3074
FR,D03075,Dealer_3075
HU,D03076,Dealer_3076
NL,D03077,Dealer_3077
DE,D03078,Dealer_3078
FR,D03079,Dealer_3079
HU,D03080,Dealer_3080
NL,D03081,Dealer_3081
DE,D03082,Dealer_3082
FR,D03083,Dealer_3083
HU,D03084,Dealer_3084
NL,D03085,Dealer_3085
DE,D03086,Dealer_3086
FR,D03087,Dealer_3087
HU,D03088,Dealer_3088
NL,D03089,Dealer_3089
DE,D03090,Dealer_3090
FR,D03091,Dealer_3091
HU,D03092,Dealer_3092
NL,D03093,Dealer_3093
DE,D03094,Dealer_3094
FR,D03095,Dealer_3095
HU,D03096,Dealer_3096
NL,D03097,Dealer_3097
DE,D03098,Dealer_3098
FR,D03099,Dealer_3099
HU,D03100,Dealer_3100
NL,D03101,Dealer_3101
DE,D03102,Dealer_3102
FR,D03103,Dealer_3103
HU,D03104,Dealer_3104
NL,D03105,Dealer_3105
DE,D03106,Dealer_3106
FR,D03107,Dealer_3107
HU,D03108,Dealer_3108
NL,D03109,Dealer_3109
DE,D03110,Dealer_3110
FR,D03111,Dealer_3111
HU,D03112,Dealer_3112
NL,D03113,Dealer_3113
DE,D03114,Dealer_3114
FR,D03115,Dealer_3115
HU,D03116,Dealer_3116
NL,D03117,Dealer_3117
DE,D03118,Dealer_3118
FR,D03119,Dealer_3119
HU,D03120,Dealer_3120
NL,D03121,Dealer_3121
DE,D03122,Dealer_3122
FR,D03123,Dealer_3123
HU,D03124,Dealer_3124
NL,D03125,Dealer_3125
DE,D03126,Dealer_3126
FR,D03127,Dealer_3127
HU,D03128,Dealer_3128
NL,D03129,Dealer_3129
DE,D03130,Dealer_3130
FR,D03131,Dealer_3131
HU,D03132,Dealer_3132
NL,D03133,Dealer_3133
DE,D03134,Dealer_3134
FR,D03135,Dealer_3135
HU,D03136,Dealer_3136
NL,D03137,Dealer_3137
DE,D03138,Dealer_3138
FR,D03139,Dealer_3139
HU,D03140,Dealer_3140
NL,D03141,Dealer_3141
DE,D03142,Dealer_3142
FR,D03143,Dealer_3143
HU,D03144,Dealer_3144
NL,D03145,Dealer_3145
DE,D03146,Dealer_3146
FR,D03147,Dealer_3147
HU,D03148,Dealer_3148
NL,D03149,Dealer_3149
DE,D03150,Dealer_3150
FR,D03151,Dealer_3151
HU,D03152,Dealer_3152
NL,D03153,Dealer_3153
DE,D03154,Dealer_3154
FR,D03155,Dealer_3155
HU,D03156,Dealer_3156
NL,D03157,Dealer_3157
DE,D03158,Dealer_3158
FR,D03159,Dealer_3159
HU,D03160,Dealer_3160
NL,D03161,Dealer_3161
DE,D03162,Dealer_3162
FR,D03163,Dealer_3163
HU,D03164,Dealer_3164
NL,D03165,Dealer_3165
DE,D03166,Dealer_3166
FR,D03167,Dealer_3167
HU,D03168,Dealer_3168
NL,D03169,Dealer_3169
DE,D03170,Dealer_3170
FR,D03171,Dealer_3171
HU,D03172,Dealer_3172
NL,D03173,Dealer_3173
DE,D03174,Dealer_3174
FR,D03175,Dealer_3175
HU,D03176,Dealer_3176
NL,D03177,Dealer_3177
DE,D03178,Dealer_3178
FR,D03179,Dealer_3179
HU,D03180,Dealer_3180
NL,D03181,Dealer_3181
DE,D03182,Dealer_3182
FR,D03183,Dealer_3183
HU,D03184,Dealer_3184
NL,D03185,Dealer_3185
DE,D03186,Dealer_3186
FR,D03187,Dealer_3187
HU,D03188,Dealer_3188
NL,D03189,Dealer_3189
DE,D03190,Dealer_3190
FR,D03191,Dealer_3191
HU,D03192,Dealer_3192
NL,D03193,Dealer_3193
DE,D03194,Dealer_3194
FR,D03195,Dealer_3195
HU,D03196,Dealer_3196
NL,D03197,Dealer_3197
DE,D03198,Dealer_3198
FR,D03199,Dealer_3199
HU,D03200,Dealer_3200
NL,D03201,Dealer_3201
DE,D03202,Dealer_3202
FR,D03203,Dealer_3203
HU,D03204,Dealer_3204
NL,D03205,Dealer_3205
DE,D03206,Dealer_3206
FR,D03207,Dealer_3207
HU,D03208,Dealer_3208
NL,D03209,Dealer_3209
DE,D03210,Dealer_3210
FR,D03211,Dealer_3211
HU,D03212,Dealer_3212
NL,D03213,Dealer_3213
DE,D03214,Dealer_3214
FR,D03215,Dealer_3215
HU,D03216,Dealer_3216
NL,D03217,Dealer_3217
DE,D03218,Dealer_3218
FR,D03219,Dealer_3219
HU,D03220,Dealer_3220
NL,D03221,Dealer_3221
DE,D03222,Dealer_3222
FR,D03223,Dealer_3223
HU,D03224,Dealer_3224
NL,D03225,Dealer_3225
DE,D03226,Dealer_3226
FR,D03227,Dealer_3227
HU,D03228,Dealer_3228
NL,D03229,Dealer_3229
DE,D03230,Dealer_3230
FR,D03231,Dealer_3231
HU,D03232,Dealer_3232
NL,D03233,Dealer_3233
DE,D03234,Dealer_3234
FR,D03235,Dealer_3235
HU,D03236,Dealer_3236
NL,D03237,Dealer_3237
DE,D03238,Dealer_3238
FR,D03239,Dealer_3239
HU,D03240,Dealer_3240
NL,D03241,Dealer_3241
DE,D03242,Dealer_3242
FR,D03243,Dealer_3243
HU,D03244,Dealer_3244
NL,D03245,Dealer_3245
DE,D03246,Dealer_3246
FR,D03247,Dealer_3247
HU,D03248,Dealer_3248
NL,D03249,Dealer_3249
DE,D03250,Dealer_3250
FR,D03251,Dealer_3251
HU,D03252,Dealer_3252
NL,D03253,Dealer_3253
DE,D03254,Dealer_3254
FR,D03255,Dealer_3255
HU,D03256,Dealer_3256
NL,D03257,Dealer_3257
DE,D03258,Dealer_3258
FR,D03259,Dealer_3259
HU,D03260,Dealer_3260
NL,D03261,Dealer_3261
DE,D03262,Dealer_3262
FR,D03263,Dealer_3263
HU,D03264,Dealer_3264
NL,D03265,Dealer_3265
DE,D03266,Dealer_3266
FR,D03267,Dealer_3267
HU,D03268,Dealer_3268
NL,D03269,Dealer_3269
DE,D03270,Dealer_3270
FR,D03271,Dealer_3271
HU,D03272,Dealer_3272
NL,D03273,Dealer_3273
DE,D03274,Dealer_3274
FR,D03275,Dealer_3275
HU,D03276,Dealer_3276
NL,D03277,Dealer_3277
DE,D03278,Dealer_3278
FR,D03279,Dealer_3279
HU,D03280,Dealer_3280
NL,D03281,Dealer_3281
DE,D03282,Dealer_3282
FR,D03283,Dealer_3283
HU,D03284,Dealer_3284
NL,D03285,Dealer_3285
DE,D03286,Dealer_3286
FR,D03287,Dealer_3287
HU,D03288,Dealer_3288
NL,D03289,Dealer_3289
DE,D03290,Dealer_3290
FR,D03291,Dealer_3291
HU,D03292,Dealer_3292
NL,D03293,Dealer_3293
DE,D03294,Dealer_3294
FR,D03295,Dealer_3295
HU,D03296,Dealer_3296
NL,D03297,Dealer_3297
DE,D03298,Dealer_3298
FR,D03299,Dealer_3299
HU,D03300,Dealer_3300
NL,D03301,Dealer_3301
DE,D03302,Dealer_3302
FR,D03303,Dealer_3303
HU,D03304,Dealer_3304
NL,D03305,Dealer_3305
DE,D03306,Dealer_3306
FR,D03307,Dealer_3307
HU,D03308,Dealer_3308
NL,D03309,Dealer_3309
DE,D03310,Dealer_3310
FR,D03311,Dealer_3311
HU,D03312,Dealer_3312
NL,D03313,Dealer_3313
DE,D03314,Dealer_3314
FR,D03315,Dealer_3315
HU,D03316,Dealer_3316
NL,D03317,Dealer_3317
DE,D03318,Dealer_3318
FR,D03319,Dealer_3319
HU,D03320,Dealer_3320
NL,D03321,Dealer_3321
DE,D03322,Dealer_3322
FR,D03323,Dealer_3323
HU,D03324,Dealer_3324
NL,D03325,Dealer_3325
DE,D03326,Dealer_3326
FR,D03327,Dealer_3327
HU,D03328,Dealer_3328
NL,D03329,Dealer_3329
DE,D03330,Dealer_3330
FR,D03331,Dealer_3331
HU,D03332,Dealer_3332
NL,D03333,Dealer_3333
DE,D03334,Dealer_3334
FR,D03335,Dealer_3335
HU,D03336,Dealer_3336
NL,D03337,Dealer_3337
DE,D03338,Dealer_3338
FR,D03339,Dealer_3339
HU,D03340,Dealer_3340
NL,D03341,Dealer_3341
DE,D03342,Dealer_3342
FR,D03343,Dealer_3343
HU,D03344,Dealer_3344
NL,D03345,Dealer_3345
DE,D03346,Dealer_3346
FR,D03347,Dealer_3347
HU,D03348,Dealer_3348
NL,D03349,Dealer_3349
DE,D03350,Dealer_3350
FR,D03351,Dealer_3351
HU,D03352,Dealer_3352
NL,D03353,Dealer_3353
DE,D03354,Dealer_3354
FR,D03355,Dealer_3355
HU,D03356,Dealer_3356
NL,D03357,Dealer_3357
DE,D03358,Dealer_3358
FR,D03359,Dealer_3359
HU,D03360,Dealer_3360
NL,D03361,Dealer_3361
DE,D03362,Dealer_3362
FR,D03363,Dealer_3363
HU,D03364,Dealer_3364
NL,D03365,Dealer_3365
DE,D03366,Dealer_3366
FR,D03367,Dealer_3367
HU,D03368,Dealer_3368
NL,D03369,Dealer_3369
DE,D03370,Dealer_3370
FR,D03371,Dealer_3371
HU,D03372,Dealer_3372
NL,D03373,Dealer_3373
DE,D03374,Dealer_3374
FR,D03375,Dealer_3375
HU,D03376,Dealer_3376
NL,D03377,Dealer_3377
DE,D03378,Dealer_3378
FR,D03379,Dealer_3379
HU,D03380,Dealer_3380
NL,D03381,Dealer_3381
DE,D03382,Dealer_3382
FR,D03383,Dealer_3383
HU,D03384,Dealer_3384
NL,D03385,Dealer_3385
DE,D03386,Dealer_3386
FR,D03387,Dealer_3387
HU,D03388,Dealer_3388
NL,D03389,Dealer_3389
DE,D03390,Dealer_3390
FR,D03391,Dealer_3391
HU,D03392,Dealer_3392
NL,D03393,Dealer_3393
DE,D03394,Dealer_3394
FR,D03395,Dealer_3395
HU,D03396,Dealer_3396
NL,D03397,Dealer_3397
DE,D03398,Dealer_3398
FR,D03399,Dealer_3399
HU,D03400,Dealer_3400
NL,D03401,Dealer_3401
DE,D03402,Dealer_3402
FR,D03403,Dealer_3403
HU,D03404,Dealer_3404
NL,D03405,Dealer_3405
DE,D03406,Dealer_3406
FR,D03407,Dealer_3407
HU,D03408,Dealer_3408
NL,D03409,Dealer_3409
DE,D03410,Dealer_3410
FR,D03411,Dealer_3411
HU,D03412,Dealer_3412
NL,D03413,Dealer_3413
DE,D03414,Dealer_3414
FR,D03415,Dealer_3415
HU,D03416,Dealer_3416
NL,D03417,Dealer_3417
DE,D03418,Dealer_3418
FR,D03419,Dealer_3419
HU,D03420,Dealer_3420
NL,D03421,Dealer_3421
DE,D03422,Dealer_3422
FR,D03423,Dealer_3423
HU,D03424,Dealer_3424
NL,D03425,Dealer_3425
DE,D03426,Dealer_3426
FR,D03427,Dealer_3427
HU,D03428,Dealer_3428
NL,D03429,Dealer_3429
DE,D03430,Dealer_3430
FR,D03431,Dealer_3431
HU,D03432,Dealer_3432
NL,D03433,Dealer_3433
DE,D03434,Dealer_3434
FR,D03435,Dealer_3435
HU,D03436,Dealer_3436
NL,D03437,Dealer_3437
DE,D03438,Dealer_3438
FR,D03439,Dealer_3439
HU,D03440,Dealer_3440
NL,D03441,Dealer_3441
DE,D03442,Dealer_3442
FR,D03443,Dealer_3443
HU,D03444,Dealer_3444
NL,D03445,Dealer_3445
DE,D03446,Dealer_3446
FR,D03447,Dealer_3447
HU,D03448,Dealer_3448
NL,D03449,Dealer_3449
DE,D03450,Dealer_3450
FR,D03451,Dealer_3451
HU,D03452,Dealer_3452
NL,D03453,Dealer_3453
DE,D03454,Dealer_3454
FR,D03455,Dealer_3455
HU,D03456,Dealer_3456
NL,D03457,Dealer_3457
DE,D03458,Dealer_3458
FR,D03459,Dealer_3459
HU,D03460,Dealer_3460
NL,D03461,Dealer_3461
DE,D03462,Dealer_3462
FR,D03463,Dealer_3463
HU,D03464,Dealer_3464
NL,D03465,Dealer_3465
DE,D03466,Dealer_3466
FR,D03467,Dealer_3467
HU,D03468,Dealer_3468
NL,D03469,Dealer_3469
DE,D03470,Dealer_3470
FR,D03471,Dealer_3471
HU,D03472,Dealer_3472
NL,D03473,Dealer_3473
DE,D03474,Dealer_3474
FR,D03475,Dealer_3475
HU,D03476,Dealer_3476
NL,D03477,Dealer_3477
DE,D03478,Dealer_3478
FR,D03479,Dealer_3479
HU,D03480,Dealer_3480
NL,D03481,Dealer_3481
DE,D03482,Dealer_3482
FR,D03483,Dealer_3483
HU,D03484,Dealer_3484
NL,D03485,Dealer_3485
DE,D03486,Dealer_3486
FR,D03487,Dealer_3487
HU,D03488,Dealer_3488
NL,D03489,Dealer_3489
DE,D03490,Dealer_3490
FR,D03491,Dealer_3491
HU,D03492,Dealer_3492
NL,D03493,Dealer_3493
DE,D03494,Dealer_3494
FR,D03495,Dealer_3495
HU,D03496,Dealer_3496
NL,D03497,Dealer_3497
DE,D03498,Dealer_3498
FR,D03499,Dealer_3499
HU,D03500,Dealer_3500
NL,D03501,Dealer_3501
DE,D03502,Dealer_3502
FR,D03503,Dealer_3503
HU,D03504,Dealer_3504
NL,D03505,Dealer_3505
DE,D03506,Dealer_3506
FR,D03507,Dealer_3507
HU,D03508,Dealer_3508
NL,D03509,Dealer_3509
DE,D03510,Dealer_3510
FR,D03511,Dealer_3511
HU,D03512,Dealer_3512
NL,D03513,Dealer_3513
DE,D03514,Dealer_3514
FR,D03515,Dealer_3515
HU,D03516,Dealer_3516
NL,D03517,Dealer_3517
DE,D03518,Dealer_3518
FR,D03519,Dealer_3519
HU,D03520,Dealer_3520
NL,D03521,Dealer_3521
DE,D03522,Dealer_3522
FR,D03523,Dealer_3523
HU,D03524,Dealer_3524
NL,D03525,Dealer_3525
DE,D03526,Dealer_3526
FR,D03527,Dealer_3527
HU,D03528,Dealer_3528
NL,D03529,Dealer_3529
DE,D03530,Dealer_3530
FR,D03531,Dealer_3531
HU,D03532,Dealer_3532
NL,D03533,Dealer_3533
DE,D03534,Dealer_3534
FR,D03535,Dealer_3535
HU,D03536,Dealer_3536
NL,D03537,Dealer_3537
DE,D03538,Dealer_3538
FR,D03539,Dealer_3539
HU,D03540,Dealer_3540
NL,D03541,Dealer_3541
DE,D03542,Dealer_3542
FR,D03543,Dealer_3543
HU,D03544,Dealer_3544
NL,D03545,Dealer_3545
DE,D03546,Dealer_3546
FR,D03547,Dealer_3547
HU,D03548,Dealer_3548
NL,D03549,Dealer_3549
DE,D03550,Dealer_3550
FR,D03551,Dealer_3551
HU,D03552,Dealer_3552
NL,D03553,Dealer_3553
DE,D03554,Dealer_3554
FR,D03555,Dealer_3555
HU,D03556,Dealer_3556
NL,D03557,Dealer_3557
DE,D03558,Dealer_3558
FR,D03559,Dealer_3559
HU,D03560,Dealer_3560
NL,D03561,Dealer_3561
DE,D03562,Dealer_3562
FR,D03563,Dealer_3563
HU,D03564,Dealer_3564
NL,D03565,Dealer_3565
DE,D03566,Dealer_3566
FR,D03567,Dealer_3567
HU,D03568,Dealer_3568
NL,D03569,Dealer_3569
DE,D03570,Dealer_3570
FR,D03571,Dealer_3571
HU,D03572,Dealer_3572
NL,D03573,Dealer_3573
DE,D03574,Dealer_3574
FR,D03575,Dealer_3575
HU,D03576,Dealer_3576
NL,D03577,Dealer_3577
DE,D03578,Dealer_3578
FR,D03579,Dealer_3579
HU,D03580,Dealer_3580
NL,D03581,Dealer_3581
DE,D03582,Dealer_3582
FR,D03583,Dealer_3583
HU,D03584,Dealer_3584
NL,D03585,Dealer_3585
DE,D03586,Dealer_3586
FR,D03587,Dealer_3587
HU,D03588,Dealer_3588
NL,D03589,Dealer_3589
DE,D03590,Dealer_3590
FR,D03591,Dealer_3591
HU,D03592,Dealer_3592
NL,D03593,Dealer_3593
DE,D03594,Dealer_3594
FR,D03595,Dealer_3595
HU,D03596,Dealer_3596
NL,D03597,Dealer_3597
DE,D03598,Dealer_3598
FR,D03599,Dealer_3599
HU,D03600,Dealer_3600
NL,D03601,Dealer_3601
DE,D03602,Dealer_3602
FR,D03603,Dealer_3603
HU,D03604,Dealer_3604
NL,D03605,Dealer_3605
DE,D03606,Dealer_3606
FR,D03607,Dealer_3607
HU,D03608,Dealer_3608
NL,D03609,Dealer_3609
DE,D03610,Dealer_3610
FR,D03611,Dealer_3611
HU,D03612,Dealer_3612
NL,D03613,Dealer_3613
DE,D03614,Dealer_3614
FR,D03615,Dealer_3615
HU,D03616,Dealer_3616
NL,D03617,Dealer_3617
DE,D03618,Dealer_3618
FR,D03619,Dealer_3619
HU,D03620,Dealer_3620
NL,D03621,Dealer_3621
DE,D03622,Dealer_3622
FR,D03623,Dealer_3623
HU,D03624,Dealer_3624
NL,D03625,Dealer_3625
DE,D03626,Dealer_3626
FR,D03627,Dealer_3627
HU,D03628,Dealer_3628
NL,D03629,Dealer_3629
DE,D03630,Dealer_3630
FR,D03631,Dealer_3631
HU,D03632,Dealer_3632
NL,D03633,Dealer_3633
DE,D03634,Dealer_3634
FR,D03635,Dealer_3635
HU,D03636,Dealer_3636
NL,D03637,Dealer_3637
DE,D03638,Dealer_3638
FR,D03639,Dealer_3639
HU,D03640,Dealer_3640
NL,D03641,Dealer_3641
DE,D03642,Dealer_3642
FR,D03643,Dealer_3643
HU,D03644,Dealer_3644
NL,D03645,Dealer_3645
DE,D03646,Dealer_3646
FR,D03647,Dealer_3647
HU,D03648,Dealer_3648
NL,D03649,Dealer_3649
DE,D03650,Dealer_3650
FR,D03651,Dealer_3651
HU,D03652,Dealer_3652
NL,D03653,Dealer_3653
DE,D03654,Dealer_3654
FR,D03655,Dealer_3655
HU,D03656,Dealer_3656
NL,D03657,Dealer_3657
DE,D03658,Dealer_3658
FR,D03659,Dealer_3659
HU,D03660,Dealer_3660
NL,D03661,Dealer_3661
DE,D03662,Dealer_3662
FR,D03663,Dealer_3663
HU,D03664,Dealer_3664
NL,D03665,Dealer_3665
DE,D03666,Dealer_3666
FR,D03667,Dealer_3667
HU,D03668,Dealer_3668
NL,D03669,Dealer_3669
DE,D03670,Dealer_3670
FR,D03671,Dealer_3671
HU,D03672,Dealer_3672
NL,D03673,Dealer_3673
DE,D03674,Dealer_3674
FR,D03675,Dealer_3675
HU,D03676,Dealer_3676
NL,D03677,Dealer_3677
DE,D03678,Dealer_3678
FR,D03679,Dealer_3679
HU,D03680,Dealer_3680
NL,D03681,Dealer_3681
DE,D03682,Dealer_3682
FR,D03683,Dealer_3683
HU,D03684,Dealer_3684
NL,D03685,Dealer_3685
DE,D03686,Dealer_3686
FR,D03687,Dealer_3687
HU,D03688,Dealer_3688
NL,D03689,Dealer_3689
DE,D03690,Dealer_3690
FR,D03691,Dealer_3691
HU,D03692,Dealer_3692
NL,D03693,Dealer_3693
DE,D03694,Dealer_3694
FR,D03695,Dealer_3695
HU,D03696,Dealer_3696
NL,D03697,Dealer_3697
DE,D03698,Dealer_3698
FR,D03699,Dealer_3699
HU,D03700,Dealer_3700
NL,D03701,Dealer_3701
DE,D03702,Dealer_3702
FR,D03703,Dealer_3703
HU,D03704,Dealer_3704
NL,D03705,Dealer_3705
DE,D03706,Dealer_3706
FR,D03707,Dealer_3707
HU,D03708,Dealer_3708
NL,D03709,Dealer_3709
DE,D03710,Dealer_3710
FR,D03711,Dealer_3711
HU,D03712,Dealer_3712
NL,D03713,Dealer_3713
DE,D03714,Dealer_3714
FR,D03715,Dealer_3715
HU,D03716,Dealer_3716
NL,D03717,Dealer_3717
DE,D03718,Dealer_3718
FR,D03719,Dealer_3719
HU,D03720,Dealer_3720
NL,D03721,Dealer_3721
DE,D03722,Dealer_3722
FR,D03723,Dealer_3723
HU,D03724,Dealer_3724
NL,D03725,Dealer_3725
DE,D03726,Dealer_3726
FR,D03727,Dealer_3727
HU,D03728,Dealer_3728
NL,D03729,Dealer_3729
DE,D03730,Dealer_3730
FR,D03731,Dealer_3731
HU,D03732,Dealer_3732
NL,D03733,Dealer_3733
DE,D03734,Dealer_3734
FR,D03735,Dealer_3735
HU,D03736,Dealer_3736
NL,D03737,Dealer_3737
DE,D03738,Dealer_3738
FR,D03739,Dealer_3739
HU,D03740,Dealer_3740
NL,D03741,Dealer_3741
DE,D03742,Dealer_3742
FR,D03743,Dealer_3743
HU,D03744,Dealer_3744
NL,D03745,Dealer_3745
DE,D03746,Dealer_3746
FR,D03747,Dealer_3747
HU,D03748,Dealer_3748
NL,D03749,Dealer_3749
DE,D03750,Dealer_3750
FR,D03751,Dealer_3751
HU,D03752,Dealer_3752
NL,D03753,Dealer_3753
DE,D03754,Dealer_3754
FR,D03755,Dealer_3755
HU,D03756,Dealer_3756
NL,D03757,Dealer_3757
DE,D03758,Dealer_3758
FR,D03759,Dealer_3759
HU,D03760,Dealer_3760
NL,D03761,Dealer_3761
DE,D03762,Dealer_3762
FR,D03763,Dealer_3763
HU,D03764,Dealer_3764
NL,D03765,Dealer_3765
DE,D03766,Dealer_3766
FR,D03767,Dealer_3767
HU,D03768,Dealer_3768
NL,D03769,Dealer_3769
DE,D03770,Dealer_3770
FR,D03771,Dealer_3771
HU,D03772,Dealer_3772
NL,D03773,Dealer_3773
DE,D03774,Dealer_3774
FR,D03775,Dealer_3775
HU,D03776,Dealer_3776
NL,D03777,Dealer_3777
DE,D03778,Dealer_3778
FR,D03779,Dealer_3779
HU,D03780,Dealer_3780
NL,D03781,Dealer_3781
DE,D03782,Dealer_3782
FR,D03783,Dealer_3783
HU,D03784,Dealer_3784
NL,D03785,Dealer_3785
DE,D03786,Dealer_3786
FR,D03787,Dealer_3787
HU,D03788,Dealer_3788
NL,D03789,Dealer_3789
DE,D03790,Dealer_3790
FR,D03791,Dealer_3791
HU,D03792,Dealer_3792
NL,D03793,Dealer_3793
DE,D03794,Dealer_3794
FR,D03795,Dealer_3795
HU,D03796,Dealer_3796
NL,D03797,Dealer_3797
DE,D03798,Dealer_3798
FR,D03799,Dealer_3799
HU,D03800,Dealer_3800
NL,D03801,Dealer_3801
DE,D03802,Dealer_3802
FR,D03803,Dealer_3803
HU,D03804,Dealer_3804
NL,D03805,Dealer_3805
DE,D03806,Dealer_3806
FR,D03807,Dealer_3807
HU,D03808,Dealer_3808
NL,D03809,Dealer_3809
DE,D03810,Dealer_3810
FR,D03811,Dealer_3811
HU,D03812,Dealer_3812
NL,D03813,Dealer_3813
DE,D03814,Dealer_3814
FR,D03815,Dealer_3815
HU,D03816,Dealer_3816
NL,D03817,Dealer_3817
DE,D03818,Dealer_3818
FR,D03819,Dealer_3819
HU,D03820,Dealer_3820
NL,D03821,Dealer_3821
DE,D03822,Dealer_3822
FR,D03823,Dealer_3823
HU,D03824,Dealer_3824
NL,D03825,Dealer_3825
DE,D03826,Dealer_3826
FR,D03827,Dealer_3827
HU,D03828,Dealer_3828
NL,D03829,Dealer_3829
DE,D03830,Dealer_3830
FR,D03831,Dealer_3831
HU,D03832,Dealer_3832
NL,D03833,Dealer_3833
DE,D03834,Dealer_3834
FR,D03835,Dealer_3835
HU,D03836,Dealer_3836
NL,D03837,Dealer_3837
DE,D03838,Dealer_3838
FR,D03839,Dealer_3839
HU,D03840,Dealer_3840
NL,D03841,Dealer_3841
DE,D03842,Dealer_3842
FR,D03843,Dealer_3843
HU,D03844,Dealer_3844
NL,D03845,Dealer_3845
DE,D03846,Dealer_3846
FR,D03847,Dealer_3847
HU,D03848,Dealer_3848
NL,D03849,Dealer_3849
DE,D03850,Dealer_3850
FR,D03851,Dealer_3851
HU,D03852,Dealer_3852
NL,D03853,Dealer_3853
DE,D03854,Dealer_3854
FR,D03855,Dealer_3855
HU,D03856,Dealer_3856
NL,D03857,Dealer_3857
DE,D03858,Dealer_3858
FR,D03859,Dealer_3859
HU,D03860,Dealer_3860
NL,D03861,Dealer_3861
DE,D03862,Dealer_3862
FR,D03863,Dealer_3863
HU,D03864,Dealer_3864
NL,D03865,Dealer_3865
DE,D03866,Dealer_3866
FR,D03867,Dealer_3867
HU,D03868,Dealer_3868
NL,D03869,Dealer_3869
DE,D03870,Dealer_3870
FR,D03871,Dealer_3871
HU,D03872,Dealer_3872
NL,D03873,Dealer_3873
DE,D03874,Dealer_3874
FR,D03875,Dealer_3875
HU,D03876,Dealer_3876
NL,D03877,Dealer_3877
DE,D03878,Dealer_3878
FR,D03879,Dealer_3879
HU,D03880,Dealer_3880
NL,D03881,Dealer_3881
DE,D03882,Dealer_3882
FR,D03883,Dealer_3883
HU,D03884,Dealer_3884
NL,D03885,Dealer_3885
DE,D03886,Dealer_3886
FR,D03887,Dealer_3887
HU,D03888,Dealer_3888
NL,D03889,Dealer_3889
DE,D03890,Dealer_3890
FR,D03891,Dealer_3891
HU,D03892,Dealer_3892
NL,D03893,Dealer_3893
DE,D03894,Dealer_3894
FR,D03895,Dealer_3895
HU,D03896,Dealer_3896
NL,D03897,Dealer_3897
DE,D03898,Dealer_3898
FR,D03899,Dealer_3899
HU,D03900,Dealer_3900
NL,D03901,Dealer_3901
DE,D03902,Dealer_3902
FR,D03903,Dealer_3903
HU,D03904,Dealer_3904
NL,D03905,Dealer_3905
DE,D03906,Dealer_3906
FR,D03907,Dealer_3907
HU,D03908,Dealer_3908
NL,D03909,Dealer_3909
DE,D03910,Dealer_3910
FR,D03911,Dealer_3911
HU,D03912,Dealer_3912
NL,D03913,Dealer_3913
DE,D03914,Dealer_3914
FR,D03915,Dealer_3915
HU,D03916,Dealer_3916
NL,D03917,Dealer_3917
DE,D03918,Dealer_3918
FR,D03919,Dealer_3919
HU,D03920,Dealer_3920
NL,D03921,Dealer_3921
DE,D03922,Dealer_3922
FR,D03923,Dealer_3923
HU,D03924,Dealer_3924
NL,D03925,Dealer_3925
DE,D03926,Dealer_3926
FR,D03927,Dealer_3927
HU,D03928,Dealer_3928
NL,D03929,Dealer_3929
DE,D03930,Dealer_3930
FR,D03931,Dealer_3931
HU,D03932,Dealer_3932
NL,D03933,Dealer_3933
DE,D03934,Dealer_3934
FR,D03935,Dealer_3935
HU,D03936,Dealer_3936
NL,D03937,Dealer_3937
DE,D03938,Dealer_3938
FR,D03939,Dealer_3939
HU,D03940,Dealer_3940
NL,D03941,Dealer_3941
DE,D03942,Dealer_3942
FR,D03943,Dealer_3943
HU,D03944,Dealer_3944
NL,D03945,Dealer_3945
DE,D03946,Dealer_3946
FR,D03947,Dealer_3947
HU,D03948,Dealer_3948
NL,D03949,Dealer_3949
DE,D03950,Dealer_3950
FR,D03951,Dealer_3951
HU,D03952,Dealer_3952
NL,D03953,Dealer_3953
DE,D03954,Dealer_3954
FR,D03955,Dealer_3955
HU,D03956,Dealer_3956
NL,D03957,Dealer_3957
DE,D03958,Dealer_3958
FR,D03959,Dealer_3959
HU,D03960,Dealer_3960
NL,D03961,Dealer_3961
DE,D03962,Dealer_3962
FR,D03963,Dealer_3963
HU,D03964,Dealer_3964
NL,D03965,Dealer_3965
DE,D03966,Dealer_3966
FR,D03967,Dealer_3967
HU,D03968,Dealer_3968
NL,D03969,Dealer_3969
DE,D03970,Dealer_3970
FR,D03971,Dealer_3971
HU,D03972,Dealer_3972
NL,D03973,Dealer_3973
DE,D03974,Dealer_3974
FR,D03975,Dealer_3975
HU,D03976,Dealer_3976
NL,D03977,Dealer_3977
DE,D03978,Dealer_3978
FR,D03979,Dealer_3979
HU,D03980,Dealer_3980
NL,D03981,Dealer_3981
DE,D03982,Dealer_3982
FR,D03983,Dealer_3983
HU,D03984,Dealer_3984
NL,D03985,Dealer_3985
DE,D03986,Dealer_3986
FR,D03987,Dealer_3987
HU,D03988,Dealer_3988
NL,D03989,Dealer_3989
DE,D03990,Dealer_3990
FR,D03991,Dealer_3991
HU,D03992,Dealer_3992
NL,D03993,Dealer_3993
DE,D03994,Dealer_3994
FR,D03995,Dealer_3995
HU,D03996,Dealer_3996
NL,D03997,Dealer_3997
DE,D03998,Dealer_3998
FR,D03999,Dealer_3999
HU,D04000,Dealer_4000
NL,D04001,Dealer_4001
DE,D04002,Dealer_4002
FR,D04003,Dealer_4003
HU,D04004,Dealer_4004
NL,D04005,Dealer_4005
DE,D04006,Dealer_4006
FR,D04007,Dealer_4007
HU,D04008,Dealer_4008
NL,D04009,Dealer_4009
DE,D04010,Dealer_4010
FR,D04011,Dealer_4011
HU,D04012,Dealer_4012
NL,D04013,Dealer_4013
DE,D04014,Dealer_4014
FR,D04015,Dealer_4015
HU,D04016,Dealer_4016
NL,D04017,Dealer_4017
DE,D04018,Dealer_4018
FR,D04019,Dealer_4019
HU,D04020,Dealer_4020
NL,D04021,Dealer_4021
DE,D04022,Dealer_4022
FR,D04023,Dealer_4023
HU,D04024,Dealer_4024
NL,D04025,Dealer_4025
DE,D04026,Dealer_4026
FR,D04027,Dealer_4027
HU,D04028,Dealer_4028
NL,D04029,Dealer_4029
DE,D04030,Dealer_4030
FR,D04031,Dealer_4031
HU,D04032,Dealer_4032
NL,D04033,Dealer_4033
DE,D04034,Dealer_4034
FR,D04035,Dealer_4035
HU,D04036,Dealer_4036
NL,D04037,Dealer_4037
DE,D04038,Dealer_4038
FR,D04039,Dealer_4039
HU,D04040,Dealer_4040
NL,D04041,Dealer_4041
DE,D04042,Dealer_4042
FR,D04043,Dealer_4043
HU,D04044,Dealer_4044
NL,D04045,Dealer_4045
DE,D04046,Dealer_4046
FR,D04047,Dealer_4047
HU,D04048,Dealer_4048
NL,D04049,Dealer_4049
DE,D04050,Dealer_4050
FR,D04051,Dealer_4051
HU,D04052,Dealer_4052
NL,D04053,Dealer_4053
DE,D04054,Dealer_4054
FR,D04055,Dealer_4055
HU,D04056,Dealer_4056
NL,D04057,Dealer_4057
DE,D04058,Dealer_4058
FR,D04059,Dealer_4059
HU,D04060,Dealer_4060
NL,D04061,Dealer_4061
DE,D04062,Dealer_4062
FR,D04063,Dealer_4063
HU,D04064,Dealer_4064
NL,D04065,Dealer_4065
DE,D04066,Dealer_4066
FR,D04067,Dealer_4067
HU,D04068,Dealer_4068
NL,D04069,Dealer_4069
DE,D04070,Dealer_4070
FR,D04071,Dealer_4071
HU,D04072,Dealer_4072
NL,D04073,Dealer_4073
DE,D04074,Dealer_4074
FR,D04075,Dealer_4075
HU,D04076,Dealer_4076
NL,D04077,Dealer_4077
DE,D04078,Dealer_4078
FR,D04079,Dealer_4079
HU,D04080,Dealer_4080
NL,D04081,Dealer_4081
DE,D04082,Dealer_4082
FR,D04083,Dealer_4083
HU,D04084,Dealer_4084
NL,D04085,Dealer_4085
DE,D04086,Dealer_4086
FR,D04087,Dealer_4087
HU,D04088,Dealer_4088
NL,D04089,Dealer_4089
DE,D04090,Dealer_4090
FR,D04091,Dealer_4091
HU,D04092,Dealer_4092
NL,D04093,Dealer_4093
DE,D04094,Dealer_4094
FR,D04095,Dealer_4095
HU,D04096,Dealer_4096
NL,D04097,Dealer_4097
DE,D04098,Dealer_4098
FR,D04099,Dealer_4099
HU,D04100,Dealer_4100
NL,D04101,Dealer_4101
DE,D04102,Dealer_4102
FR,D04103,Dealer_4103
HU,D04104,Dealer_4104
NL,D04105,Dealer_4105
DE,D04106,Dealer_4106
FR,D04107,Dealer_4107
HU,D04108,Dealer_4108
NL,D04109,Dealer_4109
DE,D04110,Dealer_4110
FR,D04111,Dealer_4111
HU,D04112,Dealer_4112
NL,D04113,Dealer_4113
DE,D04114,Dealer_4114
FR,D04115,Dealer_4115
HU,D04116,Dealer_4116
NL,D04117,Dealer_4117
DE,D04118,Dealer_4118
FR,D04119,Dealer_4119
HU,D04120,Dealer_4120
NL,D04121,Dealer_4121
DE,D04122,Dealer_4122
FR,D04123,Dealer_4123
HU,D04124,Dealer_4124
NL,D04125,Dealer_4125
DE,D04126,Dealer_4126
FR,D04127,Dealer_4127
HU,D04128,Dealer_4128
NL,D04129,Dealer_4129
DE,D04130,Dealer_4130
FR,D04131,Dealer_4131
HU,D04132,Dealer_4132
NL,D04133,Dealer_4133
DE,D04134,Dealer_4134
FR,D04135,Dealer_4135
HU,D04136,Dealer_4136
NL,D04137,Dealer_4137
DE,D04138,Dealer_4138
FR,D04139,Dealer_4139
HU,D04140,Dealer_4140
NL,D04141,Dealer_4141
DE,D04142,Dealer_4142
FR,D04143,Dealer_4143
HU,D04144,Dealer_4144
NL,D04145,Dealer_4145
DE,D04146,Dealer_4146
FR,D04147,Dealer_4147
HU,D04148,Dealer_4148
NL,D04149,Dealer_4149
DE,D04150,Dealer_4150
FR,D04151,Dealer_4151
HU,D04152,Dealer_4152
NL,D04153,Dealer_4153
DE,D04154,Dealer_4154
FR,D04155,Dealer_4155
HU,D04156,Dealer_4156
NL,D04157,Dealer_4157
DE,D04158,Dealer_4158
FR,D04159,Dealer_4159
HU,D04160,Dealer_4160
NL,D04161,Dealer_4161
DE,D04162,Dealer_4162
FR,D04163,Dealer_4163
HU,D04164,Dealer_4164
NL,D04165,Dealer_4165
DE,D04166,Dealer_4166
FR,D04167,Dealer_4167
HU,D04168,Dealer_4168
NL,D04169,Dealer_4169
DE,D04170,Dealer_4170
FR,D04171,Dealer_4171
HU,D04172,Dealer_4172
NL,D04173,Dealer_4173
DE,D04174,Dealer_4174
FR,D04175,Dealer_4175
HU,D04176,Dealer_4176
NL,D04177,Dealer_4177
DE,D04178,Dealer_4178
FR,D04179,Dealer_4179
HU,D04180,Dealer_4180
NL,D04181,Dealer_4181
DE,D04182,Dealer_4182
FR,D04183,Dealer_4183
HU,D04184,Dealer_4184
NL,D04185,Dealer_4185
DE,D04186,Dealer_4186
FR,D04187,Dealer_4187
HU,D04188,Dealer_4188
NL,D04189,Dealer_4189
DE,D04190,Dealer_4190
FR,D04191,Dealer_4191
HU,D04192,Dealer_4192
NL,D04193,Dealer_4193
DE,D04194,Dealer_4194
FR,D04195,Dealer_4195
HU,D04196,Dealer_4196
NL,D04197,Dealer_4197
DE,D04198,Dealer_4198
FR,D04199,Dealer_4199
HU,D04200,Dealer_4200
NL,D04201,Dealer_4201
DE,D04202,Dealer_4202
FR,D04203,Dealer_4203
HU,D04204,Dealer_4204
NL,D04205,Dealer_4205
DE,D04206,Dealer_4206
FR,D04207,Dealer_4207
HU,D04208,Dealer_4208
NL,D04209,Dealer_4209
DE,D04210,Dealer_4210
FR,D04211,Dealer_4211
HU,D04212,Dealer_4212
NL,D04213,Dealer_4213
DE,D04214,Dealer_4214
FR,D04215,Dealer_4215
HU,D04216,Dealer_4216
NL,D04217,Dealer_4217
DE,D04218,Dealer_4218
FR,D04219,Dealer_4219
HU,D04220,Dealer_4220
NL,D04221,Dealer_4221
DE,D04222,Dealer_4222
FR,D04223,Dealer_4223
HU,D04224,Dealer_4224
NL,D04225,Dealer_4225
DE,D04226,Dealer_4226
FR,D04227,Dealer_4227
HU,D04228,Dealer_4228
NL,D04229,Dealer_4229
DE,D04230,Dealer_4230
FR,D04231,Dealer_4231
HU,D04232,Dealer_4232
NL,D04233,Dealer_4233
DE,D04234,Dealer_4234
FR,D04235,Dealer_4235
HU,D04236,Dealer_4236
NL,D04237,Dealer_4237
DE,D04238,Dealer_4238
FR,D04239,Dealer_4239
HU,D04240,Dealer_4240
NL,D04241,Dealer_4241
DE,D04242,Dealer_4242
FR,D04243,Dealer_4243
HU,D04244,Dealer_4244
NL,D04245,Dealer_4245
DE,D04246,Dealer_4246
FR,D04247,Dealer_4247
HU,D04248,Dealer_4248
NL,D04249,Dealer_4249
DE,D04250,Dealer_4250
FR,D04251,Dealer_4251
HU,D04252,Dealer_4252
NL,D04253,Dealer_4253
DE,D04254,Dealer_4254
FR,D04255,Dealer_4255
HU,D04256,Dealer_4256
NL,D04257,Dealer_4257
DE,D04258,Dealer_4258
FR,D04259,Dealer_4259
HU,D04260,Dealer_4260
NL,D04261,Dealer_4261
DE,D04262,Dealer_4262
FR,D04263,Dealer_4263
HU,D04264,Dealer_4264
NL,D04265,Dealer_4265
DE,D04266,Dealer_4266
FR,D04267,Dealer_4267
HU,D04268,Dealer_4268
NL,D04269,Dealer_4269
DE,D04270,Dealer_4270
FR,D04271,Dealer_4271
HU,D04272,Dealer_4272
NL,D04273,Dealer_4273
DE,D04274,Dealer_4274
FR,D04275,Dealer_4275
HU,D04276,Dealer_4276
NL,D04277,Dealer_4277
DE,D04278,Dealer_4278
FR,D04279,Dealer_4279
HU,D04280,Dealer_4280
NL,D04281,Dealer_4281
DE,D04282,Dealer_4282
FR,D04283,Dealer_4283
HU,D04284,Dealer_4284
NL,D04285,Dealer_4285
DE,D04286,Dealer_4286
FR,D04287,Dealer_4287
HU,D04288,Dealer_4288
NL,D04289,Dealer_4289
DE,D04290,Dealer_4290
FR,D04291,Dealer_4291
HU,D04292,Dealer_4292
NL,D04293,Dealer_4293
DE,D04294,Dealer_4294
FR,D04295,Dealer_4295
HU,D04296,Dealer_4296
NL,D04297,Dealer_4297
DE,D04298,Dealer_4298
FR,D04299,Dealer_4299
HU,D04300,Dealer_4300
NL,D04301,Dealer_4301
DE,D04302,Dealer_4302
FR,D04303,Dealer_4303
HU,D04304,Dealer_4304
NL,D04305,Dealer_4305
DE,D04306,Dealer_4306
FR,D04307,Dealer_4307
HU,D04308,Dealer_4308
NL,D04309,Dealer_4309
DE,D04310,Dealer_4310
FR,D04311,Dealer_4311
HU,D04312,Dealer_4312
NL,D04313,Dealer_4313
DE,D04314,Dealer_4314
FR,D04315,Dealer_4315
HU,D04316,Dealer_4316
NL,D04317,Dealer_4317
DE,D04318,Dealer_4318
FR,D04319,Dealer_4319
HU,D04320,Dealer_4320
NL,D04321,Dealer_4321
DE,D04322,Dealer_4322
FR,D04323,Dealer_4323
HU,D04324,Dealer_4324
NL,D04325,Dealer_4325
DE,D04326,Dealer_4326
FR,D04327,Dealer_4327
HU,D04328,Dealer_4328
NL,D04329,Dealer_4329
DE,D04330,Dealer_4330
FR,D04331,Dealer_4331
HU,D04332,Dealer_4332
NL,D04333,Dealer_4333
DE,D04334,Dealer_4334
FR,D04335,Dealer_4335
HU,D04336,Dealer_4336
NL,D04337,Dealer_4337
DE,D04338,Dealer_4338
FR,D04339,Dealer_4339
HU,D04340,Dealer_4340
NL,D04341,Dealer_4341
DE,D04342,Dealer_4342
FR,D04343,Dealer_4343
HU,D04344,Dealer_4344
NL,D04345,Dealer_4345
DE,D04346,Dealer_4346
FR,D04347,Dealer_4347
HU,D04348,Dealer_4348
NL,D04349,Dealer_4349
DE,D04350,Dealer_4350
FR,D04351,Dealer_4351
HU,D04352,Dealer_4352
NL,D04353,Dealer_4353
DE,D04354,Dealer_4354
FR,D04355,Dealer_4355
HU,D04356,Dealer_4356
NL,D04357,Dealer_4357
DE,D04358,Dealer_4358
FR,D04359,Dealer_4359
HU,D04360,Dealer_4360
NL,D04361,Dealer_4361
DE,D04362,Dealer_4362
FR,D04363,Dealer_4363
HU,D04364,Dealer_4364
NL,D04365,Dealer_4365
DE,D04366,Dealer_4366
FR,D04367,Dealer_4367
HU,D04368,Dealer_4368
NL,D04369,Dealer_4369
DE,D04370,Dealer_4370
FR,D04371,Dealer_4371
HU,D04372,Dealer_4372
NL,D04373,Dealer_4373
DE,D04374,Dealer_4374
FR,D04375,Dealer_4375
HU,D04376,Dealer_4376
NL,D04377,Dealer_4377
DE,D04378,Dealer_4378
FR,D04379,Dealer_4379
HU,D04380,Dealer_4380
NL,D04381,Dealer_4381
DE,D04382,Dealer_4382
FR,D04383,Dealer_4383
HU,D04384,Dealer_4384
NL,D04385,Dealer_4385
DE,D04386,Dealer_4386
FR,D04387,Dealer_4387
HU,D04388,Dealer_4388
NL,D04389,Dealer_4389
DE,D04390,Dealer_4390
FR,D04391,Dealer_4391
HU,D04392,Dealer_4392
NL,D04393,Dealer_4393
DE,D04394,Dealer_4394
FR,D04395,Dealer_4395
HU,D04396,Dealer_4396
NL,D04397,Dealer_4397
DE,D04398,Dealer_4398
FR,D04399,Dealer_4399
HU,D04400,Dealer_4400
NL,D04401,Dealer_4401
DE,D04402,Dealer_4402
FR,D04403,Dealer_4403
HU,D04404,Dealer_4404
NL,D04405,Dealer_4405
DE,D04406,Dealer_4406
FR,D04407,Dealer_4407
HU,D04408,Dealer_4408
NL,D04409,Dealer_4409
DE,D04410,Dealer_4410
FR,D04411,Dealer_4411
HU,D04412,Dealer_4412
NL,D04413,Dealer_4413
DE,D04414,Dealer_4414
FR,D04415,Dealer_4415
HU,D04416,Dealer_4416
NL,D04417,Dealer_4417
DE,D04418,Dealer_4418
FR,D04419,Dealer_4419
HU,D04420,Dealer_4420
NL,D04421,Dealer_4421
DE,D04422,Dealer_4422
FR,D04423,Dealer_4423
HU,D04424,Dealer_4424
NL,D04425,Dealer_4425
DE,D04426,Dealer_4426
FR,D04427,Dealer_4427
HU,D04428,Dealer_4428
NL,D04429,Dealer_4429
DE,D04430,Dealer_4430
FR,D04431,Dealer_4431
HU,D04432,Dealer_4432
NL,D04433,Dealer_4433
DE,D04434,Dealer_4434
FR,D04435,Dealer_4435
HU,D04436,Dealer_4436
NL,D04437,Dealer_4437
DE,D04438,Dealer_4438
FR,D04439,Dealer_4439
HU,D04440,Dealer_4440
NL,D04441,Dealer_4441
DE,D04442,Dealer_4442
FR,D04443,Dealer_4443
HU,D04444,Dealer_4444
NL,D04445,Dealer_4445
DE,D04446,Dealer_4446
FR,D04447,Dealer_4447
HU,D04448,Dealer_4448
NL,D04449,Dealer_4449
DE,D04450,Dealer_4450
FR,D04451,Dealer_4451
HU,D04452,Dealer_4452
NL,D04453,Dealer_4453
DE,D04454,Dealer_4454
FR,D04455,Dealer_4455
HU,D04456,Dealer_4456
NL,D04457,Dealer_4457
DE,D04458,Dealer_4458
FR,D04459,Dealer_4459
HU,D04460,Dealer_4460
NL,D04461,Dealer_4461
DE,D04462,Dealer_4462
FR,D04463,Dealer_4463
HU,D04464,Dealer_4464
NL,D04465,Dealer_4465
DE,D04466,Dealer_4466
FR,D04467,Dealer_4467
HU,D04468,Dealer_4468
NL,D04469,Dealer_4469
DE,D04470,Dealer_4470
FR,D04471,Dealer_4471
HU,D04472,Dealer_4472
NL,D04473,Dealer_4473
DE,D04474,Dealer_4474
FR,D04475,Dealer_4475
HU,D04476,Dealer_4476
NL,D04477,Dealer_4477
DE,D04478,Dealer_4478
FR,D04479,Dealer_4479
HU,D04480,Dealer_4480
NL,D04481,Dealer_4481
DE,D04482,Dealer_4482
FR,D04483,Dealer_4483
HU,D04484,Dealer_4484
NL,D04485,Dealer_4485
DE,D04486,Dealer_4486
FR,D04487,Dealer_4487
HU,D04488,Dealer_4488
NL,D04489,Dealer_4489
DE,D04490,Dealer_4490
FR,D04491,Dealer_4491
HU,D04492,Dealer_4492
NL,D04493,Dealer_4493
DE,D04494,Dealer_4494
FR,D04495,Dealer_4495
HU,D04496,Dealer_4496
NL,D04497,Dealer_4497
DE,D04498,Dealer_4498
FR,D04499,Dealer_4499
HU,D04500,Dealer_4500
NL,D04501,Dealer_4501
DE,D04502,Dealer_4502
FR,D04503,Dealer_4503
HU,D04504,Dealer_4504
NL,D04505,Dealer_4505
DE,D04506,Dealer_4506
FR,D04507,Dealer_4507
HU,D04508,Dealer_4508
NL,D04509,Dealer_4509
DE,D04510,Dealer_4510
FR,D04511,Dealer_4511
HU,D04512,Dealer_4512
NL,D04513,Dealer_4513
DE,D04514,Dealer_4514
FR,D04515,Dealer_4515
HU,D04516,Dealer_4516
NL,D04517,Dealer_4517
DE,D04518,Dealer_4518
FR,D04519,Dealer_4519
HU,D04520,Dealer_4520
NL,D04521,Dealer_4521
DE,D04522,Dealer_4522
FR,D04523,Dealer_4523
HU,D04524,Dealer_4524
NL,D04525,Dealer_4525
DE,D04526,Dealer_4526
FR,D04527,Dealer_4527
HU,D04528,Dealer_4528
NL,D04529,Dealer_4529
DE,D04530,Dealer_4530
FR,D04531,Dealer_4531
HU,D04532,Dealer_4532
NL,D04533,Dealer_4533
DE,D04534,Dealer_4534
FR,D04535,Dealer_4535
HU,D04536,Dealer_4536
NL,D04537,Dealer_4537
DE,D04538,Dealer_4538
FR,D04539,Dealer_4539
HU,D04540,Dealer_4540
NL,D04541,Dealer_4541
DE,D04542,Dealer_4542
FR,D04543,Dealer_4543
HU,D04544,Dealer_4544
NL,D04545,Dealer_4545
DE,D04546,Dealer_4546
FR,D04547,Dealer_4547
HU,D04548,Dealer_4548
NL,D04549,Dealer_4549
DE,D04550,Dealer_4550
FR,D04551,Dealer_4551
HU,D04552,Dealer_4552
NL,D04553,Dealer_4553
DE,D04554,Dealer_4554
FR,D04555,Dealer_4555
HU,D04556,Dealer_4556
NL,D04557,Dealer_4557
DE,D04558,Dealer_4558
FR,D04559,Dealer_4559
HU,D04560,Dealer_4560
NL,D04561,Dealer_4561
DE,D04562,Dealer_4562
FR,D04563,Dealer_4563
HU,D04564,Dealer_4564
NL,D04565,Dealer_4565
DE,D04566,Dealer_4566
FR,D04567,Dealer_4567
HU,D04568,Dealer_4568
NL,D04569,Dealer_4569
DE,D04570,Dealer_4570
FR,D04571,Dealer_4571
HU,D04572,Dealer_4572
NL,D04573,Dealer_4573
DE,D04574,Dealer_4574
FR,D04575,Dealer_4575
HU,D04576,Dealer_4576
NL,D04577,Dealer_4577
DE,D04578,Dealer_4578
FR,D04579,Dealer_4579
HU,D04580,Dealer_4580
NL,D04581,Dealer_4581
DE,D04582,Dealer_4582
FR,D04583,Dealer_4583
HU,D04584,Dealer_4584
NL,D04585,Dealer_4585
DE,D04586,Dealer_4586
FR,D04587,Dealer_4587
HU,D04588,Dealer_4588
NL,D04589,Dealer_4589
DE,D04590,Dealer_4590
FR,D04591,Dealer_4591
HU,D04592,Dealer_4592
NL,D04593,Dealer_4593
DE,D04594,Dealer_4594
FR,D04595,Dealer_4595
HU,D04596,Dealer_4596
NL,D04597,Dealer_4597
DE,D04598,Dealer_4598
FR,D04599,Dealer_4599
HU,D04600,Dealer_4600
NL,D04601,Dealer_4601
DE,D04602,Dealer_4602
FR,D04603,Dealer_4603
HU,D04604,Dealer_4604
NL,D04605,Dealer_4605
DE,D04606,Dealer_4606
FR,D04607,Dealer_4607
HU,D04608,Dealer_4608
NL,D04609,Dealer_4609
DE,D04610,Dealer_4610
FR,D04611,Dealer_4611
HU,D04612,Dealer_4612
NL,D04613,Dealer_4613
DE,D04614,Dealer_4614
FR,D04615,Dealer_4615
HU,D04616,Dealer_4616
NL,D04617,Dealer_4617
DE,D04618,Dealer_4618
FR,D04619,Dealer_4619
HU,D04620,Dealer_4620
NL,D04621,Dealer_4621
DE,D04622,Dealer_4622
FR,D04623,Dealer_4623
HU,D04624,Dealer_4624
NL,D04625,Dealer_4625
DE,D04626,Dealer_4626
FR,D04627,Dealer_4627
HU,D04628,Dealer_4628
NL,D04629,Dealer_4629
DE,D04630,Dealer_4630
FR,D04631,Dealer_4631
HU,D04632,Dealer_4632
NL,D04633,Dealer_4633
DE,D04634,Dealer_4634
FR,D04635,Dealer_4635
HU,D04636,Dealer_4636
NL,D04637,Dealer_4637
DE,D04638,Dealer_4638
FR,D04639,Dealer_4639
HU,D04640,Dealer_4640
NL,D04641,Dealer_4641
DE,D04642,Dealer_4642
FR,D04643,Dealer_4643
HU,D04644,Dealer_4644
NL,D04645,Dealer_4645
DE,D04646,Dealer_4646
FR,D04647,Dealer_4647
HU,D04648,Dealer_4648
NL,D04649,Dealer_4649
DE,D04650,Dealer_4650
FR,D04651,Dealer_4651
HU,D04652,Dealer_4652
NL,D04653,Dealer_4653
DE,D04654,Dealer_4654
FR,D04655,Dealer_4655
HU,D04656,Dealer_4656
NL,D04657,Dealer_4657
DE,D04658,Dealer_4658
FR,D04659,Dealer_4659
HU,D04660,Dealer_4660
NL,D04661,Dealer_4661
DE,D04662,Dealer_4662
FR,D04663,Dealer_4663
HU,D04664,Dealer_4664
NL,D04665,Dealer_4665
DE,D04666,Dealer_4666
FR,D04667,Dealer_4667
HU,D04668,Dealer_4668
NL,D04669,Dealer_4669
DE,D04670,Dealer_4670
FR,D04671,Dealer_4671
HU,D04672,Dealer_4672
NL,D04673,Dealer_4673
DE,D04674,Dealer_4674
FR,D04675,Dealer_4675
HU,D04676,Dealer_4676
NL,D04677,Dealer_4677
DE,D04678,Dealer_4678
FR,D04679,Dealer_4679
HU,D04680,Dealer_4680
NL,D04681,Dealer_4681
DE,D04682,Dealer_4682
FR,D04683,Dealer_4683
HU,D04684,Dealer_4684
NL,D04685,Dealer_4685
DE,D04686,Dealer_4686
FR,D04687,Dealer_4687
HU,D04688,Dealer_4688
NL,D04689,Dealer_4689
DE,D04690,Dealer_4690
FR,D04691,Dealer_4691
HU,D04692,Dealer_4692
NL,D04693,Dealer_4693
DE,D04694,Dealer_4694
FR,D04695,Dealer_4695
HU,D04696,Dealer_4696
NL,D04697,Dealer_4697
DE,D04698,Dealer_4698
FR,D04699,Dealer_4699
HU,D04700,Dealer_4700
NL,D04701,Dealer_4701
DE,D04702,Dealer_4702
FR,D04703,Dealer_4703
HU,D04704,Dealer_4704
NL,D04705,Dealer_4705
DE,D04706,Dealer_4706
FR,D04707,Dealer_4707
HU,D04708,Dealer_4708
NL,D04709,Dealer_4709
DE,D04710,Dealer_4710
FR,D04711,Dealer_4711
HU,D04712,Dealer_4712
NL,D04713,Dealer_4713
DE,D04714,Dealer_4714
FR,D04715,Dealer_4715
HU,D04716,Dealer_4716
NL,D04717,Dealer_4717
DE,D04718,Dealer_4718
FR,D04719,Dealer_4719
HU,D04720,Dealer_4720
NL,D04721,Dealer_4721
DE,D04722,Dealer_4722
FR,D04723,Dealer_4723
HU,D04724,Dealer_4724
NL,D04725,Dealer_4725
DE,D04726,Dealer_4726
FR,D04727,Dealer_4727
HU,D04728,Dealer_4728
NL,D04729,Dealer_4729
DE,D04730,Dealer_4730
FR,D04731,Dealer_4731
HU,D04732,Dealer_4732
NL,D04733,Dealer_4733
DE,D04734,Dealer_4734
FR,D04735,Dealer_4735
HU,D04736,Dealer_4736
NL,D04737,Dealer_4737
DE,D04738,Dealer_4738
FR,D04739,Dealer_4739
HU,D04740,Dealer_4740
NL,D04741,Dealer_4741
DE,D04742,Dealer_4742
FR,D04743,Dealer_4743
HU,D04744,Dealer_4744
NL,D04745,Dealer_4745
DE,D04746,Dealer_4746
FR,D04747,Dealer_4747
HU,D04748,Dealer_4748
NL,D04749,Dealer_4749
DE,D04750,Dealer_4750
FR,D04751,Dealer_4751
HU,D04752,Dealer_4752
NL,D04753,Dealer_4753
DE,D04754,Dealer_4754
FR,D04755,Dealer_4755
HU,D04756,Dealer_4756
NL,D04757,Dealer_4757
DE,D04758,Dealer_4758
FR,D04759,Dealer_4759
HU,D04760,Dealer_4760
NL,D04761,Dealer_4761
DE,D04762,Dealer_4762
FR,D04763,Dealer_4763
HU,D04764,Dealer_4764
NL,D04765,Dealer_4765
DE,D04766,Dealer_4766
FR,D04767,Dealer_4767
HU,D04768,Dealer_4768
NL,D04769,Dealer_4769
DE,D04770,Dealer_4770
FR,D04771,Dealer_4771
HU,D04772,Dealer_4772
NL,D04773,Dealer_4773
DE,D04774,Dealer_4774
FR,D04775,Dealer_4775
HU,D04776,Dealer_4776
NL,D04777,Dealer_4777
DE,D04778,Dealer_4778
FR,D04779,Dealer_4779
HU,D04780,Dealer_4780
NL,D04781,Dealer_4781
DE,D04782,Dealer_4782
FR,D04783,Dealer_4783
HU,D04784,Dealer_4784
NL,D04785,Dealer_4785
DE,D04786,Dealer_4786
FR,D04787,Dealer_4787
HU,D04788,Dealer_4788
NL,D04789,Dealer_4789
DE,D04790,Dealer_4790
FR,D04791,Dealer_4791
HU,D04792,Dealer_4792
NL,D04793,Dealer_4793
DE,D04794,Dealer_4794
FR,D04795,Dealer_4795
HU,D04796,Dealer_4796
NL,D04797,Dealer_4797
DE,D04798,Dealer_4798
FR,D04799,Dealer_4799
HU,D04800,Dealer_4800
NL,D04801,Dealer_4801
DE,D04802,Dealer_4802
FR,D04803,Dealer_4803
HU,D04804,Dealer_4804
NL,D04805,Dealer_4805
DE,D04806,Dealer_4806
FR,D04807,Dealer_4807
HU,D04808,Dealer_4808
NL,D04809,Dealer_4809
DE,D04810,Dealer_4810
FR,D04811,Dealer_4811
HU,D04812,Dealer_4812
NL,D04813,Dealer_4813
DE,D04814,Dealer_4814
FR,D04815,Dealer_4815
HU,D04816,Dealer_4816
NL,D04817,Dealer_4817
DE,D04818,Dealer_4818
FR,D04819,Dealer_4819
HU,D04820,Dealer_4820
NL,D04821,Dealer_4821
DE,D04822,Dealer_4822
FR,D04823,Dealer_4823
HU,D04824,Dealer_4824
NL,D04825,Dealer_4825
DE,D04826,Dealer_4826
FR,D04827,Dealer_4827
HU,D04828,Dealer_4828
NL,D04829,Dealer_4829
DE,D04830,Dealer_4830
FR,D04831,Dealer_4831
HU,D04832,Dealer_4832
NL,D04833,Dealer_4833
DE,D04834,Dealer_4834
FR,D04835,Dealer_4835
HU,D04836,Dealer_4836
NL,D04837,Dealer_4837
DE,D04838,Dealer_4838
FR,D04839,Dealer_4839
HU,D04840,Dealer_4840
NL,D04841,Dealer_4841
DE,D04842,Dealer_4842
FR,D04843,Dealer_4843
HU,D04844,Dealer_4844
NL,D04845,Dealer_4845
DE,D04846,Dealer_4846
FR,D04847,Dealer_4847
HU,D04848,Dealer_4848
NL,D04849,Dealer_4849
DE,D04850,Dealer_4850
FR,D04851,Dealer_4851
HU,D04852,Dealer_4852
NL,D04853,Dealer_4853
DE,D04854,Dealer_4854
FR,D04855,Dealer_4855
HU,D04856,Dealer_4856
NL,D04857,Dealer_4857
DE,D04858,Dealer_4858
FR,D04859,Dealer_4859
HU,D04860,Dealer_4860
NL,D04861,Dealer_4861
DE,D04862,Dealer_4862
FR,D04863,Dealer_4863
HU,D04864,Dealer_4864
NL,D04865,Dealer_4865
DE,D04866,Dealer_4866
FR,D04867,Dealer_4867
HU,D04868,Dealer_4868
NL,D04869,Dealer_4869
DE,D04870,Dealer_4870
FR,D04871,Dealer_4871
HU,D04872,Dealer_4872
NL,D04873,Dealer_4873
DE,D04874,Dealer_4874
FR,D04875,Dealer_4875
HU,D04876,Dealer_4876
NL,D04877,Dealer_4877
DE,D04878,Dealer_4878
FR,D04879,Dealer_4879
HU,D04880,Dealer_4880
NL,D04881,Dealer_4881
DE,D04882,Dealer_4882
FR,D04883,Dealer_4883
HU,D04884,Dealer_4884
NL,D04885,Dealer_4885
DE,D04886,Dealer_4886
FR,D04887,Dealer_4887
HU,D04888,Dealer_4888
NL,D04889,Dealer_4889
DE,D04890,Dealer_4890
FR,D04891,Dealer_4891
HU,D04892,Dealer_4892
NL,D04893,Dealer_4893
DE,D04894,Dealer_4894
FR,D04895,Dealer_4895
HU,D04896,Dealer_4896
NL,D04897,Dealer_4897
DE,D04898,Dealer_4898
FR,D04899,Dealer_4899
HU,D04900,Dealer_4900
NL,D04901,Dealer_4901
DE,D04902,Dealer_4902
FR,D04903,Dealer_4903
HU,D04904,Dealer_4904
NL,D04905,Dealer_4905
DE,D04906,Dealer_4906
FR,D04907,Dealer_4907
HU,D04908,Dealer_4908
NL,D04909,Dealer_4909
DE,D04910,Dealer_4910
FR,D04911,Dealer_4911
HU,D04912,Dealer_4912
NL,D04913,Dealer_4913
DE,D04914,Dealer_4914
FR,D04915,Dealer_4915
HU,D04916,Dealer_4916
NL,D04917,Dealer_4917
DE,D04918,Dealer_4918
FR,D04919,Dealer_4919
HU,D04920,Dealer_4920
NL,D04921,Dealer_4921
DE,D04922,Dealer_4922
FR,D04923,Dealer_4923
HU,D04924,Dealer_4924
NL,D04925,Dealer_4925
DE,D04926,Dealer_4926
FR,D04927,Dealer_4927
HU,D04928,Dealer_4928
NL,D04929,Dealer_4929
DE,D04930,Dealer_4930
FR,D04931,Dealer_4931
HU,D04932,Dealer_4932
NL,D04933,Dealer_4933
DE,D04934,Dealer_4934
FR,D04935,Dealer_4935
HU,D04936,Dealer_4936
NL,D04937,Dealer_4937
DE,D04938,Dealer_4938
FR,D04939,Dealer_4939
HU,D04940,Dealer_4940
NL,D04941,Dealer_4941
DE,D04942,Dealer_4942
FR,D04943,Dealer_4943
HU,D04944,Dealer_4944
NL,D04945,Dealer_4945
DE,D04946,Dealer_4946
FR,D04947,Dealer_4947
HU,D04948,Dealer_4948
NL,D04949,Dealer_4949
DE,D04950,Dealer_4950
FR,D04951,Dealer_4951
HU,D04952,Dealer_4952
NL,D04953,Dealer_4953
DE,D04954,Dealer_4954
FR,D04955,Dealer_4955
HU,D04956,Dealer_4956
NL,D04957,Dealer_4957
DE,D04958,Dealer_4958
FR,D04959,Dealer_4959
HU,D04960,Dealer_4960
NL,D04961,Dealer_4961
DE,D04962,Dealer_4962
FR,D04963,Dealer_4963
HU,D04964,Dealer_4964
NL,D04965,Dealer_4965
DE,D04966,Dealer_4966
FR,D04967,Dealer_4967
HU,D04968,Dealer_4968
NL,D04969,Dealer_4969
DE,D04970,Dealer_4970
FR,D04971,Dealer_4971
HU,D04972,Dealer_4972
NL,D04973,Dealer_4973
DE,D04974,Dealer_4974
FR,D04975,Dealer_4975
HU,D04976,Dealer_4976
NL,D04977,Dealer_4977
DE,D04978,Dealer_4978
FR,D04979,Dealer_4979
HU,D04980,Dealer_4980
NL,D04981,Dealer_4981
DE,D04982,Dealer_4982
FR,D04983,Dealer_4983
HU,D04984,Dealer_4984
NL,D04985,Dealer_4985
DE,D04986,Dealer_4986
FR,D04987,Dealer_4987
HU,D04988,Dealer_4988
NL,D04989,Dealer_4989
DE,D04990,Dealer_4990
FR,D04991,Dealer_4991
HU,D04992,Dealer_4992
NL,D04993,Dealer_4993
DE,D04994,Dealer_4994
FR,D04995,Dealer_4995
HU,D04996,Dealer_4996
NL,D04997,Dealer_4997
DE,D04998,Dealer_4998
FR,D04999,Dealer_4999
HU,D05000,Dealer_5000
NL,D05001,Dealer_5001
DE,D05002,Dealer_5002
FR,D05003,Dealer_5003
HU,D05004,Dealer_5004
NL,D05005,Dealer_5005
DE,D05006,Dealer_5006
FR,D05007,Dealer_5007
HU,D05008,Dealer_5008
NL,D05009,Dealer_5009
DE,D05010,Dealer_5010
FR,D05011,Dealer_5011
HU,D05012,Dealer_5012
NL,D05013,Dealer_5013
DE,D05014,Dealer_5014
FR,D05015,Dealer_5015
HU,D05016,Dealer_5016
NL,D05017,Dealer_5017
DE,D05018,Dealer_5018
FR,D05019,Dealer_5019
HU,D05020,Dealer_5020
NL,D05021,Dealer_5021
DE,D05022,Dealer_5022
FR,D05023,Dealer_5023
HU,D05024,Dealer_5024
NL,D05025,Dealer_5025
DE,D05026,Dealer_5026
FR,D05027,Dealer_5027
HU,D05028,Dealer_5028
NL,D05029,Dealer_5029
DE,D05030,Dealer_5030
FR,D05031,Dealer_5031
HU,D05032,Dealer_5032
NL,D05033,Dealer_5033
DE,D05034,Dealer_5034
FR,D05035,Dealer_5035
HU,D05036,Dealer_5036
NL,D05037,Dealer_5037
DE,D05038,Dealer_5038
FR,D05039,Dealer_5039
HU,D05040,Dealer_5040
NL,D05041,Dealer_5041
DE,D05042,Dealer_5042
FR,D05043,Dealer_5043
HU,D05044,Dealer_5044
NL,D05045,Dealer_5045
DE,D05046,Dealer_5046
FR,D05047,Dealer_5047
HU,D05048,Dealer_5048
NL,D05049,Dealer_5049
DE,D05050,Dealer_5050
FR,D05051,Dealer_5051
HU,D05052,Dealer_5052
NL,D05053,Dealer_5053
DE,D05054,Dealer_5054
FR,D05055,Dealer_5055
HU,D05056,Dealer_5056
NL,D05057,Dealer_5057
DE,D05058,Dealer_5058
FR,D05059,Dealer_5059
HU,D05060,Dealer_5060
NL,D05061,Dealer_5061
DE,D05062,Dealer_5062
FR,D05063,Dealer_5063
HU,D05064,Dealer_5064
NL,D05065,Dealer_5065
DE,D05066,Dealer_5066
FR,D05067,Dealer_5067
HU,D05068,Dealer_5068
NL,D05069,Dealer_5069
DE,D05070,Dealer_5070
FR,D05071,Dealer_5071
HU,D05072,Dealer_5072
NL,D05073,Dealer_5073
DE,D05074,Dealer_5074
FR,D05075,Dealer_5075
HU,D05076,Dealer_5076
NL,D05077,Dealer_5077
DE,D05078,Dealer_5078
FR,D05079,Dealer_5079
HU,D05080,Dealer_5080
NL,D05081,Dealer_5081
DE,D05082,Dealer_5082
FR,D05083,Dealer_5083
HU,D05084,Dealer_5084
NL,D05085,Dealer_5085
DE,D05086,Dealer_5086
FR,D05087,Dealer_5087
HU,D05088,Dealer_5088
NL,D05089,Dealer_5089
DE,D05090,Dealer_5090
FR,D05091,Dealer_5091
HU,D05092,Dealer_5092
NL,D05093,Dealer_5093
DE,D05094,Dealer_5094
FR,D05095,Dealer_5095
HU,D05096,Dealer_5096
NL,D05097,Dealer_5097
DE,D05098,Dealer_5098
FR,D05099,Dealer_5099
HU,D05100,Dealer_5100
NL,D05101,Dealer_5101
DE,D05102,Dealer_5102
FR,D05103,Dealer_5103
HU,D05104,Dealer_5104
NL,D05105,Dealer_5105
DE,D05106,Dealer_5106
FR,D05107,Dealer_5107
HU,D05108,Dealer_5108
NL,D05109,Dealer_5109
DE,D05110,Dealer_5110
FR,D05111,Dealer_5111
HU,D05112,Dealer_5112
NL,D05113,Dealer_5113
DE,D05114,Dealer_5114
FR,D05115,Dealer_5115
HU,D05116,Dealer_5116
NL,D05117,Dealer_5117
DE,D05118,Dealer_5118
FR,D05119,Dealer_5119
HU,D05120,Dealer_5120
NL,D05121,Dealer_5121
DE,D05122,Dealer_5122
FR,D05123,Dealer_5123
HU,D05124,Dealer_5124
NL,D05125,Dealer_5125
DE,D05126,Dealer_5126
FR,D05127,Dealer_5127
HU,D05128,Dealer_5128
NL,D05129,Dealer_5129
DE,D05130,Dealer_5130
FR,D05131,Dealer_5131
HU,D05132,Dealer_5132
NL,D05133,Dealer_5133
DE,D05134,Dealer_5134
FR,D05135,Dealer_5135
HU,D05136,Dealer_5136
NL,D05137,Dealer_5137
DE,D05138,Dealer_5138
FR,D05139,Dealer_5139
HU,D05140,Dealer_5140
NL,D05141,Dealer_5141
DE,D05142,Dealer_5142
FR,D05143,Dealer_5143
HU,D05144,Dealer_5144
NL,D05145,Dealer_5145
DE,D05146,Dealer_5146
FR,D05147,Dealer_5147
HU,D05148,Dealer_5148
NL,D05149,Dealer_5149
DE,D05150,Dealer_5150
FR,D05151,Dealer_5151
HU,D05152,Dealer_5152
NL,D05153,Dealer_5153
DE,D05154,Dealer_5154
FR,D05155,Dealer_5155
HU,D05156,Dealer_5156
NL,D05157,Dealer_5157
DE,D05158,Dealer_5158
FR,D05159,Dealer_5159
HU,D05160,Dealer_5160
NL,D05161,Dealer_5161
DE,D05162,Dealer_5162
FR,D05163,Dealer_5163
HU,D05164,Dealer_5164
NL,D05165,Dealer_5165
DE,D05166,Dealer_5166
FR,D05167,Dealer_5167
HU,D05168,Dealer_5168
NL,D05169,Dealer_5169
DE,D05170,Dealer_5170
FR,D05171,Dealer_5171
HU,D05172,Dealer_5172
NL,D05173,Dealer_5173
DE,D05174,Dealer_5174
FR,D05175,Dealer_5175
HU,D05176,Dealer_5176
NL,D05177,Dealer_5177
DE,D05178,Dealer_5178
FR,D05179,Dealer_5179
HU,D05180,Dealer_5180
NL,D05181,Dealer_5181
DE,D05182,Dealer_5182
FR,D05183,Dealer_5183
HU,D05184,Dealer_5184
NL,D05185,Dealer_5185
DE,D05186,Dealer_5186
FR,D05187,Dealer_5187
HU,D05188,Dealer_5188
NL,D05189,Dealer_5189
DE,D05190,Dealer_5190
FR,D05191,Dealer_5191
HU,D05192,Dealer_5192
NL,D05193,Dealer_5193
DE,D05194,Dealer_5194
FR,D05195,Dealer_5195
HU,D05196,Dealer_5196
NL,D05197,Dealer_5197
DE,D05198,Dealer_5198
FR,D05199,Dealer_5199
HU,D05200,Dealer_5200
NL,D05201,Dealer_5201
DE,D05202,Dealer_5202
FR,D05203,Dealer_5203
HU,D05204,Dealer_5204
NL,D05205,Dealer_5205
DE,D05206,Dealer_5206
FR,D05207,Dealer_5207
HU,D05208,Dealer_5208
NL,D05209,Dealer_5209
DE,D05210,Dealer_5210
FR,D05211,Dealer_5211
HU,D05212,Dealer_5212
NL,D05213,Dealer_5213
DE,D05214,Dealer_5214
FR,D05215,Dealer_5215
HU,D05216,Dealer_5216
NL,D05217,Dealer_5217
DE,D05218,Dealer_5218
FR,D05219,Dealer_5219
HU,D05220,Dealer_5220
NL,D05221,Dealer_5221
DE,D05222,Dealer_5222
FR,D05223,Dealer_5223
HU,D05224,Dealer_5224
NL,D05225,Dealer_5225
DE,D05226,Dealer_5226
FR,D05227,Dealer_5227
HU,D05228,Dealer_5228
NL,D05229,Dealer_5229
DE,D05230,Dealer_5230
FR,D05231,Dealer_5231
HU,D05232,Dealer_5232
NL,D05233,Dealer_5233
DE,D05234,Dealer_5234
FR,D05235,Dealer_5235
HU,D05236,Dealer_5236
NL,D05237,Dealer_5237
DE,D05238,Dealer_5238
FR,D05239,Dealer_5239
HU,D05240,Dealer_5240
NL,D05241,Dealer_5241
DE,D05242,Dealer_5242
FR,D05243,Dealer_5243
HU,D05244,Dealer_5244
NL,D05245,Dealer_5245
DE,D05246,Dealer_5246
FR,D05247,Dealer_5247
HU,D05248,Dealer_5248
NL,D05249,Dealer_5249
DE,D05250,Dealer_5250
FR,D05251,Dealer_5251
HU,D05252,Dealer_5252
NL,D05253,Dealer_5253
DE,D05254,Dealer_5254
FR,D05255,Dealer_5255
HU,D05256,Dealer_5256
NL,D05257,Dealer_5257
DE,D05258,Dealer_5258
FR,D05259,Dealer_5259
HU,D05260,Dealer_5260
NL,D05261,Dealer_5261
DE,D05262,Dealer_5262
FR,D05263,Dealer_5263
HU,D05264,Dealer_5264
NL,D05265,Dealer_5265
DE,D05266,Dealer_5266
FR,D05267,Dealer_5267
HU,D05268,Dealer_5268
NL,D05269,Dealer_5269
DE,D05270,Dealer_5270
FR,D05271,Dealer_5271
HU,D05272,Dealer_5272
NL,D05273,Dealer_5273
DE,D05274,Dealer_5274
FR,D05275,Dealer_5275
HU,D05276,Dealer_5276
NL,D05277,Dealer_5277
DE,D05278,Dealer_5278
FR,D05279,Dealer_5279
HU,D05280,Dealer_5280
NL,D05281,Dealer_5281
DE,D05282,Dealer_5282
FR,D05283,Dealer_5283
HU,D05284,Dealer_5284
NL,D05285,Dealer_5285
DE,D05286,Dealer_5286
FR,D05287,Dealer_5287
HU,D05288,Dealer_5288
NL,D05289,Dealer_5289
DE,D05290,Dealer_5290
FR,D05291,Dealer_5291
HU,D05292,Dealer_5292
NL,D05293,Dealer_5293
DE,D05294,Dealer_5294
FR,D05295,Dealer_5295
HU,D05296,Dealer_5296
NL,D05297,Dealer_5297
DE,D05298,Dealer_5298
FR,D05299,Dealer_5299
HU,D05300,Dealer_5300
NL,D05301,Dealer_5301
DE,D05302,Dealer_5302
FR,D05303,Dealer_5303
HU,D05304,Dealer_5304
NL,D05305,Dealer_5305
DE,D05306,Dealer_5306
FR,D05307,Dealer_5307
HU,D05308,Dealer_5308
NL,D05309,Dealer_5309
DE,D05310,Dealer_5310
FR,D05311,Dealer_5311
HU,D05312,Dealer_5312
NL,D05313,Dealer_5313
DE,D05314,Dealer_5314
FR,D05315,Dealer_5315
HU,D05316,Dealer_5316
NL,D05317,Dealer_5317
DE,D05318,Dealer_5318
FR,D05319,Dealer_5319
HU,D05320,Dealer_5320
NL,D05321,Dealer_5321
DE,D05322,Dealer_5322
FR,D05323,Dealer_5323
HU,D05324,Dealer_5324
NL,D05325,Dealer_5325
DE,D05326,Dealer_5326
FR,D05327,Dealer_5327
HU,D05328,Dealer_5328
NL,D05329,Dealer_5329
DE,D05330,Dealer_5330
FR,D05331,Dealer_5331
HU,D05332,Dealer_5332
NL,D05333,Dealer_5333
DE,D05334,Dealer_5334
FR,D05335,Dealer_5335
HU,D05336,Dealer_5336
NL,D05337,Dealer_5337
DE,D05338,Dealer_5338
FR,D05339,Dealer_5339
HU,D05340,Dealer_5340
NL,D05341,Dealer_5341
DE,D05342,Dealer_5342
FR,D05343,Dealer_5343
HU,D05344,Dealer_5344
NL,D05345,Dealer_5345
DE,D05346,Dealer_5346
FR,D05347,Dealer_5347
HU,D05348,Dealer_5348
NL,D05349,Dealer_5349
DE,D05350,Dealer_5350
FR,D05351,Dealer_5351
HU,D05352,Dealer_5352
NL,D05353,Dealer_5353
DE,D05354,Dealer_5354
FR,D05355,Dealer_5355
HU,D05356,Dealer_5356
NL,D05357,Dealer_5357
DE,D05358,Dealer_5358
FR,D05359,Dealer_5359
HU,D05360,Dealer_5360
NL,D05361,Dealer_5361
DE,D05362,Dealer_5362
FR,D05363,Dealer_5363
HU,D05364,Dealer_5364
NL,D05365,Dealer_5365
DE,D05366,Dealer_5366
FR,D05367,Dealer_5367
HU,D05368,Dealer_5368
NL,D05369,Dealer_5369
DE,D05370,Dealer_5370
FR,D05371,Dealer_5371
HU,D05372,Dealer_5372
NL,D05373,Dealer_5373
DE,D05374,Dealer_5374
FR,D05375,Dealer_5375
HU,D05376,Dealer_5376
NL,D05377,Dealer_5377
DE,D05378,Dealer_5378
FR,D05379,Dealer_5379
HU,D05380,Dealer_5380
NL,D05381,Dealer_5381
DE,D05382,Dealer_5382
FR,D05383,Dealer_5383
HU,D05384,Dealer_5384
NL,D05385,Dealer_5385
DE,D05386,Dealer_5386
FR,D05387,Dealer_5387
HU,D05388,Dealer_5388
NL,D05389,Dealer_5389
DE,D05390,Dealer_5390
FR,D05391,Dealer_5391
HU,D05392,Dealer_5392
NL,D05393,Dealer_5393
DE,D05394,Dealer_5394
FR,D05395,Dealer_5395
HU,D05396,Dealer_5396
NL,D05397,Dealer_5397
DE,D05398,Dealer_5398
FR,D05399,Dealer_5399
HU,D05400,Dealer_5400
NL,D05401,Dealer_5401
DE,D05402,Dealer_5402
FR,D05403,Dealer_5403
HU,D05404,Dealer_5404
NL,D05405,Dealer_5405
DE,D05406,Dealer_5406
FR,D05407,Dealer_5407
HU,D05408,Dealer_5408
NL,D05409,Dealer_5409
DE,D05410,Dealer_5410
FR,D05411,Dealer_5411
HU,D05412,Dealer_5412
NL,D05413,Dealer_5413
DE,D05414,Dealer_5414
FR,D05415,Dealer_5415
HU,D05416,Dealer_5416
NL,D05417,Dealer_5417
DE,D05418,Dealer_5418
FR,D05419,Dealer_5419
HU,D05420,Dealer_5420
NL,D05421,Dealer_5421
DE,D05422,Dealer_5422
FR,D05423,Dealer_5423
HU,D05424,Dealer_5424
NL,D05425,Dealer_5425
DE,D05426,Dealer_5426
FR,D05427,Dealer_5427
HU,D05428,Dealer_5428
NL,D05429,Dealer_5429
DE,D05430,Dealer_5430
FR,D05431,Dealer_5431
HU,D05432,Dealer_5432
NL,D05433,Dealer_5433
DE,D05434,Dealer_5434
FR,D05435,Dealer_5435
HU,D05436,Dealer_5436
NL,D05437,Dealer_5437
DE,D05438,Dealer_5438
FR,D05439,Dealer_5439
HU,D05440,Dealer_5440
NL,D05441,Dealer_5441
DE,D05442,Dealer_5442
FR,D05443,Dealer_5443
HU,D05444,Dealer_5444
NL,D05445,Dealer_5445
DE,D05446,Dealer_5446
FR,D05447,Dealer_5447
HU,D05448,Dealer_5448
NL,D05449,Dealer_5449
DE,D05450,Dealer_5450
FR,D05451,Dealer_5451
HU,D05452,Dealer_5452
NL,D05453,Dealer_5453
DE,D05454,Dealer_5454
FR,D05455,Dealer_5455
HU,D05456,Dealer_5456
NL,D05457,Dealer_5457
DE,D05458,Dealer_5458
FR,D05459,Dealer_5459
HU,D05460,Dealer_5460
NL,D05461,Dealer_5461
DE,D05462,Dealer_5462
FR,D05463,Dealer_5463
HU,D05464,Dealer_5464
NL,D05465,Dealer_5465
DE,D05466,Dealer_5466
FR,D05467,Dealer_5467
HU,D05468,Dealer_5468
NL,D05469,Dealer_5469
DE,D05470,Dealer_5470
FR,D05471,Dealer_5471
HU,D05472,Dealer_5472
NL,D05473,Dealer_5473
DE,D05474,Dealer_5474
FR,D05475,Dealer_5475
HU,D05476,Dealer_5476
NL,D05477,Dealer_5477
DE,D05478,Dealer_5478
FR,D05479,Dealer_5479
HU,D05480,Dealer_5480
NL,D05481,Dealer_5481
DE,D05482,Dealer_5482
FR,D05483,Dealer_5483
HU,D05484,Dealer_5484
NL,D05485,Dealer_5485
DE,D05486,Dealer_5486
FR,D05487,Dealer_5487
HU,D05488,Dealer_5488
NL,D05489,Dealer_5489
DE,D05490,Dealer_5490
FR,D05491,Dealer_5491
HU,D05492,Dealer_5492
NL,D05493,Dealer_5493
DE,D05494,Dealer_5494
FR,D05495,Dealer_5495
HU,D05496,Dealer_5496
NL,D05497,Dealer_5497
DE,D05498,Dealer_5498
FR,D05499,Dealer_5499
HU,D05500,Dealer_5500
NL,D05501,Dealer_5501
DE,D05502,Dealer_5502
FR,D05503,Dealer_5503
HU,D05504,Dealer_5504
NL,D05505,Dealer_5505
DE,D05506,Dealer_5506
FR,D05507,Dealer_5507
HU,D05508,Dealer_5508
NL,D05509,Dealer_5509
DE,D05510,Dealer_5510
FR,D05511,Dealer_5511
HU,D05512,Dealer_5512
NL,D05513,Dealer_5513
DE,D05514,Dealer_5514
FR,D05515,Dealer_5515
HU,D05516,Dealer_5516
NL,D05517,Dealer_5517
DE,D05518,Dealer_5518
FR,D05519,Dealer_5519
HU,D05520,Dealer_5520
NL,D05521,Dealer_5521
DE,D05522,Dealer_5522
FR,D05523,Dealer_5523
HU,D05524,Dealer_5524
NL,D05525,Dealer_5525
DE,D05526,Dealer_5526
FR,D05527,Dealer_5527
HU,D05528,Dealer_5528
NL,D05529,Dealer_5529
DE,D05530,Dealer_5530
FR,D05531,Dealer_5531
HU,D05532,Dealer_5532
NL,D05533,Dealer_5533
DE,D05534,Dealer_5534
FR,D05535,Dealer_5535
HU,D05536,Dealer_5536
NL,D05537,Dealer_5537
DE,D05538,Dealer_5538
FR,D05539,Dealer_5539
HU,D05540,Dealer_5540
NL,D05541,Dealer_5541
DE,D05542,Dealer_5542
FR,D05543,Dealer_5543
HU,D05544,Dealer_5544
NL,D05545,Dealer_5545
DE,D05546,Dealer_5546
FR,D05547,Dealer_5547
HU,D05548,Dealer_5548
NL,D05549,Dealer_5549
DE,D05550,Dealer_5550
FR,D05551,Dealer_5551
HU,D05552,Dealer_5552
NL,D05553,Dealer_5553
DE,D05554,Dealer_5554
FR,D05555,Dealer_5555
HU,D05556,Dealer_5556
NL,D05557,Dealer_5557
DE,D05558,Dealer_5558
FR,D05559,Dealer_5559
HU,D05560,Dealer_5560
NL,D05561,Dealer_5561
DE,D05562,Dealer_5562
FR,D05563,Dealer_5563
HU,D05564,Dealer_5564
NL,D05565,Dealer_5565
DE,D05566,Dealer_5566
FR,D05567,Dealer_5567
HU,D05568,Dealer_5568
NL,D05569,Dealer_5569
DE,D05570,Dealer_5570
FR,D05571,Dealer_5571
HU,D05572,Dealer_5572
NL,D05573,Dealer_5573
DE,D05574,Dealer_5574
FR,D05575,Dealer_5575
HU,D05576,Dealer_5576
NL,D05577,Dealer_5577
DE,D05578,Dealer_5578
FR,D05579,Dealer_5579
HU,D05580,Dealer_5580
NL,D05581,Dealer_5581
DE,D05582,Dealer_5582
FR,D05583,Dealer_5583
HU,D05584,Dealer_5584
NL,D05585,Dealer_5585
DE,D05586,Dealer_5586
FR,D05587,Dealer_5587
HU,D05588,Dealer_5588
NL,D05589,Dealer_5589
DE,D05590,Dealer_5590
FR,D05591,Dealer_5591
HU,D05592,Dealer_5592
NL,D05593,Dealer_5593
DE,D05594,Dealer_5594
FR,D05595,Dealer_5595
HU,D05596,Dealer_5596
NL,D05597,Dealer_5597
DE,D05598,Dealer_5598
FR,D05599,Dealer_5599
HU,D05600,Dealer_5600
NL,D05601,Dealer_5601
DE,D05602,Dealer_5602
FR,D05603,Dealer_5603
HU,D05604,Dealer_5604
NL,D05605,Dealer_5605
DE,D05606,Dealer_5606
FR,D05607,Dealer_5607
HU,D05608,Dealer_5608
NL,D05609,Dealer_5609
DE,D05610,Dealer_5610
FR,D05611,Dealer_5611
HU,D05612,Dealer_5612
NL,D05613,Dealer_5613
DE,D05614,Dealer_5614
FR,D05615,Dealer_5615
HU,D05616,Dealer_5616
NL,D05617,Dealer_5617
DE,D05618,Dealer_5618
FR,D05619,Dealer_5619
HU,D05620,Dealer_5620
NL,D05621,Dealer_5621
DE,D05622,Dealer_5622
FR,D05623,Dealer_5623
HU,D05624,Dealer_5624
NL,D05625,Dealer_5625
DE,D05626,Dealer_5626
FR,D05627,Dealer_5627
HU,D05628,Dealer_5628
NL,D05629,Dealer_5629
DE,D05630,Dealer_5630
FR,D05631,Dealer_5631
HU,D05632,Dealer_5632
NL,D05633,Dealer_5633
DE,D05634,Dealer_5634
FR,D05635,Dealer_5635
HU,D05636,Dealer_5636
NL,D05637,Dealer_5637
DE,D05638,Dealer_5638
FR,D05639,Dealer_5639
HU,D05640,Dealer_5640
NL,D05641,Dealer_5641
DE,D05642,Dealer_5642
FR,D05643,Dealer_5643
HU,D05644,Dealer_5644
NL,D05645,Dealer_5645
DE,D05646,Dealer_5646
FR,D05647,Dealer_5647
HU,D05648,Dealer_5648
NL,D05649,Dealer_5649
DE,D05650,Dealer_5650
FR,D05651,Dealer_5651
HU,D05652,Dealer_5652
NL,D05653,Dealer_5653
DE,D05654,Dealer_5654
FR,D05655,Dealer_5655
HU,D05656,Dealer_5656
NL,D05657,Dealer_5657
DE,D05658,Dealer_5658
FR,D05659,Dealer_5659
HU,D05660,Dealer_5660
NL,D05661,Dealer_5661
DE,D05662,Dealer_5662
FR,D05663,Dealer_5663
HU,D05664,Dealer_5664
NL,D05665,Dealer_5665
DE,D05666,Dealer_5666
FR,D05667,Dealer_5667
HU,D05668,Dealer_5668
NL,D05669,Dealer_5669
DE,D05670,Dealer_5670
FR,D05671,Dealer_5671
HU,D05672,Dealer_5672
NL,D05673,Dealer_5673
DE,D05674,Dealer_5674
FR,D05675,Dealer_5675
HU,D05676,Dealer_5676
NL,D05677,Dealer_5677
DE,D05678,Dealer_5678
FR,D05679,Dealer_5679
HU,D05680,Dealer_5680
NL,D05681,Dealer_5681
DE,D05682,Dealer_5682
FR,D05683,Dealer_5683
HU,D05684,Dealer_5684
NL,D05685,Dealer_5685
DE,D05686,Dealer_5686
FR,D05687,Dealer_5687
HU,D05688,Dealer_5688
NL,D05689,Dealer_5689
DE,D05690,Dealer_5690
FR,D05691,Dealer_5691
HU,D05692,Dealer_5692
NL,D05693,Dealer_5693
DE,D05694,Dealer_5694
FR,D05695,Dealer_5695
HU,D05696,Dealer_5696
NL,D05697,Dealer_5697
DE,D05698,Dealer_5698
FR,D05699,Dealer_5699
HU,D05700,Dealer_5700
NL,D05701,Dealer_5701
DE,D05702,Dealer_5702
FR,D05703,Dealer_5703
HU,D05704,Dealer_5704
NL,D05705,Dealer_5705
DE,D05706,Dealer_5706
FR,D05707,Dealer_5707
HU,D05708,Dealer_5708
NL,D05709,Dealer_5709
DE,D05710,Dealer_5710
FR,D05711,Dealer_5711
HU,D05712,Dealer_5712
NL,D05713,Dealer_5713
DE,D05714,Dealer_5714
FR,D05715,Dealer_5715
HU,D05716,Dealer_5716
NL,D05717,Dealer_5717
DE,D05718,Dealer_5718
FR,D05719,Dealer_5719
HU,D05720,Dealer_5720
NL,D05721,Dealer_5721
DE,D05722,Dealer_5722
FR,D05723,Dealer_5723
HU,D05724,Dealer_5724
NL,D05725,Dealer_5725
DE,D05726,Dealer_5726
FR,D05727,Dealer_5727
HU,D05728,Dealer_5728
NL,D05729,Dealer_5729
DE,D05730,Dealer_5730
FR,D05731,Dealer_5731
HU,D05732,Dealer_5732
NL,D05733,Dealer_5733
DE,D05734,Dealer_5734
FR,D05735,Dealer_5735
HU,D05736,Dealer_5736
NL,D05737,Dealer_5737
DE,D05738,Dealer_5738
FR,D05739,Dealer_5739
HU,D05740,Dealer_5740
NL,D05741,Dealer_5741
DE,D05742,Dealer_5742
FR,D05743,Dealer_5743
HU,D05744,Dealer_5744
NL,D05745,Dealer_5745
DE,D05746,Dealer_5746
FR,D05747,Dealer_5747
HU,D05748,Dealer_5748
NL,D05749,Dealer_5749
DE,D05750,Dealer_5750
FR,D05751,Dealer_5751
HU,D05752,Dealer_5752
NL,D05753,Dealer_5753
DE,D05754,Dealer_5754
FR,D05755,Dealer_5755
HU,D05756,Dealer_5756
NL,D05757,Dealer_5757
DE,D05758,Dealer_5758
FR,D05759,Dealer_5759
HU,D05760,Dealer_5760
NL,D05761,Dealer_5761
DE,D05762,Dealer_5762
FR,D05763,Dealer_5763
HU,D05764,Dealer_5764
NL,D05765,Dealer_5765
DE,D05766,Dealer_5766
FR,D05767,Dealer_5767
HU,D05768,Dealer_5768
NL,D05769,Dealer_5769
DE,D05770,Dealer_5770
FR,D05771,Dealer_5771
HU,D05772,Dealer_5772
NL,D05773,Dealer_5773
DE,D05774,Dealer_5774
FR,D05775,Dealer_5775
HU,D05776,Dealer_5776
NL,D05777,Dealer_5777
DE,D05778,Dealer_5778
FR,D05779,Dealer_5779
HU,D05780,Dealer_5780
NL,D05781,Dealer_5781
DE,D05782,Dealer_5782
FR,D05783,Dealer_5783
HU,D05784,Dealer_5784
NL,D05785,Dealer_5785
DE,D05786,Dealer_5786
FR,D05787,Dealer_5787
HU,D05788,Dealer_5788
NL,D05789,Dealer_5789
DE,D05790,Dealer_5790
FR,D05791,Dealer_5791
HU,D05792,Dealer_5792
NL,D05793,Dealer_5793
DE,D05794,Dealer_5794
FR,D05795,Dealer_5795
HU,D05796,Dealer_5796
NL,D05797,Dealer_5797
DE,D05798,Dealer_5798
FR,D05799,Dealer_5799
HU,D05800,Dealer_5800
NL,D05801,Dealer_5801
DE,D05802,Dealer_5802
FR,D05803,Dealer_5803
HU,D05804,Dealer_5804
NL,D05805,Dealer_5805
DE,D05806,Dealer_5806
FR,D05807,Dealer_5807
HU,D05808,Dealer_5808
NL,D05809,Dealer_5809
DE,D05810,Dealer_5810
FR,D05811,Dealer_5811
HU,D05812,Dealer_5812
NL,D05813,Dealer_5813
DE,D05814,Dealer_5814
FR,D05815,Dealer_5815
HU,D05816,Dealer_5816
NL,D05817,Dealer_5817
DE,D05818,Dealer_5818
FR,D05819,Dealer_5819
HU,D05820,Dealer_5820
NL,D05821,Dealer_5821
DE,D05822,Dealer_5822
FR,D05823,Dealer_5823
HU,D05824,Dealer_5824
NL,D05825,Dealer_5825
DE,D05826,Dealer_5826
FR,D05827,Dealer_5827
HU,D05828,Dealer_5828
NL,D05829,Dealer_5829
DE,D05830,Dealer_5830
FR,D05831,Dealer_5831
HU,D05832,Dealer_5832
NL,D05833,Dealer_5833
DE,D05834,Dealer_5834
FR,D05835,Dealer_5835
HU,D05836,Dealer_5836
NL,D05837,Dealer_5837
DE,D05838,Dealer_5838
FR,D05839,Dealer_5839
HU,D05840,Dealer_5840
NL,D05841,Dealer_5841
DE,D05842,Dealer_5842
FR,D05843,Dealer_5843
HU,D05844,Dealer_5844
NL,D05845,Dealer_5845
DE,D05846,Dealer_5846
FR,D05847,Dealer_5847
HU,D05848,Dealer_5848
NL,D05849,Dealer_5849
DE,D05850,Dealer_5850
FR,D05851,Dealer_5851
HU,D05852,Dealer_5852
NL,D05853,Dealer_5853
DE,D05854,Dealer_5854
FR,D05855,Dealer_5855
HU,D05856,Dealer_5856
NL,D05857,Dealer_5857
DE,D05858,Dealer_5858
FR,D05859,Dealer_5859
HU,D05860,Dealer_5860
NL,D05861,Dealer_5861
DE,D05862,Dealer_5862
FR,D05863,Dealer_5863
HU,D05864,Dealer_5864
NL,D05865,Dealer_5865
DE,D05866,Dealer_5866
FR,D05867,Dealer_5867
HU,D05868,Dealer_5868
NL,D05869,Dealer_5869
DE,D05870,Dealer_5870
FR,D05871,Dealer_5871
HU,D05872,Dealer_5872
NL,D05873,Dealer_5873
DE,D05874,Dealer_5874
FR,D05875,Dealer_5875
HU,D05876,Dealer_5876
NL,D05877,Dealer_5877
DE,D05878,Dealer_5878
FR,D05879,Dealer_5879
HU,D05880,Dealer_5880
NL,D05881,Dealer_5881
DE,D05882,Dealer_5882
FR,D05883,Dealer_5883
HU,D05884,Dealer_5884
NL,D05885,Dealer_5885
DE,D05886,Dealer_5886
FR,D05887,Dealer_5887
HU,D05888,Dealer_5888
NL,D05889,Dealer_5889
DE,D05890,Dealer_5890
FR,D05891,Dealer_5891
HU,D05892,Dealer_5892
NL,D05893,Dealer_5893
DE,D05894,Dealer_5894
FR,D05895,Dealer_5895
HU,D05896,Dealer_5896
NL,D05897,Dealer_5897
DE,D05898,Dealer_5898
FR,D05899,Dealer_5899
HU,D05900,Dealer_5900
NL,D05901,Dealer_5901
DE,D05902,Dealer_5902
FR,D05903,Dealer_5903
HU,D05904,Dealer_5904
NL,D05905,Dealer_5905
DE,D05906,Dealer_5906
FR,D05907,Dealer_5907
HU,D05908,Dealer_5908
NL,D05909,Dealer_5909
DE,D05910,Dealer_5910
FR,D05911,Dealer_5911
HU,D05912,Dealer_5912
NL,D05913,Dealer_5913
DE,D05914,Dealer_5914
FR,D05915,Dealer_5915
HU,D05916,Dealer_5916
NL,D05917,Dealer_5917
DE,D05918,Dealer_5918
FR,D05919,Dealer_5919
HU,D05920,Dealer_5920
NL,D05921,Dealer_5921
DE,D05922,Dealer_5922
FR,D05923,Dealer_5923
HU,D05924,Dealer_5924
NL,D05925,Dealer_5925
DE,D05926,Dealer_5926
FR,D05927,Dealer_5927
HU,D05928,Dealer_5928
NL,D05929,Dealer_5929
DE,D05930,Dealer_5930
FR,D05931,Dealer_5931
HU,D05932,Dealer_5932
NL,D05933,Dealer_5933
DE,D05934,Dealer_5934
FR,D05935,Dealer_5935
HU,D05936,Dealer_5936
NL,D05937,Dealer_5937
DE,D05938,Dealer_5938
FR,D05939,Dealer_5939
HU,D05940,Dealer_5940
NL,D05941,Dealer_5941
DE,D05942,Dealer_5942
FR,D05943,Dealer_5943
HU,D05944,Dealer_5944
NL,D05945,Dealer_5945
DE,D05946,Dealer_5946
FR,D05947,Dealer_5947
HU,D05948,Dealer_5948
NL,D05949,Dealer_5949
DE,D05950,Dealer_5950
FR,D05951,Dealer_5951
HU,D05952,Dealer_5952
NL,D05953,Dealer_5953
DE,D05954,Dealer_5954
FR,D05955,Dealer_5955
HU,D05956,Dealer_5956
NL,D05957,Dealer_5957
DE,D05958,Dealer_5958
FR,D05959,Dealer_5959
HU,D05960,Dealer_5960
NL,D05961,Dealer_5961
DE,D05962,Dealer_5962
FR,D05963,Dealer_5963
HU,D05964,Dealer_5964
NL,D05965,Dealer_5965
DE,D05966,Dealer_5966
FR,D05967,Dealer_5967
HU,D05968,Dealer_5968
NL,D05969,Dealer_5969
DE,D05970,Dealer_5970
FR,D05971,Dealer_5971
HU,D05972,Dealer_5972
NL,D05973,Dealer_5973
DE,D05974,Dealer_5974
FR,D05975,Dealer_5975
HU,D05976,Dealer_5976
NL,D05977,Dealer_5977
DE,D05978,Dealer_5978
FR,D05979,Dealer_5979
HU,D05980,Dealer_5980
NL,D05981,Dealer_5981
DE,D05982,Dealer_5982
FR,D05983,Dealer_5983
HU,D05984,Dealer_5984
NL,D05985,Dealer_5985
DE,D05986,Dealer_5986
FR,D05987,Dealer_5987
HU,D05988,Dealer_5988
NL,D05989,Dealer_5989
DE,D05990,Dealer_5990
FR,D05991,Dealer_5991
HU,D05992,Dealer_5992
NL,D05993,Dealer_5993
DE,D05994,Dealer_5994
FR,D05995,Dealer_5995
HU,D05996,Dealer_5996
NL,D05997,Dealer_5997
DE,D05998,Dealer_5998
FR,D05999,Dealer_5999
HU,D06000,Dealer_6000
NL,D06001,Dealer_6001
DE,D06002,Dealer_6002
FR,D06003,Dealer_6003
HU,D06004,Dealer_6004
NL,D06005,Dealer_6005
DE,D06006,Dealer_6006
FR,D06007,Dealer_6007
HU,D06008,Dealer_6008
NL,D06009,Dealer_6009
DE,D06010,Dealer_6010
FR,D06011,Dealer_6011
HU,D06012,Dealer_6012
NL,D06013,Dealer_6013
DE,D06014,Dealer_6014
FR,D06015,Dealer_6015
HU,D06016,Dealer_6016
NL,D06017,Dealer_6017
DE,D06018,Dealer_6018
FR,D06019,Dealer_6019
HU,D06020,Dealer_6020
NL,D06021,Dealer_6021
DE,D06022,Dealer_6022
FR,D06023,Dealer_6023
HU,D06024,Dealer_6024
NL,D06025,Dealer_6025
DE,D06026,Dealer_6026
FR,D06027,Dealer_6027
HU,D06028,Dealer_6028
NL,D06029,Dealer_6029
DE,D06030,Dealer_6030
FR,D06031,Dealer_6031
HU,D06032,Dealer_6032
NL,D06033,Dealer_6033
DE,D06034,Dealer_6034
FR,D06035,Dealer_6035
HU,D06036,Dealer_6036
NL,D06037,Dealer_6037
DE,D06038,Dealer_6038
FR,D06039,Dealer_6039
HU,D06040,Dealer_6040
NL,D06041,Dealer_6041
DE,D06042,Dealer_6042
FR,D06043,Dealer_6043
HU,D06044,Dealer_6044
NL,D06045,Dealer_6045
DE,D06046,Dealer_6046
FR,D06047,Dealer_6047
HU,D06048,Dealer_6048
NL,D06049,Dealer_6049
DE,D06050,Dealer_6050
FR,D06051,Dealer_6051
HU,D06052,Dealer_6052
NL,D06053,Dealer_6053
DE,D06054,Dealer_6054
FR,D06055,Dealer_6055
HU,D06056,Dealer_6056
NL,D06057,Dealer_6057
DE,D06058,Dealer_6058
FR,D06059,Dealer_6059
HU,D06060,Dealer_6060
NL,D06061,Dealer_6061
DE,D06062,Dealer_6062
FR,D06063,Dealer_6063
HU,D06064,Dealer_6064
NL,D06065,Dealer_6065
DE,D06066,Dealer_6066
FR,D06067,Dealer_6067
HU,D06068,Dealer_6068
NL,D06069,Dealer_6069
DE,D06070,Dealer_6070
FR,D06071,Dealer_6071
HU,D06072,Dealer_6072
NL,D06073,Dealer_6073
DE,D06074,Dealer_6074
FR,D06075,Dealer_6075
HU,D06076,Dealer_6076
NL,D06077,Dealer_6077
DE,D06078,Dealer_6078
FR,D06079,Dealer_6079
HU,D06080,Dealer_6080
NL,D06081,Dealer_6081
DE,D06082,Dealer_6082
FR,D06083,Dealer_6083
HU,D06084,Dealer_6084
NL,D06085,Dealer_6085
DE,D06086,Dealer_6086
FR,D06087,Dealer_6087
HU,D06088,Dealer_6088
NL,D06089,Dealer_6089
DE,D06090,Dealer_6090
FR,D06091,Dealer_6091
HU,D06092,Dealer_6092
NL,D06093,Dealer_6093
DE,D06094,Dealer_6094
FR,D06095,Dealer_6095
HU,D06096,Dealer_6096
NL,D06097,Dealer_6097
DE,D06098,Dealer_6098
FR,D06099,Dealer_6099
HU,D06100,Dealer_6100
NL,D06101,Dealer_6101
DE,D06102,Dealer_6102
FR,D06103,Dealer_6103
HU,D06104,Dealer_6104
NL,D06105,Dealer_6105
DE,D06106,Dealer_6106
FR,D06107,Dealer_6107
HU,D06108,Dealer_6108
NL,D06109,Dealer_6109
DE,D06110,Dealer_6110
FR,D06111,Dealer_6111
HU,D06112,Dealer_6112
NL,D06113,Dealer_6113
DE,D06114,Dealer_6114
FR,D06115,Dealer_6115
HU,D06116,Dealer_6116
NL,D06117,Dealer_6117
DE,D06118,Dealer_6118
FR,D06119,Dealer_6119
HU,D06120,Dealer_6120
NL,D06121,Dealer_6121
DE,D06122,Dealer_6122
FR,D06123,Dealer_6123
HU,D06124,Dealer_6124
NL,D06125,Dealer_6125
DE,D06126,Dealer_6126
FR,D06127,Dealer_6127
HU,D06128,Dealer_6128
NL,D06129,Dealer_6129
DE,D06130,Dealer_6130
FR,D06131,Dealer_6131
HU,D06132,Dealer_6132
NL,D06133,Dealer_6133
DE,D06134,Dealer_6134
FR,D06135,Dealer_6135
HU,D06136,Dealer_6136
NL,D06137,Dealer_6137
DE,D06138,Dealer_6138
FR,D06139,Dealer_6139
HU,D06140,Dealer_6140
NL,D06141,Dealer_6141
DE,D06142,Dealer_6142
FR,D06143,Dealer_6143
HU,D06144,Dealer_6144
NL,D06145,Dealer_6145
DE,D06146,Dealer_6146
FR,D06147,Dealer_6147
HU,D06148,Dealer_6148
NL,D06149,Dealer_6149
DE,D06150,Dealer_6150
FR,D06151,Dealer_6151
HU,D06152,Dealer_6152
NL,D06153,Dealer_6153
DE,D06154,Dealer_6154
FR,D06155,Dealer_6155
HU,D06156,Dealer_6156
NL,D06157,Dealer_6157
DE,D06158,Dealer_6158
FR,D06159,Dealer_6159
HU,D06160,Dealer_6160
NL,D06161,Dealer_6161
DE,D06162,Dealer_6162
FR,D06163,Dealer_6163
HU,D06164,Dealer_6164
NL,D06165,Dealer_6165
DE,D06166,Dealer_6166
FR,D06167,Dealer_6167
HU,D06168,Dealer_6168
NL,D06169,Dealer_6169
DE,D06170,Dealer_6170
FR,D06171,Dealer_6171
HU,D06172,Dealer_6172
NL,D06173,Dealer_6173
DE,D06174,Dealer_6174
FR,D06175,Dealer_6175
HU,D06176,Dealer_6176
NL,D06177,Dealer_6177
DE,D06178,Dealer_6178
FR,D06179,Dealer_6179
HU,D06180,Dealer_6180
NL,D06181,Dealer_6181
DE,D06182,Dealer_6182
FR,D06183,Dealer_6183
HU,D06184,Dealer_6184
NL,D06185,Dealer_6185
DE,D06186,Dealer_6186
FR,D06187,Dealer_6187
HU,D06188,Dealer_6188
NL,D06189,Dealer_6189
DE,D06190,Dealer_6190
FR,D06191,Dealer_6191
HU,D06192,Dealer_6192
NL,D06193,Dealer_6193
DE,D06194,Dealer_6194
FR,D06195,Dealer_6195
HU,D06196,Dealer_6196
NL,D06197,Dealer_6197
DE,D06198,Dealer_6198
FR,D06199,Dealer_6199
HU,D06200,Dealer_6200
NL,D06201,Dealer_6201
DE,D06202,Dealer_6202
FR,D06203,Dealer_6203
HU,D06204,Dealer_6204
NL,D06205,Dealer_6205
DE,D06206,Dealer_6206
FR,D06207,Dealer_6207
HU,D06208,Dealer_6208
NL,D06209,Dealer_6209
DE,D06210,Dealer_6210
FR,D06211,Dealer_6211
HU,D06212,Dealer_6212
NL,D06213,Dealer_6213
DE,D06214,Dealer_6214
FR,D06215,Dealer_6215
HU,D06216,Dealer_6216
NL,D06217,Dealer_6217
DE,D06218,Dealer_6218
FR,D06219,Dealer_6219
HU,D06220,Dealer_6220
NL,D06221,Dealer_6221
DE,D06222,Dealer_6222
FR,D06223,Dealer_6223
HU,D06224,Dealer_6224
NL,D06225,Dealer_6225
DE,D06226,Dealer_6226
FR,D06227,Dealer_6227
HU,D06228,Dealer_6228
NL,D06229,Dealer_6229
DE,D06230,Dealer_6230
FR,D06231,Dealer_6231
HU,D06232,Dealer_6232
NL,D06233,Dealer_6233
DE,D06234,Dealer_6234
FR,D06235,Dealer_6235
HU,D06236,Dealer_6236
NL,D06237,Dealer_6237
DE,D06238,Dealer_6238
FR,D06239,Dealer_6239
HU,D06240,Dealer_6240
NL,D06241,Dealer_6241
DE,D06242,Dealer_6242
FR,D06243,Dealer_6243
HU,D06244,Dealer_6244
NL,D06245,Dealer_6245
DE,D06246,Dealer_6246
FR,D06247,Dealer_6247
HU,D06248,Dealer_6248
NL,D06249,Dealer_6249
DE,D06250,Dealer_6250
FR,D06251,Dealer_6251
HU,D06252,Dealer_6252
NL,D06253,Dealer_6253
DE,D06254,Dealer_6254
FR,D06255,Dealer_6255
HU,D06256,Dealer_6256
NL,D06257,Dealer_6257
DE,D06258,Dealer_6258
FR,D06259,Dealer_6259
HU,D06260,Dealer_6260
NL,D06261,Dealer_6261
DE,D06262,Dealer_6262
FR,D06263,Dealer_6263
HU,D06264,Dealer_6264
NL,D06265,Dealer_6265
DE,D06266,Dealer_6266
FR,D06267,Dealer_6267
HU,D06268,Dealer_6268
NL,D06269,Dealer_6269
DE,D06270,Dealer_6270
FR,D06271,Dealer_6271
HU,D06272,Dealer_6272
NL,D06273,Dealer_6273
DE,D06274,Dealer_6274
FR,D06275,Dealer_6275
HU,D06276,Dealer_6276
NL,D06277,Dealer_6277
DE,D06278,Dealer_6278
FR,D06279,Dealer_6279
HU,D06280,Dealer_6280
NL,D06281,Dealer_6281
DE,D06282,Dealer_6282
FR,D06283,Dealer_6283
HU,D06284,Dealer_6284
NL,D06285,Dealer_6285
DE,D06286,Dealer_6286
FR,D06287,Dealer_6287
HU,D06288,Dealer_6288
NL,D06289,Dealer_6289
DE,D06290,Dealer_6290
FR,D06291,Dealer_6291
HU,D06292,Dealer_6292
NL,D06293,Dealer_6293
DE,D06294,Dealer_6294
FR,D06295,Dealer_6295
HU,D06296,Dealer_6296
NL,D06297,Dealer_6297
DE,D06298,Dealer_6298
FR,D06299,Dealer_6299
HU,D06300,Dealer_6300
NL,D06301,Dealer_6301
DE,D06302,Dealer_6302
FR,D06303,Dealer_6303
HU,D06304,Dealer_6304
NL,D06305,Dealer_6305
DE,D06306,Dealer_6306
FR,D06307,Dealer_6307
HU,D06308,Dealer_6308
NL,D06309,Dealer_6309
DE,D06310,Dealer_6310
FR,D06311,Dealer_6311
HU,D06312,Dealer_6312
NL,D06313,Dealer_6313
DE,D06314,Dealer_6314
FR,D06315,Dealer_6315
HU,D06316,Dealer_6316
NL,D06317,Dealer_6317
DE,D06318,Dealer_6318
FR,D06319,Dealer_6319
HU,D06320,Dealer_6320
NL,D06321,Dealer_6321
DE,D06322,Dealer_6322
FR,D06323,Dealer_6323
HU,D06324,Dealer_6324
NL,D06325,Dealer_6325
DE,D06326,Dealer_6326
FR,D06327,Dealer_6327
HU,D06328,Dealer_6328
NL,D06329,Dealer_6329
DE,D06330,Dealer_6330
FR,D06331,Dealer_6331
HU,D06332,Dealer_6332
NL,D06333,Dealer_6333
DE,D06334,Dealer_6334
FR,D06335,Dealer_6335
HU,D06336,Dealer_6336
NL,D06337,Dealer_6337
DE,D06338,Dealer_6338
FR,D06339,Dealer_6339
HU,D06340,Dealer_6340
NL,D06341,Dealer_6341
DE,D06342,Dealer_6342
FR,D06343,Dealer_6343
HU,D06344,Dealer_6344
NL,D06345,Dealer_6345
DE,D06346,Dealer_6346
FR,D06347,Dealer_6347
HU,D06348,Dealer_6348
NL,D06349,Dealer_6349
DE,D06350,Dealer_6350
FR,D06351,Dealer_6351
HU,D06352,Dealer_6352
NL,D06353,Dealer_6353
DE,D06354,Dealer_6354
FR,D06355,Dealer_6355
HU,D06356,Dealer_6356
NL,D06357,Dealer_6357
DE,D06358,Dealer_6358
FR,D06359,Dealer_6359
HU,D06360,Dealer_6360
NL,D06361,Dealer_6361
DE,D06362,Dealer_6362
FR,D06363,Dealer_6363
HU,D06364,Dealer_6364
NL,D06365,Dealer_6365
DE,D06366,Dealer_6366
FR,D06367,Dealer_6367
HU,D06368,Dealer_6368
NL,D06369,Dealer_6369
DE,D06370,Dealer_6370
FR,D06371,Dealer_6371
HU,D06372,Dealer_6372
NL,D06373,Dealer_6373
DE,D06374,Dealer_6374
FR,D06375,Dealer_6375
HU,D06376,Dealer_6376
NL,D06377,Dealer_6377
DE,D06378,Dealer_6378
FR,D06379,Dealer_6379
HU,D06380,Dealer_6380
NL,D06381,Dealer_6381
DE,D06382,Dealer_6382
FR,D06383,Dealer_6383
HU,D06384,Dealer_6384
NL,D06385,Dealer_6385
DE,D06386,Dealer_6386
FR,D06387,Dealer_6387
HU,D06388,Dealer_6388
NL,D06389,Dealer_6389
DE,D06390,Dealer_6390
FR,D06391,Dealer_6391
HU,D06392,Dealer_6392
NL,D06393,Dealer_6393
DE,D06394,Dealer_6394
FR,D06395,Dealer_6395
HU,D06396,Dealer_6396
NL,D06397,Dealer_6397
DE,D06398,Dealer_6398
FR,D06399,Dealer_6399
HU,D06400,Dealer_6400
NL,D06401,Dealer_6401
DE,D06402,Dealer_6402
FR,D06403,Dealer_6403
HU,D06404,Dealer_6404
NL,D06405,Dealer_6405
DE,D06406,Dealer_6406
FR,D06407,Dealer_6407
HU,D06408,Dealer_6408
NL,D06409,Dealer_6409
DE,D06410,Dealer_6410
FR,D06411,Dealer_6411
HU,D06412,Dealer_6412
NL,D06413,Dealer_6413
DE,D06414,Dealer_6414
FR,D06415,Dealer_6415
HU,D06416,Dealer_6416
NL,D06417,Dealer_6417
DE,D06418,Dealer_6418
FR,D06419,Dealer_6419
HU,D06420,Dealer_6420
NL,D06421,Dealer_6421
DE,D06422,Dealer_6422
FR,D06423,Dealer_6423
HU,D06424,Dealer_6424
NL,D06425,Dealer_6425
DE,D06426,Dealer_6426
FR,D06427,Dealer_6427
HU,D06428,Dealer_6428
NL,D06429,Dealer_6429
DE,D06430,Dealer_6430
FR,D06431,Dealer_6431
HU,D06432,Dealer_6432
NL,D06433,Dealer_6433
DE,D06434,Dealer_6434
FR,D06435,Dealer_6435
HU,D06436,Dealer_6436
NL,D06437,Dealer_6437
DE,D06438,Dealer_6438
FR,D06439,Dealer_6439
HU,D06440,Dealer_6440
NL,D06441,Dealer_6441
DE,D06442,Dealer_6442
FR,D06443,Dealer_6443
HU,D06444,Dealer_6444
NL,D06445,Dealer_6445
DE,D06446,Dealer_6446
FR,D06447,Dealer_6447
HU,D06448,Dealer_6448
NL,D06449,Dealer_6449
DE,D06450,Dealer_6450
FR,D06451,Dealer_6451
HU,D06452,Dealer_6452
NL,D06453,Dealer_6453
DE,D06454,Dealer_6454
FR,D06455,Dealer_6455
HU,D06456,Dealer_6456
NL,D06457,Dealer_6457
DE,D06458,Dealer_6458
FR,D06459,Dealer_6459
HU,D06460,Dealer_6460
NL,D06461,Dealer_6461
DE,D06462,Dealer_6462
FR,D06463,Dealer_6463
HU,D06464,Dealer_6464
NL,D06465,Dealer_6465
DE,D06466,Dealer_6466
FR,D06467,Dealer_6467
HU,D06468,Dealer_6468
NL,D06469,Dealer_6469
DE,D06470,Dealer_6470
FR,D06471,Dealer_6471
HU,D06472,Dealer_6472
NL,D06473,Dealer_6473
DE,D06474,Dealer_6474
FR,D06475,Dealer_6475
HU,D06476,Dealer_6476
NL,D06477,Dealer_6477
DE,D06478,Dealer_6478
FR,D06479,Dealer_6479
HU,D06480,Dealer_6480
NL,D06481,Dealer_6481
DE,D06482,Dealer_6482
FR,D06483,Dealer_6483
HU,D06484,Dealer_6484
NL,D06485,Dealer_6485
DE,D06486,Dealer_6486
FR,D06487,Dealer_6487
HU,D06488,Dealer_6488
NL,D06489,Dealer_6489
DE,D06490,Dealer_6490
FR,D06491,Dealer_6491
HU,D06492,Dealer_6492
NL,D06493,Dealer_6493
DE,D06494,Dealer_6494
FR,D06495,Dealer_6495
HU,D06496,Dealer_6496
NL,D06497,Dealer_6497
DE,D06498,Dealer_6498
FR,D06499,Dealer_6499
HU,D06500,Dealer_6500
NL,D06501,Dealer_6501
DE,D06502,Dealer_6502
FR,D06503,Dealer_6503
HU,D06504,Dealer_6504
NL,D06505,Dealer_6505
DE,D06506,Dealer_6506
FR,D06507,Dealer_6507
HU,D06508,Dealer_6508
NL,D06509,Dealer_6509
DE,D06510,Dealer_6510
FR,D06511,Dealer_6511
HU,D06512,Dealer_6512
NL,D06513,Dealer_6513
DE,D06514,Dealer_6514
FR,D06515,Dealer_6515
HU,D06516,Dealer_6516
NL,D06517,Dealer_6517
DE,D06518,Dealer_6518
FR,D06519,Dealer_6519
HU,D06520,Dealer_6520
NL,D06521,Dealer_6521
DE,D06522,Dealer_6522
FR,D06523,Dealer_6523
HU,D06524,Dealer_6524
NL,D06525,Dealer_6525
DE,D06526,Dealer_6526
FR,D06527,Dealer_6527
HU,D06528,Dealer_6528
NL,D06529,Dealer_6529
DE,D06530,Dealer_6530
FR,D06531,Dealer_6531
HU,D06532,Dealer_6532
NL,D06533,Dealer_6533
DE,D06534,Dealer_6534
FR,D06535,Dealer_6535
HU,D06536,Dealer_6536
NL,D06537,Dealer_6537
DE,D06538,Dealer_6538
FR,D06539,Dealer_6539
HU,D06540,Dealer_6540
NL,D06541,Dealer_6541
DE,D06542,Dealer_6542
FR,D06543,Dealer_6543
HU,D06544,Dealer_6544
NL,D06545,Dealer_6545
DE,D06546,Dealer_6546
FR,D06547,Dealer_6547
HU,D06548,Dealer_6548
NL,D06549,Dealer_6549
DE,D06550,Dealer_6550
FR,D06551,Dealer_6551
HU,D06552,Dealer_6552
NL,D06553,Dealer_6553
DE,D06554,Dealer_6554
FR,D06555,Dealer_6555
HU,D06556,Dealer_6556
NL,D06557,Dealer_6557
DE,D06558,Dealer_6558
FR,D06559,Dealer_6559
HU,D06560,Dealer_6560
NL,D06561,Dealer_6561
DE,D06562,Dealer_6562
FR,D06563,Dealer_6563
HU,D06564,Dealer_6564
NL,D06565,Dealer_6565
DE,D06566,Dealer_6566
FR,D06567,Dealer_6567
HU,D06568,Dealer_6568
NL,D06569,Dealer_6569
DE,D06570,Dealer_6570
FR,D06571,Dealer_6571
HU,D06572,Dealer_6572
NL,D06573,Dealer_6573
DE,D06574,Dealer_6574
FR,D06575,Dealer_6575
HU,D06576,Dealer_6576
NL,D06577,Dealer_6577
DE,D06578,Dealer_6578
FR,D06579,Dealer_6579
HU,D06580,Dealer_6580
NL,D06581,Dealer_6581
DE,D06582,Dealer_6582
FR,D06583,Dealer_6583
HU,D06584,Dealer_6584
NL,D06585,Dealer_6585
DE,D06586,Dealer_6586
FR,D06587,Dealer_6587
HU,D06588,Dealer_6588
NL,D06589,Dealer_6589
DE,D06590,Dealer_6590
FR,D06591,Dealer_6591
HU,D06592,Dealer_6592
NL,D06593,Dealer_6593
DE,D06594,Dealer_6594
FR,D06595,Dealer_6595
HU,D06596,Dealer_6596
NL,D06597,Dealer_6597
DE,D06598,Dealer_6598
FR,D06599,Dealer_6599
HU,D06600,Dealer_6600
NL,D06601,Dealer_6601
DE,D06602,Dealer_6602
FR,D06603,Dealer_6603
HU,D06604,Dealer_6604
NL,D06605,Dealer_6605
DE,D06606,Dealer_6606
FR,D06607,Dealer_6607
HU,D06608,Dealer_6608
NL,D06609,Dealer_6609
DE,D06610,Dealer_6610
FR,D06611,Dealer_6611
HU,D06612,Dealer_6612
NL,D06613,Dealer_6613
DE,D06614,Dealer_6614
FR,D06615,Dealer_6615
HU,D06616,Dealer_6616
NL,D06617,Dealer_6617
DE,D06618,Dealer_6618
FR,D06619,Dealer_6619
HU,D06620,Dealer_6620
NL,D06621,Dealer_6621
DE,D06622,Dealer_6622
FR,D06623,Dealer_6623
HU,D06624,Dealer_6624
NL,D06625,Dealer_6625
DE,D06626,Dealer_6626
FR,D06627,Dealer_6627
HU,D06628,Dealer_6628
NL,D06629,Dealer_6629
DE,D06630,Dealer_6630
FR,D06631,Dealer_6631
HU,D06632,Dealer_6632
NL,D06633,Dealer_6633
DE,D06634,Dealer_6634
FR,D06635,Dealer_6635
HU,D06636,Dealer_6636
NL,D06637,Dealer_6637
DE,D06638,Dealer_6638
FR,D06639,Dealer_6639
HU,D06640,Dealer_6640
NL,D06641,Dealer_6641
DE,D06642,Dealer_6642
FR,D06643,Dealer_6643
HU,D06644,Dealer_6644
NL,D06645,Dealer_6645
DE,D06646,Dealer_6646
FR,D06647,Dealer_6647
HU,D06648,Dealer_6648
NL,D06649,Dealer_6649
DE,D06650,Dealer_6650
FR,D06651,Dealer_6651
HU,D06652,Dealer_6652
NL,D06653,Dealer_6653
DE,D06654,Dealer_6654
FR,D06655,Dealer_6655
HU,D06656,Dealer_6656
NL,D06657,Dealer_6657
DE,D06658,Dealer_6658
FR,D06659,Dealer_6659
HU,D06660,Dealer_6660
NL,D06661,Dealer_6661
DE,D06662,Dealer_6662
FR,D06663,Dealer_6663
HU,D06664,Dealer_6664
NL,D06665,Dealer_6665
DE,D06666,Dealer_6666
FR,D06667,Dealer_6667
HU,D06668,Dealer_6668
NL,D06669,Dealer_6669
DE,D06670,Dealer_6670
FR,D06671,Dealer_6671
HU,D06672,Dealer_6672
NL,D06673,Dealer_6673
DE,D06674,Dealer_6674
FR,D06675,Dealer_6675
HU,D06676,Dealer_6676
NL,D06677,Dealer_6677
DE,D06678,Dealer_6678
FR,D06679,Dealer_6679
HU,D06680,Dealer_6680
NL,D06681,Dealer_6681
DE,D06682,Dealer_6682
FR,D06683,Dealer_6683
HU,D06684,Dealer_6684
NL,D06685,Dealer_6685
DE,D06686,Dealer_6686
FR,D06687,Dealer_6687
HU,D06688,Dealer_6688
NL,D06689,Dealer_6689
DE,D06690,Dealer_6690
FR,D06691,Dealer_6691
HU,D06692,Dealer_6692
NL,D06693,Dealer_6693
DE,D06694,Dealer_6694
FR,D06695,Dealer_6695
HU,D06696,Dealer_6696
NL,D06697,Dealer_6697
DE,D06698,Dealer_6698
FR,D06699,Dealer_6699
HU,D06700,Dealer_6700
NL,D06701,Dealer_6701
DE,D06702,Dealer_6702
FR,D06703,Dealer_6703
HU,D06704,Dealer_6704
NL,D06705,Dealer_6705
DE,D06706,Dealer_6706
FR,D06707,Dealer_6707
HU,D06708,Dealer_6708
NL,D06709,Dealer_6709
DE,D06710,Dealer_6710
FR,D06711,Dealer_6711
HU,D06712,Dealer_6712
NL,D06713,Dealer_6713
DE,D06714,Dealer_6714
FR,D06715,Dealer_6715
HU,D06716,Dealer_6716
NL,D06717,Dealer_6717
DE,D06718,Dealer_6718
FR,D06719,Dealer_6719
HU,D06720,Dealer_6720
NL,D06721,Dealer_6721
DE,D06722,Dealer_6722
FR,D06723,Dealer_6723
HU,D06724,Dealer_6724
NL,D06725,Dealer_6725
DE,D06726,Dealer_6726
FR,D06727,Dealer_6727
HU,D06728,Dealer_6728
NL,D06729,Dealer_6729
DE,D06730,Dealer_6730
FR,D06731,Dealer_6731
HU,D06732,Dealer_6732
NL,D06733,Dealer_6733
DE,D06734,Dealer_6734
FR,D06735,Dealer_6735
HU,D06736,Dealer_6736
NL,D06737,Dealer_6737
DE,D06738,Dealer_6738
FR,D06739,Dealer_6739
HU,D06740,Dealer_6740
NL,D06741,Dealer_6741
DE,D06742,Dealer_6742
FR,D06743,Dealer_6743
HU,D06744,Dealer_6744
NL,D06745,Dealer_6745
DE,D06746,Dealer_6746
FR,D06747,Dealer_6747
HU,D06748,Dealer_6748
NL,D06749,Dealer_6749
DE,D06750,Dealer_6750
FR,D06751,Dealer_6751
HU,D06752,Dealer_6752
NL,D06753,Dealer_6753
DE,D06754,Dealer_6754
FR,D06755,Dealer_6755
HU,D06756,Dealer_6756
NL,D06757,Dealer_6757
DE,D06758,Dealer_6758
FR,D06759,Dealer_6759
HU,D06760,Dealer_6760
NL,D06761,Dealer_6761
DE,D06762,Dealer_6762
FR,D06763,Dealer_6763
HU,D06764,Dealer_6764
NL,D06765,Dealer_6765
DE,D06766,Dealer_6766
FR,D06767,Dealer_6767
HU,D06768,Dealer_6768
NL,D06769,Dealer_6769
DE,D06770,Dealer_6770
FR,D06771,Dealer_6771
HU,D06772,Dealer_6772
NL,D06773,Dealer_6773
DE,D06774,Dealer_6774
FR,D06775,Dealer_6775
HU,D06776,Dealer_6776
NL,D06777,Dealer_6777
DE,D06778,Dealer_6778
FR,D06779,Dealer_6779
HU,D06780,Dealer_6780
NL,D06781,Dealer_6781
DE,D06782,Dealer_6782
FR,D06783,Dealer_6783
HU,D06784,Dealer_6784
NL,D06785,Dealer_6785
DE,D06786,Dealer_6786
FR,D06787,Dealer_6787
HU,D06788,Dealer_6788
NL,D06789,Dealer_6789
DE,D06790,Dealer_6790
FR,D06791,Dealer_6791
HU,D06792,Dealer_6792
NL,D06793,Dealer_6793
DE,D06794,Dealer_6794
FR,D06795,Dealer_6795
HU,D06796,Dealer_6796
NL,D06797,Dealer_6797
DE,D06798,Dealer_6798
FR,D06799,Dealer_6799
HU,D06800,Dealer_6800
NL,D06801,Dealer_6801
DE,D06802,Dealer_6802
FR,D06803,Dealer_6803
HU,D06804,Dealer_6804
NL,D06805,Dealer_6805
DE,D06806,Dealer_6806
FR,D06807,Dealer_6807
HU,D06808,Dealer_6808
NL,D06809,Dealer_6809
DE,D06810,Dealer_6810
FR,D06811,Dealer_6811
HU,D06812,Dealer_6812
NL,D06813,Dealer_6813
DE,D06814,Dealer_6814
FR,D06815,Dealer_6815
HU,D06816,Dealer_6816
NL,D06817,Dealer_6817
DE,D06818,Dealer_6818
FR,D06819,Dealer_6819
HU,D06820,Dealer_6820
NL,D06821,Dealer_6821
DE,D06822,Dealer_6822
FR,D06823,Dealer_6823
HU,D06824,Dealer_6824
NL,D06825,Dealer_6825
DE,D06826,Dealer_6826
FR,D06827,Dealer_6827
HU,D06828,Dealer_6828
NL,D06829,Dealer_6829
DE,D06830,Dealer_6830
FR,D06831,Dealer_6831
HU,D06832,Dealer_6832
NL,D06833,Dealer_6833
DE,D06834,Dealer_6834
FR,D06835,Dealer_6835
HU,D06836,Dealer_6836
NL,D06837,Dealer_6837
DE,D06838,Dealer_6838
FR,D06839,Dealer_6839
HU,D06840,Dealer_6840
NL,D06841,Dealer_6841
DE,D06842,Dealer_6842
FR,D06843,Dealer_6843
HU,D06844,Dealer_6844
NL,D06845,Dealer_6845
DE,D06846,Dealer_6846
FR,D06847,Dealer_6847
HU,D06848,Dealer_6848
NL,D06849,Dealer_6849
DE,D06850,Dealer_6850
FR,D06851,Dealer_6851
HU,D06852,Dealer_6852
NL,D06853,Dealer_6853
DE,D06854,Dealer_6854
FR,D06855,Dealer_6855
HU,D06856,Dealer_6856
NL,D06857,Dealer_6857
DE,D06858,Dealer_6858
FR,D06859,Dealer_6859
HU,D06860,Dealer_6860
NL,D06861,Dealer_6861
DE,D06862,Dealer_6862
FR,D06863,Dealer_6863
HU,D06864,Dealer_6864
NL,D06865,Dealer_6865
DE,D06866,Dealer_6866
FR,D06867,Dealer_6867
HU,D06868,Dealer_6868
NL,D06869,Dealer_6869
DE,D06870,Dealer_6870
FR,D06871,Dealer_6871
HU,D06872,Dealer_6872
NL,D06873,Dealer_6873
DE,D06874,Dealer_6874
FR,D06875,Dealer_6875
HU,D06876,Dealer_6876
NL,D06877,Dealer_6877
DE,D06878,Dealer_6878
FR,D06879,Dealer_6879
HU,D06880,Dealer_6880
NL,D06881,Dealer_6881
DE,D06882,Dealer_6882
FR,D06883,Dealer_6883
HU,D06884,Dealer_6884
NL,D06885,Dealer_6885
DE,D06886,Dealer_6886
FR,D06887,Dealer_6887
HU,D06888,Dealer_6888
NL,D06889,Dealer_6889
DE,D06890,Dealer_6890
FR,D06891,Dealer_6891
HU,D06892,Dealer_6892
NL,D06893,Dealer_6893
DE,D06894,Dealer_6894
FR,D06895,Dealer_6895
HU,D06896,Dealer_6896
NL,D06897,Dealer_6897
DE,D06898,Dealer_6898
FR,D06899,Dealer_6899
HU,D06900,Dealer_6900
NL,D06901,Dealer_6901
DE,D06902,Dealer_6902
FR,D06903,Dealer_6903
HU,D06904,Dealer_6904
NL,D06905,Dealer_6905
DE,D06906,Dealer_6906
FR,D06907,Dealer_6907
HU,D06908,Dealer_6908
NL,D06909,Dealer_6909
DE,D06910,Dealer_6910
FR,D06911,Dealer_6911
HU,D06912,Dealer_6912
NL,D06913,Dealer_6913
DE,D06914,Dealer_6914
FR,D06915,Dealer_6915
HU,D06916,Dealer_6916
NL,D06917,Dealer_6917
DE,D06918,Dealer_6918
FR,D06919,Dealer_6919
HU,D06920,Dealer_6920
NL,D06921,Dealer_6921
DE,D06922,Dealer_6922
FR,D06923,Dealer_6923
HU,D06924,Dealer_6924
NL,D06925,Dealer_6925
DE,D06926,Dealer_6926
FR,D06927,Dealer_6927
HU,D06928,Dealer_6928
NL,D06929,Dealer_6929
DE,D06930,Dealer_6930
FR,D06931,Dealer_6931
HU,D06932,Dealer_6932
NL,D06933,Dealer_6933
DE,D06934,Dealer_6934
FR,D06935,Dealer_6935
HU,D06936,Dealer_6936
NL,D06937,Dealer_6937
DE,D06938,Dealer_6938
FR,D06939,Dealer_6939
HU,D06940,Dealer_6940
NL,D06941,Dealer_6941
DE,D06942,Dealer_6942
FR,D06943,Dealer_6943
HU,D06944,Dealer_6944
NL,D06945,Dealer_6945
DE,D06946,Dealer_6946
FR,D06947,Dealer_6947
HU,D06948,Dealer_6948
NL,D06949,Dealer_6949
DE,D06950,Dealer_6950
FR,D06951,Dealer_6951
HU,D06952,Dealer_6952
NL,D06953,Dealer_6953
DE,D06954,Dealer_6954
FR,D06955,Dealer_6955
HU,D06956,Dealer_6956
NL,D06957,Dealer_6957
DE,D06958,Dealer_6958
FR,D06959,Dealer_6959
HU,D06960,Dealer_6960
NL,D06961,Dealer_6961
DE,D06962,Dealer_6962
FR,D06963,Dealer_6963
HU,D06964,Dealer_6964
NL,D06965,Dealer_6965
DE,D06966,Dealer_6966
FR,D06967,Dealer_6967
HU,D06968,Dealer_6968
NL,D06969,Dealer_6969
DE,D06970,Dealer_6970
FR,D06971,Dealer_6971
HU,D06972,Dealer_6972
NL,D06973,Dealer_6973
DE,D06974,Dealer_6974
FR,D06975,Dealer_6975
HU,D06976,Dealer_6976
NL,D06977,Dealer_6977
DE,D06978,Dealer_6978
FR,D06979,Dealer_6979
HU,D06980,Dealer_6980
NL,D06981,Dealer_6981
DE,D06982,Dealer_6982
FR,D06983,Dealer_6983
HU,D06984,Dealer_6984
NL,D06985,Dealer_6985
DE,D06986,Dealer_6986
FR,D06987,Dealer_6987
HU,D06988,Dealer_6988
NL,D06989,Dealer_6989
DE,D06990,Dealer_6990
FR,D06991,Dealer_6991
HU,D06992,Dealer_6992
NL,D06993,Dealer_6993
DE,D06994,Dealer_6994
FR,D06995,Dealer_6995
HU,D06996,Dealer_6996
NL,D06997,Dealer_6997
DE,D06998,Dealer_6998
FR,D06999,Dealer_6999
HU,D07000,Dealer_7000
NL,D07001,Dealer_7001
DE,D07002,Dealer_7002
FR,D07003,Dealer_7003
HU,D07004,Dealer_7004
NL,D07005,Dealer_7005
DE,D07006,Dealer_7006
FR,D07007,Dealer_7007
HU,D07008,Dealer_7008
NL,D07009,Dealer_7009
DE,D07010,Dealer_7010
FR,D07011,Dealer_7011
HU,D07012,Dealer_7012
NL,D07013,Dealer_7013
DE,D07014,Dealer_7014
FR,D07015,Dealer_7015
HU,D07016,Dealer_7016
NL,D07017,Dealer_7017
DE,D07018,Dealer_7018
FR,D07019,Dealer_7019
HU,D07020,Dealer_7020
NL,D07021,Dealer_7021
DE,D07022,Dealer_7022
FR,D07023,Dealer_7023
HU,D07024,Dealer_7024
NL,D07025,Dealer_7025
DE,D07026,Dealer_7026
FR,D07027,Dealer_7027
HU,D07028,Dealer_7028
NL,D07029,Dealer_7029
DE,D07030,Dealer_7030
FR,D07031,Dealer_7031
HU,D07032,Dealer_7032
NL,D07033,Dealer_7033
DE,D07034,Dealer_7034
FR,D07035,Dealer_7035
HU,D07036,Dealer_7036
NL,D07037,Dealer_7037
DE,D07038,Dealer_7038
FR,D07039,Dealer_7039
HU,D07040,Dealer_7040
NL,D07041,Dealer_7041
DE,D07042,Dealer_7042
FR,D07043,Dealer_7043
HU,D07044,Dealer_7044
NL,D07045,Dealer_7045
DE,D07046,Dealer_7046
FR,D07047,Dealer_7047
HU,D07048,Dealer_7048
NL,D07049,Dealer_7049
DE,D07050,Dealer_7050
FR,D07051,Dealer_7051
HU,D07052,Dealer_7052
NL,D07053,Dealer_7053
DE,D07054,Dealer_7054
FR,D07055,Dealer_7055
HU,D07056,Dealer_7056
NL,D07057,Dealer_7057
DE,D07058,Dealer_7058
FR,D07059,Dealer_7059
HU,D07060,Dealer_7060
NL,D07061,Dealer_7061
DE,D07062,Dealer_7062
FR,D07063,Dealer_7063
HU,D07064,Dealer_7064
NL,D07065,Dealer_7065
DE,D07066,Dealer_7066
FR,D07067,Dealer_7067
HU,D07068,Dealer_7068
NL,D07069,Dealer_7069
DE,D07070,Dealer_7070
FR,D07071,Dealer_7071
HU,D07072,Dealer_7072
NL,D07073,Dealer_7073
DE,D07074,Dealer_7074
FR,D07075,Dealer_7075
HU,D07076,Dealer_7076
NL,D07077,Dealer_7077
DE,D07078,Dealer_7078
FR,D07079,Dealer_7079
HU,D07080,Dealer_7080
NL,D07081,Dealer_7081
DE,D07082,Dealer_7082
FR,D07083,Dealer_7083
HU,D07084,Dealer_7084
NL,D07085,Dealer_7085
DE,D07086,Dealer_7086
FR,D07087,Dealer_7087
HU,D07088,Dealer_7088
NL,D07089,Dealer_7089
DE,D07090,Dealer_7090
FR,D07091,Dealer_7091
HU,D07092,Dealer_7092
NL,D07093,Dealer_7093
DE,D07094,Dealer_7094
FR,D07095,Dealer_7095
HU,D07096,Dealer_7096
NL,D07097,Dealer_7097
DE,D07098,Dealer_7098
FR,D07099,Dealer_7099
HU,D07100,Dealer_7100
NL,D07101,Dealer_7101
DE,D07102,Dealer_7102
FR,D07103,Dealer_7103
HU,D07104,Dealer_7104
NL,D07105,Dealer_7105
DE,D07106,Dealer_7106
FR,D07107,Dealer_7107
HU,D07108,Dealer_7108
NL,D07109,Dealer_7109
DE,D07110,Dealer_7110
FR,D07111,Dealer_7111
HU,D07112,Dealer_7112
NL,D07113,Dealer_7113
DE,D07114,Dealer_7114
FR,D07115,Dealer_7115
HU,D07116,Dealer_7116
NL,D07117,Dealer_7117
DE,D07118,Dealer_7118
FR,D07119,Dealer_7119
HU,D07120,Dealer_7120
NL,D07121,Dealer_7121
DE,D07122,Dealer_7122
FR,D07123,Dealer_7123
HU,D07124,Dealer_7124
NL,D07125,Dealer_7125
DE,D07126,Dealer_7126
FR,D07127,Dealer_7127
HU,D07128,Dealer_7128
NL,D07129,Dealer_7129
DE,D07130,Dealer_7130
FR,D07131,Dealer_7131
HU,D07132,Dealer_7132
NL,D07133,Dealer_7133
DE,D07134,Dealer_7134
FR,D07135,Dealer_7135
HU,D07136,Dealer_7136
NL,D07137,Dealer_7137
DE,D07138,Dealer_7138
FR,D07139,Dealer_7139
HU,D07140,Dealer_7140
NL,D07141,Dealer_7141
DE,D07142,Dealer_7142
FR,D07143,Dealer_7143
HU,D07144,Dealer_7144
NL,D07145,Dealer_7145
DE,D07146,Dealer_7146
FR,D07147,Dealer_7147
HU,D07148,Dealer_7148
NL,D07149,Dealer_7149
DE,D07150,Dealer_7150
FR,D07151,Dealer_7151
HU,D07152,Dealer_7152
NL,D07153,Dealer_7153
DE,D07154,Dealer_7154
FR,D07155,Dealer_7155
HU,D07156,Dealer_7156
NL,D07157,Dealer_7157
DE,D07158,Dealer_7158
FR,D07159,Dealer_7159
HU,D07160,Dealer_7160
NL,D07161,Dealer_7161
DE,D07162,Dealer_7162
FR,D07163,Dealer_7163
HU,D07164,Dealer_7164
NL,D07165,Dealer_7165
DE,D07166,Dealer_7166
FR,D07167,Dealer_7167
HU,D07168,Dealer_7168
NL,D07169,Dealer_7169
DE,D07170,Dealer_7170
FR,D07171,Dealer_7171
HU,D07172,Dealer_7172
NL,D07173,Dealer_7173
DE,D07174,Dealer_7174
FR,D07175,Dealer_7175
HU,D07176,Dealer_7176
NL,D07177,Dealer_7177
DE,D07178,Dealer_7178
FR,D07179,Dealer_7179
HU,D07180,Dealer_7180
NL,D07181,Dealer_7181
DE,D07182,Dealer_7182
FR,D07183,Dealer_7183
HU,D07184,Dealer_7184
NL,D07185,Dealer_7185
DE,D07186,Dealer_7186
FR,D07187,Dealer_7187
HU,D07188,Dealer_7188
NL,D07189,Dealer_7189
DE,D07190,Dealer_7190
FR,D07191,Dealer_7191
HU,D07192,Dealer_7192
NL,D07193,Dealer_7193
DE,D07194,Dealer_7194
FR,D07195,Dealer_7195
HU,D07196,Dealer_7196
NL,D07197,Dealer_7197
DE,D07198,Dealer_7198
FR,D07199,Dealer_7199
HU,D07200,Dealer_7200
NL,D07201,Dealer_7201
DE,D07202,Dealer_7202
FR,D07203,Dealer_7203
HU,D07204,Dealer_7204
NL,D07205,Dealer_7205
DE,D07206,Dealer_7206
FR,D07207,Dealer_7207
HU,D07208,Dealer_7208
NL,D07209,Dealer_7209
DE,D07210,Dealer_7210
FR,D07211,Dealer_7211
HU,D07212,Dealer_7212
NL,D07213,Dealer_7213
DE,D07214,Dealer_7214
FR,D07215,Dealer_7215
HU,D07216,Dealer_7216
NL,D07217,Dealer_7217
DE,D07218,Dealer_7218
FR,D07219,Dealer_7219
HU,D07220,Dealer_7220
NL,D07221,Dealer_7221
DE,D07222,Dealer_7222
FR,D07223,Dealer_7223
HU,D07224,Dealer_7224
NL,D07225,Dealer_7225
DE,D07226,Dealer_7226
FR,D07227,Dealer_7227
HU,D07228,Dealer_7228
NL,D07229,Dealer_7229
DE,D07230,Dealer_7230
FR,D07231,Dealer_7231
HU,D07232,Dealer_7232
NL,D07233,Dealer_7233
DE,D07234,Dealer_7234
FR,D07235,Dealer_7235
HU,D07236,Dealer_7236
NL,D07237,Dealer_7237
DE,D07238,Dealer_7238
FR,D07239,Dealer_7239
HU,D07240,Dealer_7240
NL,D07241,Dealer_7241
DE,D07242,Dealer_7242
FR,D07243,Dealer_7243
HU,D07244,Dealer_7244
NL,D07245,Dealer_7245
DE,D07246,Dealer_7246
FR,D07247,Dealer_7247
HU,D07248,Dealer_7248
NL,D07249,Dealer_7249
DE,D07250,Dealer_7250
FR,D07251,Dealer_7251
HU,D07252,Dealer_7252
NL,D07253,Dealer_7253
DE,D07254,Dealer_7254
FR,D07255,Dealer_7255
HU,D07256,Dealer_7256
NL,D07257,Dealer_7257
DE,D07258,Dealer_7258
FR,D07259,Dealer_7259
HU,D07260,Dealer_7260
NL,D07261,Dealer_7261
DE,D07262,Dealer_7262
FR,D07263,Dealer_7263
HU,D07264,Dealer_7264
NL,D07265,Dealer_7265
DE,D07266,Dealer_7266
FR,D07267,Dealer_7267
HU,D07268,Dealer_7268
NL,D07269,Dealer_7269
DE,D07270,Dealer_7270
FR,D07271,Dealer_7271
HU,D07272,Dealer_7272
NL,D07273,Dealer_7273
DE,D07274,Dealer_7274
FR,D07275,Dealer_7275
HU,D07276,Dealer_7276
NL,D07277,Dealer_7277
DE,D07278,Dealer_7278
FR,D07279,Dealer_7279
HU,D07280,Dealer_7280
NL,D07281,Dealer_7281
DE,D07282,Dealer_7282
FR,D07283,Dealer_7283
HU,D07284,Dealer_7284
NL,D07285,Dealer_7285
DE,D07286,Dealer_7286
FR,D07287,Dealer_7287
HU,D07288,Dealer_7288
NL,D07289,Dealer_7289
DE,D07290,Dealer_7290
FR,D07291,Dealer_7291
HU,D07292,Dealer_7292
NL,D07293,Dealer_7293
DE,D07294,Dealer_7294
FR,D07295,Dealer_7295
HU,D07296,Dealer_7296
NL,D07297,Dealer_7297
DE,D07298,Dealer_7298
FR,D07299,Dealer_7299
HU,D07300,Dealer_7300
NL,D07301,Dealer_7301
DE,D07302,Dealer_7302
FR,D07303,Dealer_7303
HU,D07304,Dealer_7304
NL,D07305,Dealer_7305
DE,D07306,Dealer_7306
FR,D07307,Dealer_7307
HU,D07308,Dealer_7308
NL,D07309,Dealer_7309
DE,D07310,Dealer_7310
FR,D07311,Dealer_7311
HU,D07312,Dealer_7312
NL,D07313,Dealer_7313
DE,D07314,Dealer_7314
FR,D07315,Dealer_7315
HU,D07316,Dealer_7316
NL,D07317,Dealer_7317
DE,D07318,Dealer_7318
FR,D07319,Dealer_7319
HU,D07320,Dealer_7320
NL,D07321,Dealer_7321
DE,D07322,Dealer_7322
FR,D07323,Dealer_7323
HU,D07324,Dealer_7324
NL,D07325,Dealer_7325
DE,D07326,Dealer_7326
FR,D07327,Dealer_7327
HU,D07328,Dealer_7328
NL,D07329,Dealer_7329
DE,D07330,Dealer_7330
FR,D07331,Dealer_7331
HU,D07332,Dealer_7332
NL,D07333,Dealer_7333
DE,D07334,Dealer_7334
FR,D07335,Dealer_7335
HU,D07336,Dealer_7336
NL,D07337,Dealer_7337
DE,D07338,Dealer_7338
FR,D07339,Dealer_7339
HU,D07340,Dealer_7340
NL,D07341,Dealer_7341
DE,D07342,Dealer_7342
FR,D07343,Dealer_7343
HU,D07344,Dealer_7344
NL,D07345,Dealer_7345
DE,D07346,Dealer_7346
FR,D07347,Dealer_7347
HU,D07348,Dealer_7348
NL,D07349,Dealer_7349
DE,D07350,Dealer_7350
FR,D07351,Dealer_7351
HU,D07352,Dealer_7352
NL,D07353,Dealer_7353
DE,D07354,Dealer_7354
FR,D07355,Dealer_7355
HU,D07356,Dealer_7356
NL,D07357,Dealer_7357
DE,D07358,Dealer_7358
FR,D07359,Dealer_7359
HU,D07360,Dealer_7360
NL,D07361,Dealer_7361
DE,D07362,Dealer_7362
FR,D07363,Dealer_7363
HU,D07364,Dealer_7364
NL,D07365,Dealer_7365
DE,D07366,Dealer_7366
FR,D07367,Dealer_7367
HU,D07368,Dealer_7368
NL,D07369,Dealer_7369
DE,D07370,Dealer_7370
FR,D07371,Dealer_7371
HU,D07372,Dealer_7372
NL,D07373,Dealer_7373
DE,D07374,Dealer_7374
FR,D07375,Dealer_7375
HU,D07376,Dealer_7376
NL,D07377,Dealer_7377
DE,D07378,Dealer_7378
FR,D07379,Dealer_7379
HU,D07380,Dealer_7380
NL,D07381,Dealer_7381
DE,D07382,Dealer_7382
FR,D07383,Dealer_7383
HU,D07384,Dealer_7384
NL,D07385,Dealer_7385
DE,D07386,Dealer_7386
FR,D07387,Dealer_7387
HU,D07388,Dealer_7388
NL,D07389,Dealer_7389
DE,D07390,Dealer_7390
FR,D07391,Dealer_7391
HU,D07392,Dealer_7392
NL,D07393,Dealer_7393
DE,D07394,Dealer_7394
FR,D07395,Dealer_7395
HU,D07396,Dealer_7396
NL,D07397,Dealer_7397
DE,D07398,Dealer_7398
FR,D07399,Dealer_7399
HU,D07400,Dealer_7400
NL,D07401,Dealer_7401
DE,D07402,Dealer_7402
FR,D07403,Dealer_7403
HU,D07404,Dealer_7404
NL,D07405,Dealer_7405
DE,D07406,Dealer_7406
FR,D07407,Dealer_7407
HU,D07408,Dealer_7408
NL,D07409,Dealer_7409
DE,D07410,Dealer_7410
FR,D07411,Dealer_7411
HU,D07412,Dealer_7412
NL,D07413,Dealer_7413
DE,D07414,Dealer_7414
FR,D07415,Dealer_7415
HU,D07416,Dealer_7416
NL,D07417,Dealer_7417
DE,D07418,Dealer_7418
FR,D07419,Dealer_7419
HU,D07420,Dealer_7420
NL,D07421,Dealer_7421
DE,D07422,Dealer_7422
FR,D07423,Dealer_7423
HU,D07424,Dealer_7424
NL,D07425,Dealer_7425
DE,D07426,Dealer_7426
FR,D07427,Dealer_7427
HU,D07428,Dealer_7428
NL,D07429,Dealer_7429
DE,D07430,Dealer_7430
FR,D07431,Dealer_7431
HU,D07432,Dealer_7432
NL,D07433,Dealer_7433
DE,D07434,Dealer_7434
FR,D07435,Dealer_7435
HU,D07436,Dealer_7436
NL,D07437,Dealer_7437
DE,D07438,Dealer_7438
FR,D07439,Dealer_7439
HU,D07440,Dealer_7440
NL,D07441,Dealer_7441
DE,D07442,Dealer_7442
FR,D07443,Dealer_7443
HU,D07444,Dealer_7444
NL,D07445,Dealer_7445
DE,D07446,Dealer_7446
FR,D07447,Dealer_7447
HU,D07448,Dealer_7448
NL,D07449,Dealer_7449
DE,D07450,Dealer_7450
FR,D07451,Dealer_7451
HU,D07452,Dealer_7452
NL,D07453,Dealer_7453
DE,D07454,Dealer_7454
FR,D07455,Dealer_7455
HU,D07456,Dealer_7456
NL,D07457,Dealer_7457
DE,D07458,Dealer_7458
FR,D07459,Dealer_7459
HU,D07460,Dealer_7460
NL,D07461,Dealer_7461
DE,D07462,Dealer_7462
FR,D07463,Dealer_7463
HU,D07464,Dealer_7464
NL,D07465,Dealer_7465
DE,D07466,Dealer_7466
FR,D07467,Dealer_7467
HU,D07468,Dealer_7468
NL,D07469,Dealer_7469
DE,D07470,Dealer_7470
FR,D07471,Dealer_7471
HU,D07472,Dealer_7472
NL,D07473,Dealer_7473
DE,D07474,Dealer_7474
FR,D07475,Dealer_7475
HU,D07476,Dealer_7476
NL,D07477,Dealer_7477
DE,D07478,Dealer_7478
FR,D07479,Dealer_7479
HU,D07480,Dealer_7480
NL,D07481,Dealer_7481
DE,D07482,Dealer_7482
FR,D07483,Dealer_7483
HU,D07484,Dealer_7484
NL,D07485,Dealer_7485
DE,D07486,Dealer_7486
FR,D07487,Dealer_7487
HU,D07488,Dealer_7488
NL,D07489,Dealer_7489
DE,D07490,Dealer_7490
FR,D07491,Dealer_7491
HU,D07492,Dealer_7492
NL,D07493,Dealer_7493
DE,D07494,Dealer_7494
FR,D07495,Dealer_7495
HU,D07496,Dealer_7496
NL,D07497,Dealer_7497
DE,D07498,Dealer_7498
FR,D07499,Dealer_7499
HU,D07500,Dealer_7500
NL,D07501,Dealer_7501
DE,D07502,Dealer_7502
FR,D07503,Dealer_7503
HU,D07504,Dealer_7504
NL,D07505,Dealer_7505
DE,D07506,Dealer_7506
FR,D07507,Dealer_7507
HU,D07508,Dealer_7508
NL,D07509,Dealer_7509
DE,D07510,Dealer_7510
FR,D07511,Dealer_7511
HU,D07512,Dealer_7512
NL,D07513,Dealer_7513
DE,D07514,Dealer_7514
FR,D07515,Dealer_7515
HU,D07516,Dealer_7516
NL,D07517,Dealer_7517
DE,D07518,Dealer_7518
FR,D07519,Dealer_7519
HU,D07520,Dealer_7520
NL,D07521,Dealer_7521
DE,D07522,Dealer_7522
FR,D07523,Dealer_7523
HU,D07524,Dealer_7524
NL,D07525,Dealer_7525
DE,D07526,Dealer_7526
FR,D07527,Dealer_7527
HU,D07528,Dealer_7528
NL,D07529,Dealer_7529
DE,D07530,Dealer_7530
FR,D07531,Dealer_7531
HU,D07532,Dealer_7532
NL,D07533,Dealer_7533
DE,D07534,Dealer_7534
FR,D07535,Dealer_7535
HU,D07536,Dealer_7536
NL,D07537,Dealer_7537
DE,D07538,Dealer_7538
FR,D07539,Dealer_7539
HU,D07540,Dealer_7540
NL,D07541,Dealer_7541
DE,D07542,Dealer_7542
FR,D07543,Dealer_7543
HU,D07544,Dealer_7544
NL,D07545,Dealer_7545
DE,D07546,Dealer_7546
FR,D07547,Dealer_7547
HU,D07548,Dealer_7548
NL,D07549,Dealer_7549
DE,D07550,Dealer_7550
FR,D07551,Dealer_7551
HU,D07552,Dealer_7552
NL,D07553,Dealer_7553
DE,D07554,Dealer_7554
FR,D07555,Dealer_7555
HU,D07556,Dealer_7556
NL,D07557,Dealer_7557
DE,D07558,Dealer_7558
FR,D07559,Dealer_7559
HU,D07560,Dealer_7560
NL,D07561,Dealer_7561
DE,D07562,Dealer_7562
FR,D07563,Dealer_7563
HU,D07564,Dealer_7564
NL,D07565,Dealer_7565
DE,D07566,Dealer_7566
FR,D07567,Dealer_7567
HU,D07568,Dealer_7568
NL,D07569,Dealer_7569
DE,D07570,Dealer_7570
FR,D07571,Dealer_7571
HU,D07572,Dealer_7572
NL,D07573,Dealer_7573
DE,D07574,Dealer_7574
FR,D07575,Dealer_7575
HU,D07576,Dealer_7576
NL,D07577,Dealer_7577
DE,D07578,Dealer_7578
FR,D07579,Dealer_7579
HU,D07580,Dealer_7580
NL,D07581,Dealer_7581
DE,D07582,Dealer_7582
FR,D07583,Dealer_7583
HU,D07584,Dealer_7584
NL,D07585,Dealer_7585
DE,D07586,Dealer_7586
FR,D07587,Dealer_7587
HU,D07588,Dealer_7588
NL,D07589,Dealer_7589
DE,D07590,Dealer_7590
FR,D07591,Dealer_7591
HU,D07592,Dealer_7592
NL,D07593,Dealer_7593
DE,D07594,Dealer_7594
FR,D07595,Dealer_7595
HU,D07596,Dealer_7596
NL,D07597,Dealer_7597
DE,D07598,Dealer_7598
FR,D07599,Dealer_7599
HU,D07600,Dealer_7600
NL,D07601,Dealer_7601
DE,D07602,Dealer_7602
FR,D07603,Dealer_7603
HU,D07604,Dealer_7604
NL,D07605,Dealer_7605
DE,D07606,Dealer_7606
FR,D07607,Dealer_7607
HU,D07608,Dealer_7608
NL,D07609,Dealer_7609
DE,D07610,Dealer_7610
FR,D07611,Dealer_7611
HU,D07612,Dealer_7612
NL,D07613,Dealer_7613
DE,D07614,Dealer_7614
FR,D07615,Dealer_7615
HU,D07616,Dealer_7616
NL,D07617,Dealer_7617
DE,D07618,Dealer_7618
FR,D07619,Dealer_7619
HU,D07620,Dealer_7620
NL,D07621,Dealer_7621
DE,D07622,Dealer_7622
FR,D07623,Dealer_7623
HU,D07624,Dealer_7624
NL,D07625,Dealer_7625
DE,D07626,Dealer_7626
FR,D07627,Dealer_7627
HU,D07628,Dealer_7628
NL,D07629,Dealer_7629
DE,D07630,Dealer_7630
FR,D07631,Dealer_7631
HU,D07632,Dealer_7632
NL,D07633,Dealer_7633
DE,D07634,Dealer_7634
FR,D07635,Dealer_7635
HU,D07636,Dealer_7636
NL,D07637,Dealer_7637
DE,D07638,Dealer_7638
FR,D07639,Dealer_7639
HU,D07640,Dealer_7640
NL,D07641,Dealer_7641
DE,D07642,Dealer_7642
FR,D07643,Dealer_7643
HU,D07644,Dealer_7644
NL,D07645,Dealer_7645
DE,D07646,Dealer_7646
FR,D07647,Dealer_7647
HU,D07648,Dealer_7648
NL,D07649,Dealer_7649
DE,D07650,Dealer_7650
FR,D07651,Dealer_7651
HU,D07652,Dealer_7652
NL,D07653,Dealer_7653
DE,D07654,Dealer_7654
FR,D07655,Dealer_7655
HU,D07656,Dealer_7656
NL,D07657,Dealer_7657
DE,D07658,Dealer_7658
FR,D07659,Dealer_7659
HU,D07660,Dealer_7660
NL,D07661,Dealer_7661
DE,D07662,Dealer_7662
FR,D07663,Dealer_7663
HU,D07664,Dealer_7664
NL,D07665,Dealer_7665
DE,D07666,Dealer_7666
FR,D07667,Dealer_7667
HU,D07668,Dealer_7668
NL,D07669,Dealer_7669
DE,D07670,Dealer_7670
FR,D07671,Dealer_7671
HU,D07672,Dealer_7672
NL,D07673,Dealer_7673
DE,D07674,Dealer_7674
FR,D07675,Dealer_7675
HU,D07676,Dealer_7676
NL,D07677,Dealer_7677
DE,D07678,Dealer_7678
FR,D07679,Dealer_7679
HU,D07680,Dealer_7680
NL,D07681,Dealer_7681
DE,D07682,Dealer_7682
FR,D07683,Dealer_7683
HU,D07684,Dealer_7684
NL,D07685,Dealer_7685
DE,D07686,Dealer_7686
FR,D07687,Dealer_7687
HU,D07688,Dealer_7688
NL,D07689,Dealer_7689
DE,D07690,Dealer_7690
FR,D07691,Dealer_7691
HU,D07692,Dealer_7692
NL,D07693,Dealer_7693
DE,D07694,Dealer_7694
FR,D07695,Dealer_7695
HU,D07696,Dealer_7696
NL,D07697,Dealer_7697
DE,D07698,Dealer_7698
FR,D07699,Dealer_7699
HU,D07700,Dealer_7700
NL,D07701,Dealer_7701
DE,D07702,Dealer_7702
FR,D07703,Dealer_7703
HU,D07704,Dealer_7704
NL,D07705,Dealer_7705
DE,D07706,Dealer_7706
FR,D07707,Dealer_7707
HU,D07708,Dealer_7708
NL,D07709,Dealer_7709
DE,D07710,Dealer_7710
FR,D07711,Dealer_7711
HU,D07712,Dealer_7712
NL,D07713,Dealer_7713
DE,D07714,Dealer_7714
FR,D07715,Dealer_7715
HU,D07716,Dealer_7716
NL,D07717,Dealer_7717
DE,D07718,Dealer_7718
FR,D07719,Dealer_7719
HU,D07720,Dealer_7720
NL,D07721,Dealer_7721
DE,D07722,Dealer_7722
FR,D07723,Dealer_7723
HU,D07724,Dealer_7724
NL,D07725,Dealer_7725
DE,D07726,Dealer_7726
FR,D07727,Dealer_7727
HU,D07728,Dealer_7728
NL,D07729,Dealer_7729
DE,D07730,Dealer_7730
FR,D07731,Dealer_7731
HU,D07732,Dealer_7732
NL,D07733,Dealer_7733
DE,D07734,Dealer_7734
FR,D07735,Dealer_7735
HU,D07736,Dealer_7736
NL,D07737,Dealer_7737
DE,D07738,Dealer_7738
FR,D07739,Dealer_7739
HU,D07740,Dealer_7740
NL,D07741,Dealer_7741
DE,D07742,Dealer_7742
FR,D07743,Dealer_7743
HU,D07744,Dealer_7744
NL,D07745,Dealer_7745
DE,D07746,Dealer_7746
FR,D07747,Dealer_7747
HU,D07748,Dealer_7748
NL,D07749,Dealer_7749
DE,D07750,Dealer_7750
FR,D07751,Dealer_7751
HU,D07752,Dealer_7752
NL,D07753,Dealer_7753
DE,D07754,Dealer_7754
FR,D07755,Dealer_7755
HU,D07756,Dealer_7756
NL,D07757,Dealer_7757
DE,D07758,Dealer_7758
FR,D07759,Dealer_7759
HU,D07760,Dealer_7760
NL,D07761,Dealer_7761
DE,D07762,Dealer_7762
FR,D07763,Dealer_7763
HU,D07764,Dealer_7764
NL,D07765,Dealer_7765
DE,D07766,Dealer_7766
FR,D07767,Dealer_7767
HU,D07768,Dealer_7768
NL,D07769,Dealer_7769
DE,D07770,Dealer_7770
FR,D07771,Dealer_7771
HU,D07772,Dealer_7772
NL,D07773,Dealer_7773
DE,D07774,Dealer_7774
FR,D07775,Dealer_7775
HU,D07776,Dealer_7776
NL,D07777,Dealer_7777
DE,D07778,Dealer_7778
FR,D07779,Dealer_7779
HU,D07780,Dealer_7780
NL,D07781,Dealer_7781
DE,D07782,Dealer_7782
FR,D07783,Dealer_7783
HU,D07784,Dealer_7784
NL,D07785,Dealer_7785
DE,D07786,Dealer_7786
FR,D07787,Dealer_7787
HU,D07788,Dealer_7788
NL,D07789,Dealer_7789
DE,D07790,Dealer_7790
FR,D07791,Dealer_7791
HU,D07792,Dealer_7792
NL,D07793,Dealer_7793
DE,D07794,Dealer_7794
FR,D07795,Dealer_7795
HU,D07796,Dealer_7796
NL,D07797,Dealer_7797
DE,D07798,Dealer_7798
FR,D07799,Dealer_7799
HU,D07800,Dealer_7800
NL,D07801,Dealer_7801
DE,D07802,Dealer_7802
FR,D07803,Dealer_7803
HU,D07804,Dealer_7804
NL,D07805,Dealer_7805
DE,D07806,Dealer_7806
FR,D07807,Dealer_7807
HU,D07808,Dealer_7808
NL,D07809,Dealer_7809
DE,D07810,Dealer_7810
FR,D07811,Dealer_7811
HU,D07812,Dealer_7812
NL,D07813,Dealer_7813
DE,D07814,Dealer_7814
FR,D07815,Dealer_7815
HU,D07816,Dealer_7816
NL,D07817,Dealer_7817
DE,D07818,Dealer_7818
FR,D07819,Dealer_7819
HU,D07820,Dealer_7820
NL,D07821,Dealer_7821
DE,D07822,Dealer_7822
FR,D07823,Dealer_7823
HU,D07824,Dealer_7824
NL,D07825,Dealer_7825
DE,D07826,Dealer_7826
FR,D07827,Dealer_7827
HU,D07828,Dealer_7828
NL,D07829,Dealer_7829
DE,D07830,Dealer_7830
FR,D07831,Dealer_7831
HU,D07832,Dealer_7832
NL,D07833,Dealer_7833
DE,D07834,Dealer_7834
FR,D07835,Dealer_7835
HU,D07836,Dealer_7836
NL,D07837,Dealer_7837
DE,D07838,Dealer_7838
FR,D07839,Dealer_7839
HU,D07840,Dealer_7840
NL,D07841,Dealer_7841
DE,D07842,Dealer_7842
FR,D07843,Dealer_7843
HU,D07844,Dealer_7844
NL,D07845,Dealer_7845
DE,D07846,Dealer_7846
FR,D07847,Dealer_7847
HU,D07848,Dealer_7848
NL,D07849,Dealer_7849
DE,D07850,Dealer_7850
FR,D07851,Dealer_7851
HU,D07852,Dealer_7852
NL,D07853,Dealer_7853
DE,D07854,Dealer_7854
FR,D07855,Dealer_7855
HU,D07856,Dealer_7856
NL,D07857,Dealer_7857
DE,D07858,Dealer_7858
FR,D07859,Dealer_7859
HU,D07860,Dealer_7860
NL,D07861,Dealer_7861
DE,D07862,Dealer_7862
FR,D07863,Dealer_7863
HU,D07864,Dealer_7864
NL,D07865,Dealer_7865
DE,D07866,Dealer_7866
FR,D07867,Dealer_7867
HU,D07868,Dealer_7868
NL,D07869,Dealer_7869
DE,D07870,Dealer_7870
FR,D07871,Dealer_7871
HU,D07872,Dealer_7872
NL,D07873,Dealer_7873
DE,D07874,Dealer_7874
FR,D07875,Dealer_7875
HU,D07876,Dealer_7876
NL,D07877,Dealer_7877
DE,D07878,Dealer_7878
FR,D07879,Dealer_7879
HU,D07880,Dealer_7880
NL,D07881,Dealer_7881
DE,D07882,Dealer_7882
FR,D07883,Dealer_7883
HU,D07884,Dealer_7884
NL,D07885,Dealer_7885
DE,D07886,Dealer_7886
FR,D07887,Dealer_7887
HU,D07888,Dealer_7888
NL,D07889,Dealer_7889
DE,D07890,Dealer_7890
FR,D07891,Dealer_7891
HU,D07892,Dealer_7892
NL,D07893,Dealer_7893
DE,D07894,Dealer_7894
FR,D07895,Dealer_7895
HU,D07896,Dealer_7896
NL,D07897,Dealer_7897
DE,D07898,Dealer_7898
FR,D07899,Dealer_7899
HU,D07900,Dealer_7900
NL,D07901,Dealer_7901
DE,D07902,Dealer_7902
FR,D07903,Dealer_7903
HU,D07904,Dealer_7904
NL,D07905,Dealer_7905
DE,D07906,Dealer_7906
FR,D07907,Dealer_7907
HU,D07908,Dealer_7908
NL,D07909,Dealer_7909
DE,D07910,Dealer_7910
FR,D07911,Dealer_7911
HU,D07912,Dealer_7912
NL,D07913,Dealer_7913
DE,D07914,Dealer_7914
FR,D07915,Dealer_7915
HU,D07916,Dealer_7916
NL,D07917,Dealer_7917
DE,D07918,Dealer_7918
FR,D07919,Dealer_7919
HU,D07920,Dealer_7920
NL,D07921,Dealer_7921
DE,D07922,Dealer_7922
FR,D07923,Dealer_7923
HU,D07924,Dealer_7924
NL,D07925,Dealer_7925
DE,D07926,Dealer_7926
FR,D07927,Dealer_7927
HU,D07928,Dealer_7928
NL,D07929,Dealer_7929
DE,D07930,Dealer_7930
FR,D07931,Dealer_7931
HU,D07932,Dealer_7932
NL,D07933,Dealer_7933
DE,D07934,Dealer_7934
FR,D07935,Dealer_7935
HU,D07936,Dealer_7936
NL,D07937,Dealer_7937
DE,D07938,Dealer_7938
FR,D07939,Dealer_7939
HU,D07940,Dealer_7940
NL,D07941,Dealer_7941
DE,D07942,Dealer_7942
FR,D07943,Dealer_7943
HU,D07944,Dealer_7944
NL,D07945,Dealer_7945
DE,D07946,Dealer_7946
FR,D07947,Dealer_7947
HU,D07948,Dealer_7948
NL,D07949,Dealer_7949
DE,D07950,Dealer_7950
FR,D07951,Dealer_7951
HU,D07952,Dealer_7952
NL,D07953,Dealer_7953
DE,D07954,Dealer_7954
FR,D07955,Dealer_7955
HU,D07956,Dealer_7956
NL,D07957,Dealer_7957
DE,D07958,Dealer_7958
FR,D07959,Dealer_7959
HU,D07960,Dealer_7960
NL,D07961,Dealer_7961
DE,D07962,Dealer_7962
FR,D07963,Dealer_7963
HU,D07964,Dealer_7964
NL,D07965,Dealer_7965
DE,D07966,Dealer_7966
FR,D07967,Dealer_7967
HU,D07968,Dealer_7968
NL,D07969,Dealer_7969
DE,D07970,Dealer_7970
FR,D07971,Dealer_7971
HU,D07972,Dealer_7972
NL,D07973,Dealer_7973
DE,D07974,Dealer_7974
FR,D07975,Dealer_7975
HU,D07976,Dealer_7976
NL,D07977,Dealer_7977
DE,D07978,Dealer_7978
FR,D07979,Dealer_7979
HU,D07980,Dealer_7980
NL,D07981,Dealer_7981
DE,D07982,Dealer_7982
FR,D07983,Dealer_7983
HU,D07984,Dealer_7984
NL,D07985,Dealer_7985
DE,D07986,Dealer_7986
FR,D07987,Dealer_7987
HU,D07988,Dealer_7988
NL,D07989,Dealer_7989
DE,D07990,Dealer_7990
FR,D07991,Dealer_7991
HU,D07992,Dealer_7992
NL,D07993,Dealer_7993
DE,D07994,Dealer_7994
FR,D07995,Dealer_7995
HU,D07996,Dealer_7996
NL,D07997,Dealer_7997
DE,D07998,Dealer_7998
FR,D07999,Dealer_7999
HU,D08000,Dealer_8000
NL,D08001,Dealer_8001
DE,D08002,Dealer_8002
FR,D08003,Dealer_8003
HU,D08004,Dealer_8004
NL,D08005,Dealer_8005
DE,D08006,Dealer_8006
FR,D08007,Dealer_8007
HU,D08008,Dealer_8008
NL,D08009,Dealer_8009
DE,D08010,Dealer_8010
FR,D08011,Dealer_8011
HU,D08012,Dealer_8012
NL,D08013,Dealer_8013
DE,D08014,Dealer_8014
FR,D08015,Dealer_8015
HU,D08016,Dealer_8016
NL,D08017,Dealer_8017
DE,D08018,Dealer_8018
FR,D08019,Dealer_8019
HU,D08020,Dealer_8020
NL,D08021,Dealer_8021
DE,D08022,Dealer_8022
FR,D08023,Dealer_8023
HU,D08024,Dealer_8024
NL,D08025,Dealer_8025
DE,D08026,Dealer_8026
FR,D08027,Dealer_8027
HU,D08028,Dealer_8028
NL,D08029,Dealer_8029
DE,D08030,Dealer_8030
FR,D08031,Dealer_8031
HU,D08032,Dealer_8032
NL,D08033,Dealer_8033
DE,D08034,Dealer_8034
FR,D08035,Dealer_8035
HU,D08036,Dealer_8036
NL,D08037,Dealer_8037
DE,D08038,Dealer_8038
FR,D08039,Dealer_8039
HU,D08040,Dealer_8040
NL,D08041,Dealer_8041
DE,D08042,Dealer_8042
FR,D08043,Dealer_8043
HU,D08044,Dealer_8044
NL,D08045,Dealer_8045
DE,D08046,Dealer_8046
FR,D08047,Dealer_8047
HU,D08048,Dealer_8048
NL,D08049,Dealer_8049
DE,D08050,Dealer_8050
FR,D08051,Dealer_8051
HU,D08052,Dealer_8052
NL,D08053,Dealer_8053
DE,D08054,Dealer_8054
FR,D08055,Dealer_8055
HU,D08056,Dealer_8056
NL,D08057,Dealer_8057
DE,D08058,Dealer_8058
FR,D08059,Dealer_8059
HU,D08060,Dealer_8060
NL,D08061,Dealer_8061
DE,D08062,Dealer_8062
FR,D08063,Dealer_8063
HU,D08064,Dealer_8064
NL,D08065,Dealer_8065
DE,D08066,Dealer_8066
FR,D08067,Dealer_8067
HU,D08068,Dealer_8068
NL,D08069,Dealer_8069
DE,D08070,Dealer_8070
FR,D08071,Dealer_8071
HU,D08072,Dealer_8072
NL,D08073,Dealer_8073
DE,D08074,Dealer_8074
FR,D08075,Dealer_8075
HU,D08076,Dealer_8076
NL,D08077,Dealer_8077
DE,D08078,Dealer_8078
FR,D08079,Dealer_8079
HU,D08080,Dealer_8080
NL,D08081,Dealer_8081
DE,D08082,Dealer_8082
FR,D08083,Dealer_8083
HU,D08084,Dealer_8084
NL,D08085,Dealer_8085
DE,D08086,Dealer_8086
FR,D08087,Dealer_8087
HU,D08088,Dealer_8088
NL,D08089,Dealer_8089
DE,D08090,Dealer_8090
FR,D08091,Dealer_8091
HU,D08092,Dealer_8092
NL,D08093,Dealer_8093
DE,D08094,Dealer_8094
FR,D08095,Dealer_8095
HU,D08096,Dealer_8096
NL,D08097,Dealer_8097
DE,D08098,Dealer_8098
FR,D08099,Dealer_8099
HU,D08100,Dealer_8100
NL,D08101,Dealer_8101
DE,D08102,Dealer_8102
FR,D08103,Dealer_8103
HU,D08104,Dealer_8104
NL,D08105,Dealer_8105
DE,D08106,Dealer_8106
FR,D08107,Dealer_8107
HU,D08108,Dealer_8108
NL,D08109,Dealer_8109
DE,D08110,Dealer_8110
FR,D08111,Dealer_8111
HU,D08112,Dealer_8112
NL,D08113,Dealer_8113
DE,D08114,Dealer_8114
FR,D08115,Dealer_8115
HU,D08116,Dealer_8116
NL,D08117,Dealer_8117
DE,D08118,Dealer_8118
FR,D08119,Dealer_8119
HU,D08120,Dealer_8120
NL,D08121,Dealer_8121
DE,D08122,Dealer_8122
FR,D08123,Dealer_8123
HU,D08124,Dealer_8124
NL,D08125,Dealer_8125
DE,D08126,Dealer_8126
FR,D08127,Dealer_8127
HU,D08128,Dealer_8128
NL,D08129,Dealer_8129
DE,D08130,Dealer_8130
FR,D08131,Dealer_8131
HU,D08132,Dealer_8132
NL,D08133,Dealer_8133
DE,D08134,Dealer_8134
FR,D08135,Dealer_8135
HU,D08136,Dealer_8136
NL,D08137,Dealer_8137
DE,D08138,Dealer_8138
FR,D08139,Dealer_8139
HU,D08140,Dealer_8140
NL,D08141,Dealer_8141
DE,D08142,Dealer_8142
FR,D08143,Dealer_8143
HU,D08144,Dealer_8144
NL,D08145,Dealer_8145
DE,D08146,Dealer_8146
FR,D08147,Dealer_8147
HU,D08148,Dealer_8148
NL,D08149,Dealer_8149
DE,D08150,Dealer_8150
FR,D08151,Dealer_8151
HU,D08152,Dealer_8152
NL,D08153,Dealer_8153
DE,D08154,Dealer_8154
FR,D08155,Dealer_8155
HU,D08156,Dealer_8156
NL,D08157,Dealer_8157
DE,D08158,Dealer_8158
FR,D08159,Dealer_8159
HU,D08160,Dealer_8160
NL,D08161,Dealer_8161
DE,D08162,Dealer_8162
FR,D08163,Dealer_8163
HU,D08164,Dealer_8164
NL,D08165,Dealer_8165
DE,D08166,Dealer_8166
FR,D08167,Dealer_8167
HU,D08168,Dealer_8168
NL,D08169,Dealer_8169
DE,D08170,Dealer_8170
FR,D08171,Dealer_8171
HU,D08172,Dealer_8172
NL,D08173,Dealer_8173
DE,D08174,Dealer_8174
FR,D08175,Dealer_8175
HU,D08176,Dealer_8176
NL,D08177,Dealer_8177
DE,D08178,Dealer_8178
FR,D08179,Dealer_8179
HU,D08180,Dealer_8180
NL,D08181,Dealer_8181
DE,D08182,Dealer_8182
FR,D08183,Dealer_8183
HU,D08184,Dealer_8184
NL,D08185,Dealer_8185
DE,D08186,Dealer_8186
FR,D08187,Dealer_8187
HU,D08188,Dealer_8188
NL,D08189,Dealer_8189
DE,D08190,Dealer_8190
FR,D08191,Dealer_8191
HU,D08192,Dealer_8192
NL,D08193,Dealer_8193
DE,D08194,Dealer_8194
FR,D08195,Dealer_8195
HU,D08196,Dealer_8196
NL,D08197,Dealer_8197
DE,D08198,Dealer_8198
FR,D08199,Dealer_8199
HU,D08200,Dealer_8200
NL,D08201,Dealer_8201
DE,D08202,Dealer_8202
FR,D08203,Dealer_8203
HU,D08204,Dealer_8204
NL,D08205,Dealer_8205
DE,D08206,Dealer_8206
FR,D08207,Dealer_8207
HU,D08208,Dealer_8208
NL,D08209,Dealer_8209
DE,D08210,Dealer_8210
FR,D08211,Dealer_8211
HU,D08212,Dealer_8212
NL,D08213,Dealer_8213
DE,D08214,Dealer_8214
FR,D08215,Dealer_8215
HU,D08216,Dealer_8216
NL,D08217,Dealer_8217
DE,D08218,Dealer_8218
FR,D08219,Dealer_8219
HU,D08220,Dealer_8220
NL,D08221,Dealer_8221
DE,D08222,Dealer_8222
FR,D08223,Dealer_8223
HU,D08224,Dealer_8224
NL,D08225,Dealer_8225
DE,D08226,Dealer_8226
FR,D08227,Dealer_8227
HU,D08228,Dealer_8228
NL,D08229,Dealer_8229
DE,D08230,Dealer_8230
FR,D08231,Dealer_8231
HU,D08232,Dealer_8232
NL,D08233,Dealer_8233
DE,D08234,Dealer_8234
FR,D08235,Dealer_8235
HU,D08236,Dealer_8236
NL,D08237,Dealer_8237
DE,D08238,Dealer_8238
FR,D08239,Dealer_8239
HU,D08240,Dealer_8240
NL,D08241,Dealer_8241
DE,D08242,Dealer_8242
FR,D08243,Dealer_8243
HU,D08244,Dealer_8244
NL,D08245,Dealer_8245
DE,D08246,Dealer_8246
FR,D08247,Dealer_8247
HU,D08248,Dealer_8248
NL,D08249,Dealer_8249
DE,D08250,Dealer_8250
FR,D08251,Dealer_8251
HU,D08252,Dealer_8252
NL,D08253,Dealer_8253
DE,D08254,Dealer_8254
FR,D08255,Dealer_8255
HU,D08256,Dealer_8256
NL,D08257,Dealer_8257
DE,D08258,Dealer_8258
FR,D08259,Dealer_8259
HU,D08260,Dealer_8260
NL,D08261,Dealer_8261
DE,D08262,Dealer_8262
FR,D08263,Dealer_8263
HU,D08264,Dealer_8264
NL,D08265,Dealer_8265
DE,D08266,Dealer_8266
FR,D08267,Dealer_8267
HU,D08268,Dealer_8268
NL,D08269,Dealer_8269
DE,D08270,Dealer_8270
FR,D08271,Dealer_8271
HU,D08272,Dealer_8272
NL,D08273,Dealer_8273
DE,D08274,Dealer_8274
FR,D08275,Dealer_8275
HU,D08276,Dealer_8276
NL,D08277,Dealer_8277
DE,D08278,Dealer_8278
FR,D08279,Dealer_8279
HU,D08280,Dealer_8280
NL,D08281,Dealer_8281
DE,D08282,Dealer_8282
FR,D08283,Dealer_8283
HU,D08284,Dealer_8284
NL,D08285,Dealer_8285
DE,D08286,Dealer_8286
FR,D08287,Dealer_8287
HU,D08288,Dealer_8288
NL,D08289,Dealer_8289
DE,D08290,Dealer_8290
FR,D08291,Dealer_8291
HU,D08292,Dealer_8292
NL,D08293,Dealer_8293
DE,D08294,Dealer_8294
FR,D08295,Dealer_8295
HU,D08296,Dealer_8296
NL,D08297,Dealer_8297
DE,D08298,Dealer_8298
FR,D08299,Dealer_8299
HU,D08300,Dealer_8300
NL,D08301,Dealer_8301
DE,D08302,Dealer_8302
FR,D08303,Dealer_8303
HU,D08304,Dealer_8304
NL,D08305,Dealer_8305
DE,D08306,Dealer_8306
FR,D08307,Dealer_8307
HU,D08308,Dealer_8308
NL,D08309,Dealer_8309
DE,D08310,Dealer_8310
FR,D08311,Dealer_8311
HU,D08312,Dealer_8312
NL,D08313,Dealer_8313
DE,D08314,Dealer_8314
FR,D08315,Dealer_8315
HU,D08316,Dealer_8316
NL,D08317,Dealer_8317
DE,D08318,Dealer_8318
FR,D08319,Dealer_8319
HU,D08320,Dealer_8320
NL,D08321,Dealer_8321
DE,D08322,Dealer_8322
FR,D08323,Dealer_8323
HU,D08324,Dealer_8324
NL,D08325,Dealer_8325
DE,D08326,Dealer_8326
FR,D08327,Dealer_8327
HU,D08328,Dealer_8328
NL,D08329,Dealer_8329
DE,D08330,Dealer_8330
FR,D08331,Dealer_8331
HU,D08332,Dealer_8332
NL,D08333,Dealer_8333
DE,D08334,Dealer_8334
FR,D08335,Dealer_8335
HU,D08336,Dealer_8336
NL,D08337,Dealer_8337
DE,D08338,Dealer_8338
FR,D08339,Dealer_8339
HU,D08340,Dealer_8340
NL,D08341,Dealer_8341
DE,D08342,Dealer_8342
FR,D08343,Dealer_8343
HU,D08344,Dealer_8344
NL,D08345,Dealer_8345
DE,D08346,Dealer_8346
FR,D08347,Dealer_8347
HU,D08348,Dealer_8348
NL,D08349,Dealer_8349
DE,D08350,Dealer_8350
FR,D08351,Dealer_8351
HU,D08352,Dealer_8352
NL,D08353,Dealer_8353
DE,D08354,Dealer_8354
FR,D08355,Dealer_8355
HU,D08356,Dealer_8356
NL,D08357,Dealer_8357
DE,D08358,Dealer_8358
FR,D08359,Dealer_8359
HU,D08360,Dealer_8360
NL,D08361,Dealer_8361
DE,D08362,Dealer_8362
FR,D08363,Dealer_8363
HU,D08364,Dealer_8364
NL,D08365,Dealer_8365
DE,D08366,Dealer_8366
FR,D08367,Dealer_8367
HU,D08368,Dealer_8368
NL,D08369,Dealer_8369
DE,D08370,Dealer_8370
FR,D08371,Dealer_8371
HU,D08372,Dealer_8372
NL,D08373,Dealer_8373
DE,D08374,Dealer_8374
FR,D08375,Dealer_8375
HU,D08376,Dealer_8376
NL,D08377,Dealer_8377
DE,D08378,Dealer_8378
FR,D08379,Dealer_8379
HU,D08380,Dealer_8380
NL,D08381,Dealer_8381
DE,D08382,Dealer_8382
FR,D08383,Dealer_8383
HU,D08384,Dealer_8384
NL,D08385,Dealer_8385
DE,D08386,Dealer_8386
FR,D08387,Dealer_8387
HU,D08388,Dealer_8388
NL,D08389,Dealer_8389
DE,D08390,Dealer_8390
FR,D08391,Dealer_8391
HU,D08392,Dealer_8392
NL,D08393,Dealer_8393
DE,D08394,Dealer_8394
FR,D08395,Dealer_8395
HU,D08396,Dealer_8396
NL,D08397,Dealer_8397
DE,D08398,Dealer_8398
FR,D08399,Dealer_8399
HU,D08400,Dealer_8400
NL,D08401,Dealer_8401
DE,D08402,Dealer_8402
FR,D08403,Dealer_8403
HU,D08404,Dealer_8404
NL,D08405,Dealer_8405
DE,D08406,Dealer_8406
FR,D08407,Dealer_8407
HU,D08408,Dealer_8408
NL,D08409,Dealer_8409
DE,D08410,Dealer_8410
FR,D08411,Dealer_8411
HU,D08412,Dealer_8412
NL,D08413,Dealer_8413
DE,D08414,Dealer_8414
FR,D08415,Dealer_8415
HU,D08416,Dealer_8416
NL,D08417,Dealer_8417
DE,D08418,Dealer_8418
FR,D08419,Dealer_8419
HU,D08420,Dealer_8420
NL,D08421,Dealer_8421
DE,D08422,Dealer_8422
FR,D08423,Dealer_8423
HU,D08424,Dealer_8424
NL,D08425,Dealer_8425
DE,D08426,Dealer_8426
FR,D08427,Dealer_8427
HU,D08428,Dealer_8428
NL,D08429,Dealer_8429
DE,D08430,Dealer_8430
FR,D08431,Dealer_8431
HU,D08432,Dealer_8432
NL,D08433,Dealer_8433
DE,D08434,Dealer_8434
FR,D08435,Dealer_8435
HU,D08436,Dealer_8436
NL,D08437,Dealer_8437
DE,D08438,Dealer_8438
FR,D08439,Dealer_8439
HU,D08440,Dealer_8440
NL,D08441,Dealer_8441
DE,D08442,Dealer_8442
FR,D08443,Dealer_8443
HU,D08444,Dealer_8444
NL,D08445,Dealer_8445
DE,D08446,Dealer_8446
FR,D08447,Dealer_8447
HU,D08448,Dealer_8448
NL,D08449,Dealer_8449
DE,D08450,Dealer_8450
FR,D08451,Dealer_8451
HU,D08452,Dealer_8452
NL,D08453,Dealer_8453
DE,D08454,Dealer_8454
FR,D08455,Dealer_8455
HU,D08456,Dealer_8456
NL,D08457,Dealer_8457
DE,D08458,Dealer_8458
FR,D08459,Dealer_8459
HU,D08460,Dealer_8460
NL,D08461,Dealer_8461
DE,D08462,Dealer_8462
FR,D08463,Dealer_8463
HU,D08464,Dealer_8464
NL,D08465,Dealer_8465
DE,D08466,Dealer_8466
FR,D08467,Dealer_8467
HU,D08468,Dealer_8468
NL,D08469,Dealer_8469
DE,D08470,Dealer_8470
FR,D08471,Dealer_8471
HU,D08472,Dealer_8472
NL,D08473,Dealer_8473
DE,D08474,Dealer_8474
FR,D08475,Dealer_8475
HU,D08476,Dealer_8476
NL,D08477,Dealer_8477
DE,D08478,Dealer_8478
FR,D08479,Dealer_8479
HU,D08480,Dealer_8480
NL,D08481,Dealer_8481
DE,D08482,Dealer_8482
FR,D08483,Dealer_8483
HU,D08484,Dealer_8484
NL,D08485,Dealer_8485
DE,D08486,Dealer_8486
FR,D08487,Dealer_8487
HU,D08488,Dealer_8488
NL,D08489,Dealer_8489
DE,D08490,Dealer_8490
FR,D08491,Dealer_8491
HU,D08492,Dealer_8492
NL,D08493,Dealer_8493
DE,D08494,Dealer_8494
FR,D08495,Dealer_8495
HU,D08496,Dealer_8496
NL,D08497,Dealer_8497
DE,D08498,Dealer_8498
FR,D08499,Dealer_8499
HU,D08500,Dealer_8500
NL,D08501,Dealer_8501
DE,D08502,Dealer_8502
FR,D08503,Dealer_8503
HU,D08504,Dealer_8504
NL,D08505,Dealer_8505
DE,D08506,Dealer_8506
FR,D08507,Dealer_8507
HU,D08508,Dealer_8508
NL,D08509,Dealer_8509
DE,D08510,Dealer_8510
FR,D08511,Dealer_8511
HU,D08512,Dealer_8512
NL,D08513,Dealer_8513
DE,D08514,Dealer_8514
FR,D08515,Dealer_8515
HU,D08516,Dealer_8516
NL,D08517,Dealer_8517
DE,D08518,Dealer_8518
FR,D08519,Dealer_8519
HU,D08520,Dealer_8520
NL,D08521,Dealer_8521
DE,D08522,Dealer_8522
FR,D08523,Dealer_8523
HU,D08524,Dealer_8524
NL,D08525,Dealer_8525
DE,D08526,Dealer_8526
FR,D08527,Dealer_8527
HU,D08528,Dealer_8528
NL,D08529,Dealer_8529
DE,D08530,Dealer_8530
FR,D08531,Dealer_8531
HU,D08532,Dealer_8532
NL,D08533,Dealer_8533
DE,D08534,Dealer_8534
FR,D08535,Dealer_8535
HU,D08536,Dealer_8536
NL,D08537,Dealer_8537
DE,D08538,Dealer_8538
FR,D08539,Dealer_8539
HU,D08540,Dealer_8540
NL,D08541,Dealer_8541
DE,D08542,Dealer_8542
FR,D08543,Dealer_8543
HU,D08544,Dealer_8544
NL,D08545,Dealer_8545
DE,D08546,Dealer_8546
FR,D08547,Dealer_8547
HU,D08548,Dealer_8548
NL,D08549,Dealer_8549
DE,D08550,Dealer_8550
FR,D08551,Dealer_8551
HU,D08552,Dealer_8552
NL,D08553,Dealer_8553
DE,D08554,Dealer_8554
FR,D08555,Dealer_8555
HU,D08556,Dealer_8556
NL,D08557,Dealer_8557
DE,D08558,Dealer_8558
FR,D08559,Dealer_8559
HU,D08560,Dealer_8560
NL,D08561,Dealer_8561
DE,D08562,Dealer_8562
FR,D08563,Dealer_8563
HU,D08564,Dealer_8564
NL,D08565,Dealer_8565
DE,D08566,Dealer_8566
FR,D08567,Dealer_8567
HU,D08568,Dealer_8568
NL,D08569,Dealer_8569
DE,D08570,Dealer_8570
FR,D08571,Dealer_8571
HU,D08572,Dealer_8572
NL,D08573,Dealer_8573
DE,D08574,Dealer_8574
FR,D08575,Dealer_8575
HU,D08576,Dealer_8576
NL,D08577,Dealer_8577
DE,D08578,Dealer_8578
FR,D08579,Dealer_8579
HU,D08580,Dealer_8580
NL,D08581,Dealer_8581
DE,D08582,Dealer_8582
FR,D08583,Dealer_8583
HU,D08584,Dealer_8584
NL,D08585,Dealer_8585
DE,D08586,Dealer_8586
FR,D08587,Dealer_8587
HU,D08588,Dealer_8588
NL,D08589,Dealer_8589
DE,D08590,Dealer_8590
FR,D08591,Dealer_8591
HU,D08592,Dealer_8592
NL,D08593,Dealer_8593
DE,D08594,Dealer_8594
FR,D08595,Dealer_8595
HU,D08596,Dealer_8596
NL,D08597,Dealer_8597
DE,D08598,Dealer_8598
FR,D08599,Dealer_8599
HU,D08600,Dealer_8600
NL,D08601,Dealer_8601
DE,D08602,Dealer_8602
FR,D08603,Dealer_8603
HU,D08604,Dealer_8604
NL,D08605,Dealer_8605
DE,D08606,Dealer_8606
FR,D08607,Dealer_8607
HU,D08608,Dealer_8608
NL,D08609,Dealer_8609
DE,D08610,Dealer_8610
FR,D08611,Dealer_8611
HU,D08612,Dealer_8612
NL,D08613,Dealer_8613
DE,D08614,Dealer_8614
FR,D08615,Dealer_8615
HU,D08616,Dealer_8616
NL,D08617,Dealer_8617
DE,D08618,Dealer_8618
FR,D08619,Dealer_8619
HU,D08620,Dealer_8620
NL,D08621,Dealer_8621
DE,D08622,Dealer_8622
FR,D08623,Dealer_8623
HU,D08624,Dealer_8624
NL,D08625,Dealer_8625
DE,D08626,Dealer_8626
FR,D08627,Dealer_8627
HU,D08628,Dealer_8628
NL,D08629,Dealer_8629
DE,D08630,Dealer_8630
FR,D08631,Dealer_8631
HU,D08632,Dealer_8632
NL,D08633,Dealer_8633
DE,D08634,Dealer_8634
FR,D08635,Dealer_8635
HU,D08636,Dealer_8636
NL,D08637,Dealer_8637
DE,D08638,Dealer_8638
FR,D08639,Dealer_8639
HU,D08640,Dealer_8640
NL,D08641,Dealer_8641
DE,D08642,Dealer_8642
FR,D08643,Dealer_8643
HU,D08644,Dealer_8644
NL,D08645,Dealer_8645
DE,D08646,Dealer_8646
FR,D08647,Dealer_8647
HU,D08648,Dealer_8648
NL,D08649,Dealer_8649
DE,D08650,Dealer_8650
FR,D08651,Dealer_8651
HU,D08652,Dealer_8652
NL,D08653,Dealer_8653
DE,D08654,Dealer_8654
FR,D08655,Dealer_8655
HU,D08656,Dealer_8656
NL,D08657,Dealer_8657
DE,D08658,Dealer_8658
FR,D08659,Dealer_8659
HU,D08660,Dealer_8660
NL,D08661,Dealer_8661
DE,D08662,Dealer_8662
FR,D08663,Dealer_8663
HU,D08664,Dealer_8664
NL,D08665,Dealer_8665
DE,D08666,Dealer_8666
FR,D08667,Dealer_8667
HU,D08668,Dealer_8668
NL,D08669,Dealer_8669
DE,D08670,Dealer_8670
FR,D08671,Dealer_8671
HU,D08672,Dealer_8672
NL,D08673,Dealer_8673
DE,D08674,Dealer_8674
FR,D08675,Dealer_8675
HU,D08676,Dealer_8676
NL,D08677,Dealer_8677
DE,D08678,Dealer_8678
FR,D08679,Dealer_8679
HU,D08680,Dealer_8680
NL,D08681,Dealer_8681
DE,D08682,Dealer_8682
FR,D08683,Dealer_8683
HU,D08684,Dealer_8684
NL,D08685,Dealer_8685
DE,D08686,Dealer_8686
FR,D08687,Dealer_8687
HU,D08688,Dealer_8688
NL,D08689,Dealer_8689
DE,D08690,Dealer_8690
FR,D08691,Dealer_8691
HU,D08692,Dealer_8692
NL,D08693,Dealer_8693
DE,D08694,Dealer_8694
FR,D08695,Dealer_8695
HU,D08696,Dealer_8696
NL,D08697,Dealer_8697
DE,D08698,Dealer_8698
FR,D08699,Dealer_8699
HU,D08700,Dealer_8700
NL,D08701,Dealer_8701
DE,D08702,Dealer_8702
FR,D08703,Dealer_8703
HU,D08704,Dealer_8704
NL,D08705,Dealer_8705
DE,D08706,Dealer_8706
FR,D08707,Dealer_8707
HU,D08708,Dealer_8708
NL,D08709,Dealer_8709
DE,D08710,Dealer_8710
FR,D08711,Dealer_8711
HU,D08712,Dealer_8712
NL,D08713,Dealer_8713
DE,D08714,Dealer_8714
FR,D08715,Dealer_8715
HU,D08716,Dealer_8716
NL,D08717,Dealer_8717
DE,D08718,Dealer_8718
FR,D08719,Dealer_8719
HU,D08720,Dealer_8720
NL,D08721,Dealer_8721
DE,D08722,Dealer_8722
FR,D08723,Dealer_8723
HU,D08724,Dealer_8724
NL,D08725,Dealer_8725
DE,D08726,Dealer_8726
FR,D08727,Dealer_8727
HU,D08728,Dealer_8728
NL,D08729,Dealer_8729
DE,D08730,Dealer_8730
FR,D08731,Dealer_8731
HU,D08732,Dealer_8732
NL,D08733,Dealer_8733
DE,D08734,Dealer_8734
FR,D08735,Dealer_8735
HU,D08736,Dealer_8736
NL,D08737,Dealer_8737
DE,D08738,Dealer_8738
FR,D08739,Dealer_8739
HU,D08740,Dealer_8740
NL,D08741,Dealer_8741
DE,D08742,Dealer_8742
FR,D08743,Dealer_8743
HU,D08744,Dealer_8744
NL,D08745,Dealer_8745
DE,D08746,Dealer_8746
FR,D08747,Dealer_8747
HU,D08748,Dealer_8748
NL,D08749,Dealer_8749
DE,D08750,Dealer_8750
FR,D08751,Dealer_8751
HU,D08752,Dealer_8752
NL,D08753,Dealer_8753
DE,D08754,Dealer_8754
FR,D08755,Dealer_8755
HU,D08756,Dealer_8756
NL,D08757,Dealer_8757
DE,D08758,Dealer_8758
FR,D08759,Dealer_8759
HU,D08760,Dealer_8760
NL,D08761,Dealer_8761
DE,D08762,Dealer_8762
FR,D08763,Dealer_8763
HU,D08764,Dealer_8764
NL,D08765,Dealer_8765
DE,D08766,Dealer_8766
FR,D08767,Dealer_8767
HU,D08768,Dealer_8768
NL,D08769,Dealer_8769
DE,D08770,Dealer_8770
FR,D08771,Dealer_8771
HU,D08772,Dealer_8772
NL,D08773,Dealer_8773
DE,D08774,Dealer_8774
FR,D08775,Dealer_8775
HU,D08776,Dealer_8776
NL,D08777,Dealer_8777
DE,D08778,Dealer_8778
FR,D08779,Dealer_8779
HU,D08780,Dealer_8780
NL,D08781,Dealer_8781
DE,D08782,Dealer_8782
FR,D08783,Dealer_8783
HU,D08784,Dealer_8784
NL,D08785,Dealer_8785
DE,D08786,Dealer_8786
FR,D08787,Dealer_8787
HU,D08788,Dealer_8788
NL,D08789,Dealer_8789
DE,D08790,Dealer_8790
FR,D08791,Dealer_8791
HU,D08792,Dealer_8792
NL,D08793,Dealer_8793
DE,D08794,Dealer_8794
FR,D08795,Dealer_8795
HU,D08796,Dealer_8796
NL,D08797,Dealer_8797
DE,D08798,Dealer_8798
FR,D08799,Dealer_8799
HU,D08800,Dealer_8800
NL,D08801,Dealer_8801
DE,D08802,Dealer_8802
FR,D08803,Dealer_8803
HU,D08804,Dealer_8804
NL,D08805,Dealer_8805
DE,D08806,Dealer_8806
FR,D08807,Dealer_8807
HU,D08808,Dealer_8808
NL,D08809,Dealer_8809
DE,D08810,Dealer_8810
FR,D08811,Dealer_8811
HU,D08812,Dealer_8812
NL,D08813,Dealer_8813
DE,D08814,Dealer_8814
FR,D08815,Dealer_8815
HU,D08816,Dealer_8816
NL,D08817,Dealer_8817
DE,D08818,Dealer_8818
FR,D08819,Dealer_8819
HU,D08820,Dealer_8820
NL,D08821,Dealer_8821
DE,D08822,Dealer_8822
FR,D08823,Dealer_8823
HU,D08824,Dealer_8824
NL,D08825,Dealer_8825
DE,D08826,Dealer_8826
FR,D08827,Dealer_8827
HU,D08828,Dealer_8828
NL,D08829,Dealer_8829
DE,D08830,Dealer_8830
FR,D08831,Dealer_8831
HU,D08832,Dealer_8832
NL,D08833,Dealer_8833
DE,D08834,Dealer_8834
FR,D08835,Dealer_8835
HU,D08836,Dealer_8836
NL,D08837,Dealer_8837
DE,D08838,Dealer_8838
FR,D08839,Dealer_8839
HU,D08840,Dealer_8840
NL,D08841,Dealer_8841
DE,D08842,Dealer_8842
FR,D08843,Dealer_8843
HU,D08844,Dealer_8844
NL,D08845,Dealer_8845
DE,D08846,Dealer_8846
FR,D08847,Dealer_8847
HU,D08848,Dealer_8848
NL,D08849,Dealer_8849
DE,D08850,Dealer_8850
FR,D08851,Dealer_8851
HU,D08852,Dealer_8852
NL,D08853,Dealer_8853
DE,D08854,Dealer_8854
FR,D08855,Dealer_8855
HU,D08856,Dealer_8856
NL,D08857,Dealer_8857
DE,D08858,Dealer_8858
FR,D08859,Dealer_8859
HU,D08860,Dealer_8860
NL,D08861,Dealer_8861
DE,D08862,Dealer_8862
FR,D08863,Dealer_8863
HU,D08864,Dealer_8864
NL,D08865,Dealer_8865
DE,D08866,Dealer_8866
FR,D08867,Dealer_8867
HU,D08868,Dealer_8868
NL,D08869,Dealer_8869
DE,D08870,Dealer_8870
FR,D08871,Dealer_8871
HU,D08872,Dealer_8872
NL,D08873,Dealer_8873
DE,D08874,Dealer_8874
FR,D08875,Dealer_8875
HU,D08876,Dealer_8876
NL,D08877,Dealer_8877
DE,D08878,Dealer_8878
FR,D08879,Dealer_8879
HU,D08880,Dealer_8880
NL,D08881,Dealer_8881
DE,D08882,Dealer_8882
FR,D08883,Dealer_8883
HU,D08884,Dealer_8884
NL,D08885,Dealer_8885
DE,D08886,Dealer_8886
FR,D08887,Dealer_8887
HU,D08888,Dealer_8888
NL,D08889,Dealer_8889
DE,D08890,Dealer_8890
FR,D08891,Dealer_8891
HU,D08892,Dealer_8892
NL,D08893,Dealer_8893
DE,D08894,Dealer_8894
FR,D08895,Dealer_8895
HU,D08896,Dealer_8896
NL,D08897,Dealer_8897
DE,D08898,Dealer_8898
FR,D08899,Dealer_8899
HU,D08900,Dealer_8900
NL,D08901,Dealer_8901
DE,D08902,Dealer_8902
FR,D08903,Dealer_8903
HU,D08904,Dealer_8904
NL,D08905,Dealer_8905
DE,D08906,Dealer_8906
FR,D08907,Dealer_8907
HU,D08908,Dealer_8908
NL,D08909,Dealer_8909
DE,D08910,Dealer_8910
FR,D08911,Dealer_8911
HU,D08912,Dealer_8912
NL,D08913,Dealer_8913
DE,D08914,Dealer_8914
FR,D08915,Dealer_8915
HU,D08916,Dealer_8916
NL,D08917,Dealer_8917
DE,D08918,Dealer_8918
FR,D08919,Dealer_8919
HU,D08920,Dealer_8920
NL,D08921,Dealer_8921
DE,D08922,Dealer_8922
FR,D08923,Dealer_8923
HU,D08924,Dealer_8924
NL,D08925,Dealer_8925
DE,D08926,Dealer_8926
FR,D08927,Dealer_8927
HU,D08928,Dealer_8928
NL,D08929,Dealer_8929
DE,D08930,Dealer_8930
FR,D08931,Dealer_8931
HU,D08932,Dealer_8932
NL,D08933,Dealer_8933
DE,D08934,Dealer_8934
FR,D08935,Dealer_8935
HU,D08936,Dealer_8936
NL,D08937,Dealer_8937
DE,D08938,Dealer_8938
FR,D08939,Dealer_8939
HU,D08940,Dealer_8940
NL,D08941,Dealer_8941
DE,D08942,Dealer_8942
FR,D08943,Dealer_8943
HU,D08944,Dealer_8944
NL,D08945,Dealer_8945
DE,D08946,Dealer_8946
FR,D08947,Dealer_8947
HU,D08948,Dealer_8948
NL,D08949,Dealer_8949
DE,D08950,Dealer_8950
FR,D08951,Dealer_8951
HU,D08952,Dealer_8952
NL,D08953,Dealer_8953
DE,D08954,Dealer_8954
FR,D08955,Dealer_8955
HU,D08956,Dealer_8956
NL,D08957,Dealer_8957
DE,D08958,Dealer_8958
FR,D08959,Dealer_8959
HU,D08960,Dealer_8960
NL,D08961,Dealer_8961
DE,D08962,Dealer_8962
FR,D08963,Dealer_8963
HU,D08964,Dealer_8964
NL,D08965,Dealer_8965
DE,D08966,Dealer_8966
FR,D08967,Dealer_8967
HU,D08968,Dealer_8968
NL,D08969,Dealer_8969
DE,D08970,Dealer_8970
FR,D08971,Dealer_8971
HU,D08972,Dealer_8972
NL,D08973,Dealer_8973
DE,D08974,Dealer_8974
FR,D08975,Dealer_8975
HU,D08976,Dealer_8976
NL,D08977,Dealer_8977
DE,D08978,Dealer_8978
FR,D08979,Dealer_8979
HU,D08980,Dealer_8980
NL,D08981,Dealer_8981
DE,D08982,Dealer_8982
FR,D08983,Dealer_8983
HU,D08984,Dealer_8984
NL,D08985,Dealer_8985
DE,D08986,Dealer_8986
FR,D08987,Dealer_8987
HU,D08988,Dealer_8988
NL,D08989,Dealer_8989
DE,D08990,Dealer_8990
FR,D08991,Dealer_8991
HU,D08992,Dealer_8992
NL,D08993,Dealer_8993
DE,D08994,Dealer_8994
FR,D08995,Dealer_8995
HU,D08996,Dealer_8996
NL,D08997,Dealer_8997
DE,D08998,Dealer_8998
FR,D08999,Dealer_8999
HU,D09000,Dealer_9000
NL,D09001,Dealer_9001
DE,D09002,Dealer_9002
FR,D09003,Dealer_9003
HU,D09004,Dealer_9004
NL,D09005,Dealer_9005
DE,D09006,Dealer_9006
FR,D09007,Dealer_9007
HU,D09008,Dealer_9008
NL,D09009,Dealer_9009
DE,D09010,Dealer_9010
FR,D09011,Dealer_9011
HU,D09012,Dealer_9012
NL,D09013,Dealer_9013
DE,D09014,Dealer_9014
FR,D09015,Dealer_9015
HU,D09016,Dealer_9016
NL,D09017,Dealer_9017
DE,D09018,Dealer_9018
FR,D09019,Dealer_9019
HU,D09020,Dealer_9020
NL,D09021,Dealer_9021
DE,D09022,Dealer_9022
FR,D09023,Dealer_9023
HU,D09024,Dealer_9024
NL,D09025,Dealer_9025
DE,D09026,Dealer_9026
FR,D09027,Dealer_9027
HU,D09028,Dealer_9028
NL,D09029,Dealer_9029
DE,D09030,Dealer_9030
FR,D09031,Dealer_9031
HU,D09032,Dealer_9032
NL,D09033,Dealer_9033
DE,D09034,Dealer_9034
FR,D09035,Dealer_9035
HU,D09036,Dealer_9036
NL,D09037,Dealer_9037
DE,D09038,Dealer_9038
FR,D09039,Dealer_9039
HU,D09040,Dealer_9040
NL,D09041,Dealer_9041
DE,D09042,Dealer_9042
FR,D09043,Dealer_9043
HU,D09044,Dealer_9044
NL,D09045,Dealer_9045
DE,D09046,Dealer_9046
FR,D09047,Dealer_9047
HU,D09048,Dealer_9048
NL,D09049,Dealer_9049
DE,D09050,Dealer_9050
FR,D09051,Dealer_9051
HU,D09052,Dealer_9052
NL,D09053,Dealer_9053
DE,D09054,Dealer_9054
FR,D09055,Dealer_9055
HU,D09056,Dealer_9056
NL,D09057,Dealer_9057
DE,D09058,Dealer_9058
FR,D09059,Dealer_9059
HU,D09060,Dealer_9060
NL,D09061,Dealer_9061
DE,D09062,Dealer_9062
FR,D09063,Dealer_9063
HU,D09064,Dealer_9064
NL,D09065,Dealer_9065
DE,D09066,Dealer_9066
FR,D09067,Dealer_9067
HU,D09068,Dealer_9068
NL,D09069,Dealer_9069
DE,D09070,Dealer_9070
FR,D09071,Dealer_9071
HU,D09072,Dealer_9072
NL,D09073,Dealer_9073
DE,D09074,Dealer_9074
FR,D09075,Dealer_9075
HU,D09076,Dealer_9076
NL,D09077,Dealer_9077
DE,D09078,Dealer_9078
FR,D09079,Dealer_9079
HU,D09080,Dealer_9080
NL,D09081,Dealer_9081
DE,D09082,Dealer_9082
FR,D09083,Dealer_9083
HU,D09084,Dealer_9084
NL,D09085,Dealer_9085
DE,D09086,Dealer_9086
FR,D09087,Dealer_9087
HU,D09088,Dealer_9088
NL,D09089,Dealer_9089
DE,D09090,Dealer_9090
FR,D09091,Dealer_9091
HU,D09092,Dealer_9092
NL,D09093,Dealer_9093
DE,D09094,Dealer_9094
FR,D09095,Dealer_9095
HU,D09096,Dealer_9096
NL,D09097,Dealer_9097
DE,D09098,Dealer_9098
FR,D09099,Dealer_9099
HU,D09100,Dealer_9100
NL,D09101,Dealer_9101
DE,D09102,Dealer_9102
FR,D09103,Dealer_9103
HU,D09104,Dealer_9104
NL,D09105,Dealer_9105
DE,D09106,Dealer_9106
FR,D09107,Dealer_9107
HU,D09108,Dealer_9108
NL,D09109,Dealer_9109
DE,D09110,Dealer_9110
FR,D09111,Dealer_9111
HU,D09112,Dealer_9112
NL,D09113,Dealer_9113
DE,D09114,Dealer_9114
FR,D09115,Dealer_9115
HU,D09116,Dealer_9116
NL,D09117,Dealer_9117
DE,D09118,Dealer_9118
FR,D09119,Dealer_9119
HU,D09120,Dealer_9120
NL,D09121,Dealer_9121
DE,D09122,Dealer_9122
FR,D09123,Dealer_9123
HU,D09124,Dealer_9124
NL,D09125,Dealer_9125
DE,D09126,Dealer_9126
FR,D09127,Dealer_9127
HU,D09128,Dealer_9128
NL,D09129,Dealer_9129
DE,D09130,Dealer_9130
FR,D09131,Dealer_9131
HU,D09132,Dealer_9132
NL,D09133,Dealer_9133
DE,D09134,Dealer_9134
FR,D09135,Dealer_9135
HU,D09136,Dealer_9136
NL,D09137,Dealer_9137
DE,D09138,Dealer_9138
FR,D09139,Dealer_9139
HU,D09140,Dealer_9140
NL,D09141,Dealer_9141
DE,D09142,Dealer_9142
FR,D09143,Dealer_9143
HU,D09144,Dealer_9144
NL,D09145,Dealer_9145
DE,D09146,Dealer_9146
FR,D09147,Dealer_9147
HU,D09148,Dealer_9148
NL,D09149,Dealer_9149
DE,D09150,Dealer_9150
FR,D09151,Dealer_9151
HU,D09152,Dealer_9152
NL,D09153,Dealer_9153
DE,D09154,Dealer_9154
FR,D09155,Dealer_9155
HU,D09156,Dealer_9156
NL,D09157,Dealer_9157
DE,D09158,Dealer_9158
FR,D09159,Dealer_9159
HU,D09160,Dealer_9160
NL,D09161,Dealer_9161
DE,D09162,Dealer_9162
FR,D09163,Dealer_9163
HU,D09164,Dealer_9164
NL,D09165,Dealer_9165
DE,D09166,Dealer_9166
FR,D09167,Dealer_9167
HU,D09168,Dealer_9168
NL,D09169,Dealer_9169
DE,D09170,Dealer_9170
FR,D09171,Dealer_9171
HU,D09172,Dealer_9172
NL,D09173,Dealer_9173
DE,D09174,Dealer_9174
FR,D09175,Dealer_9175
HU,D09176,Dealer_9176
NL,D09177,Dealer_9177
DE,D09178,Dealer_9178
FR,D09179,Dealer_9179
HU,D09180,Dealer_9180
NL,D09181,Dealer_9181
DE,D09182,Dealer_9182
FR,D09183,Dealer_9183
HU,D09184,Dealer_9184
NL,D09185,Dealer_9185
DE,D09186,Dealer_9186
FR,D09187,Dealer_9187
HU,D09188,Dealer_9188
NL,D09189,Dealer_9189
DE,D09190,Dealer_9190
FR,D09191,Dealer_9191
HU,D09192,Dealer_9192
NL,D09193,Dealer_9193
DE,D09194,Dealer_9194
FR,D09195,Dealer_9195
HU,D09196,Dealer_9196
NL,D09197,Dealer_9197
DE,D09198,Dealer_9198
FR,D09199,Dealer_9199
HU,D09200,Dealer_9200
NL,D09201,Dealer_9201
DE,D09202,Dealer_9202
FR,D09203,Dealer_9203
HU,D09204,Dealer_9204
NL,D09205,Dealer_9205
DE,D09206,Dealer_9206
FR,D09207,Dealer_9207
HU,D09208,Dealer_9208
NL,D09209,Dealer_9209
DE,D09210,Dealer_9210
FR,D09211,Dealer_9211
HU,D09212,Dealer_9212
NL,D09213,Dealer_9213
DE,D09214,Dealer_9214
FR,D09215,Dealer_9215
HU,D09216,Dealer_9216
NL,D09217,Dealer_9217
DE,D09218,Dealer_9218
FR,D09219,Dealer_9219
HU,D09220,Dealer_9220
NL,D09221,Dealer_9221
DE,D09222,Dealer_9222
FR,D09223,Dealer_9223
HU,D09224,Dealer_9224
NL,D09225,Dealer_9225
DE,D09226,Dealer_9226
FR,D09227,Dealer_9227
HU,D09228,Dealer_9228
NL,D09229,Dealer_9229
DE,D09230,Dealer_9230
FR,D09231,Dealer_9231
HU,D09232,Dealer_9232
NL,D09233,Dealer_9233
DE,D09234,Dealer_9234
FR,D09235,Dealer_9235
HU,D09236,Dealer_9236
NL,D09237,Dealer_9237
DE,D09238,Dealer_9238
FR,D09239,Dealer_9239
HU,D09240,Dealer_9240
NL,D09241,Dealer_9241
DE,D09242,Dealer_9242
FR,D09243,Dealer_9243
HU,D09244,Dealer_9244
NL,D09245,Dealer_9245
DE,D09246,Dealer_9246
FR,D09247,Dealer_9247
HU,D09248,Dealer_9248
NL,D09249,Dealer_9249
DE,D09250,Dealer_9250
FR,D09251,Dealer_9251
HU,D09252,Dealer_9252
NL,D09253,Dealer_9253
DE,D09254,Dealer_9254
FR,D09255,Dealer_9255
HU,D09256,Dealer_9256
NL,D09257,Dealer_9257
DE,D09258,Dealer_9258
FR,D09259,Dealer_9259
HU,D09260,Dealer_9260
NL,D09261,Dealer_9261
DE,D09262,Dealer_9262
FR,D09263,Dealer_9263
HU,D09264,Dealer_9264
NL,D09265,Dealer_9265
DE,D09266,Dealer_9266
FR,D09267,Dealer_9267
HU,D09268,Dealer_9268
NL,D09269,Dealer_9269
DE,D09270,Dealer_9270
FR,D09271,Dealer_9271
HU,D09272,Dealer_9272
NL,D09273,Dealer_9273
DE,D09274,Dealer_9274
FR,D09275,Dealer_9275
HU,D09276,Dealer_9276
NL,D09277,Dealer_9277
DE,D09278,Dealer_9278
FR,D09279,Dealer_9279
HU,D09280,Dealer_9280
NL,D09281,Dealer_9281
DE,D09282,Dealer_9282
FR,D09283,Dealer_9283
HU,D09284,Dealer_9284
NL,D09285,Dealer_9285
DE,D09286,Dealer_9286
FR,D09287,Dealer_9287
HU,D09288,Dealer_9288
NL,D09289,Dealer_9289
DE,D09290,Dealer_9290
FR,D09291,Dealer_9291
HU,D09292,Dealer_9292
NL,D09293,Dealer_9293
DE,D09294,Dealer_9294
FR,D09295,Dealer_9295
HU,D09296,Dealer_9296
NL,D09297,Dealer_9297
DE,D09298,Dealer_9298
FR,D09299,Dealer_9299
HU,D09300,Dealer_9300
NL,D09301,Dealer_9301
DE,D09302,Dealer_9302
FR,D09303,Dealer_9303
HU,D09304,Dealer_9304
NL,D09305,Dealer_9305
DE,D09306,Dealer_9306
FR,D09307,Dealer_9307
HU,D09308,Dealer_9308
NL,D09309,Dealer_9309
DE,D09310,Dealer_9310
FR,D09311,Dealer_9311
HU,D09312,Dealer_9312
NL,D09313,Dealer_9313
DE,D09314,Dealer_9314
FR,D09315,Dealer_9315
HU,D09316,Dealer_9316
NL,D09317,Dealer_9317
DE,D09318,Dealer_9318
FR,D09319,Dealer_9319
HU,D09320,Dealer_9320
NL,D09321,Dealer_9321
DE,D09322,Dealer_9322
FR,D09323,Dealer_9323
HU,D09324,Dealer_9324
NL,D09325,Dealer_9325
DE,D09326,Dealer_9326
FR,D09327,Dealer_9327
HU,D09328,Dealer_9328
NL,D09329,Dealer_9329
DE,D09330,Dealer_9330
FR,D09331,Dealer_9331
HU,D09332,Dealer_9332
NL,D09333,Dealer_9333
DE,D09334,Dealer_9334
FR,D09335,Dealer_9335
HU,D09336,Dealer_9336
NL,D09337,Dealer_9337
DE,D09338,Dealer_9338
FR,D09339,Dealer_9339
HU,D09340,Dealer_9340
NL,D09341,Dealer_9341
DE,D09342,Dealer_9342
FR,D09343,Dealer_9343
HU,D09344,Dealer_9344
NL,D09345,Dealer_9345
DE,D09346,Dealer_9346
FR,D09347,Dealer_9347
HU,D09348,Dealer_9348
NL,D09349,Dealer_9349
DE,D09350,Dealer_9350
FR,D09351,Dealer_9351
HU,D09352,Dealer_9352
NL,D09353,Dealer_9353
DE,D09354,Dealer_9354
FR,D09355,Dealer_9355
HU,D09356,Dealer_9356
NL,D09357,Dealer_9357
DE,D09358,Dealer_9358
FR,D09359,Dealer_9359
HU,D09360,Dealer_9360
NL,D09361,Dealer_9361
DE,D09362,Dealer_9362
FR,D09363,Dealer_9363
HU,D09364,Dealer_9364
NL,D09365,Dealer_9365
DE,D09366,Dealer_9366
FR,D09367,Dealer_9367
HU,D09368,Dealer_9368
NL,D09369,Dealer_9369
DE,D09370,Dealer_9370
FR,D09371,Dealer_9371
HU,D09372,Dealer_9372
NL,D09373,Dealer_9373
DE,D09374,Dealer_9374
FR,D09375,Dealer_9375
HU,D09376,Dealer_9376
NL,D09377,Dealer_9377
DE,D09378,Dealer_9378
FR,D09379,Dealer_9379
HU,D09380,Dealer_9380
NL,D09381,Dealer_9381
DE,D09382,Dealer_9382
FR,D09383,Dealer_9383
HU,D09384,Dealer_9384
NL,D09385,Dealer_9385
DE,D09386,Dealer_9386
FR,D09387,Dealer_9387
HU,D09388,Dealer_9388
NL,D09389,Dealer_9389
DE,D09390,Dealer_9390
FR,D09391,Dealer_9391
HU,D09392,Dealer_9392
NL,D09393,Dealer_9393
DE,D09394,Dealer_9394
FR,D09395,Dealer_9395
HU,D09396,Dealer_9396
NL,D09397,Dealer_9397
DE,D09398,Dealer_9398
FR,D09399,Dealer_9399
HU,D09400,Dealer_9400
NL,D09401,Dealer_9401
DE,D09402,Dealer_9402
FR,D09403,Dealer_9403
HU,D09404,Dealer_9404
NL,D09405,Dealer_9405
DE,D09406,Dealer_9406
FR,D09407,Dealer_9407
HU,D09408,Dealer_9408
NL,D09409,Dealer_9409
DE,D09410,Dealer_9410
FR,D09411,Dealer_9411
HU,D09412,Dealer_9412
NL,D09413,Dealer_9413
DE,D09414,Dealer_9414
FR,D09415,Dealer_9415
HU,D09416,Dealer_9416
NL,D09417,Dealer_9417
DE,D09418,Dealer_9418
FR,D09419,Dealer_9419
HU,D09420,Dealer_9420
NL,D09421,Dealer_9421
DE,D09422,Dealer_9422
FR,D09423,Dealer_9423
HU,D09424,Dealer_9424
NL,D09425,Dealer_9425
DE,D09426,Dealer_9426
FR,D09427,Dealer_9427
HU,D09428,Dealer_9428
NL,D09429,Dealer_9429
DE,D09430,Dealer_9430
FR,D09431,Dealer_9431
HU,D09432,Dealer_9432
NL,D09433,Dealer_9433
DE,D09434,Dealer_9434
FR,D09435,Dealer_9435
HU,D09436,Dealer_9436
NL,D09437,Dealer_9437
DE,D09438,Dealer_9438
FR,D09439,Dealer_9439
HU,D09440,Dealer_9440
NL,D09441,Dealer_9441
DE,D09442,Dealer_9442
FR,D09443,Dealer_9443
HU,D09444,Dealer_9444
NL,D09445,Dealer_9445
DE,D09446,Dealer_9446
FR,D09447,Dealer_9447
HU,D09448,Dealer_9448
NL,D09449,Dealer_9449
DE,D09450,Dealer_9450
FR,D09451,Dealer_9451
HU,D09452,Dealer_9452
NL,D09453,Dealer_9453
DE,D09454,Dealer_9454
FR,D09455,Dealer_9455
HU,D09456,Dealer_9456
NL,D09457,Dealer_9457
DE,D09458,Dealer_9458
FR,D09459,Dealer_9459
HU,D09460,Dealer_9460
NL,D09461,Dealer_9461
DE,D09462,Dealer_9462
FR,D09463,Dealer_9463
HU,D09464,Dealer_9464
NL,D09465,Dealer_9465
DE,D09466,Dealer_9466
FR,D09467,Dealer_9467
HU,D09468,Dealer_9468
NL,D09469,Dealer_9469
DE,D09470,Dealer_9470
FR,D09471,Dealer_9471
HU,D09472,Dealer_9472
NL,D09473,Dealer_9473
DE,D09474,Dealer_9474
FR,D09475,Dealer_9475
HU,D09476,Dealer_9476
NL,D09477,Dealer_9477
DE,D09478,Dealer_9478
FR,D09479,Dealer_9479
HU,D09480,Dealer_9480
NL,D09481,Dealer_9481
DE,D09482,Dealer_9482
FR,D09483,Dealer_9483
HU,D09484,Dealer_9484
NL,D09485,Dealer_9485
DE,D09486,Dealer_9486
FR,D09487,Dealer_9487
HU,D09488,Dealer_9488
NL,D09489,Dealer_9489
DE,D09490,Dealer_9490
FR,D09491,Dealer_9491
HU,D09492,Dealer_9492
NL,D09493,Dealer_9493
DE,D09494,Dealer_9494
FR,D09495,Dealer_9495
HU,D09496,Dealer_9496
NL,D09497,Dealer_9497
DE,D09498,Dealer_9498
FR,D09499,Dealer_9499
HU,D09500,Dealer_9500
NL,D09501,Dealer_9501
DE,D09502,Dealer_9502
FR,D09503,Dealer_9503
HU,D09504,Dealer_9504
NL,D09505,Dealer_9505
DE,D09506,Dealer_9506
FR,D09507,Dealer_9507
HU,D09508,Dealer_9508
NL,D09509,Dealer_9509
DE,D09510,Dealer_9510
FR,D09511,Dealer_9511
HU,D09512,Dealer_9512
NL,D09513,Dealer_9513
DE,D09514,Dealer_9514
FR,D09515,Dealer_9515
HU,D09516,Dealer_9516
NL,D09517,Dealer_9517
DE,D09518,Dealer_9518
FR,D09519,Dealer_9519
HU,D09520,Dealer_9520
NL,D09521,Dealer_9521
DE,D09522,Dealer_9522
FR,D09523,Dealer_9523
HU,D09524,Dealer_9524
NL,D09525,Dealer_9525
DE,D09526,Dealer_9526
FR,D09527,Dealer_9527
HU,D09528,Dealer_9528
NL,D09529,Dealer_9529
DE,D09530,Dealer_9530
FR,D09531,Dealer_9531
HU,D09532,Dealer_9532
NL,D09533,Dealer_9533
DE,D09534,Dealer_9534
FR,D09535,Dealer_9535
HU,D09536,Dealer_9536
NL,D09537,Dealer_9537
DE,D09538,Dealer_9538
FR,D09539,Dealer_9539
HU,D09540,Dealer_9540
NL,D09541,Dealer_9541
DE,D09542,Dealer_9542
FR,D09543,Dealer_9543
HU,D09544,Dealer_9544
NL,D09545,Dealer_9545
DE,D09546,Dealer_9546
FR,D09547,Dealer_9547
HU,D09548,Dealer_9548
NL,D09549,Dealer_9549
DE,D09550,Dealer_9550
FR,D09551,Dealer_9551
HU,D09552,Dealer_9552
NL,D09553,Dealer_9553
DE,D09554,Dealer_9554
FR,D09555,Dealer_9555
HU,D09556,Dealer_9556
NL,D09557,Dealer_9557
DE,D09558,Dealer_9558
FR,D09559,Dealer_9559
HU,D09560,Dealer_9560
NL,D09561,Dealer_9561
DE,D09562,Dealer_9562
FR,D09563,Dealer_9563
HU,D09564,Dealer_9564
NL,D09565,Dealer_9565
DE,D09566,Dealer_9566
FR,D09567,Dealer_9567
HU,D09568,Dealer_9568
NL,D09569,Dealer_9569
DE,D09570,Dealer_9570
FR,D09571,Dealer_9571
HU,D09572,Dealer_9572
NL,D09573,Dealer_9573
DE,D09574,Dealer_9574
FR,D09575,Dealer_9575
HU,D09576,Dealer_9576
NL,D09577,Dealer_9577
DE,D09578,Dealer_9578
FR,D09579,Dealer_9579
HU,D09580,Dealer_9580
NL,D09581,Dealer_9581
DE,D09582,Dealer_9582
FR,D09583,Dealer_9583
HU,D09584,Dealer_9584
NL,D09585,Dealer_9585
DE,D09586,Dealer_9586
FR,D09587,Dealer_9587
HU,D09588,Dealer_9588
NL,D09589,Dealer_9589
DE,D09590,Dealer_9590
FR,D09591,Dealer_9591
HU,D09592,Dealer_9592
NL,D09593,Dealer_9593
DE,D09594,Dealer_9594
FR,D09595,Dealer_9595
HU,D09596,Dealer_9596
NL,D09597,Dealer_9597
DE,D09598,Dealer_9598
FR,D09599,Dealer_9599
HU,D09600,Dealer_9600
NL,D09601,Dealer_9601
DE,D09602,Dealer_9602
FR,D09603,Dealer_9603
HU,D09604,Dealer_9604
NL,D09605,Dealer_9605
DE,D09606,Dealer_9606
FR,D09607,Dealer_9607
HU,D09608,Dealer_9608
NL,D09609,Dealer_9609
DE,D09610,Dealer_9610
FR,D09611,Dealer_9611
HU,D09612,Dealer_9612
NL,D09613,Dealer_9613
DE,D09614,Dealer_9614
FR,D09615,Dealer_9615
HU,D09616,Dealer_9616
NL,D09617,Dealer_9617
DE,D09618,Dealer_9618
FR,D09619,Dealer_9619
HU,D09620,Dealer_9620
NL,D09621,Dealer_9621
DE,D09622,Dealer_9622
FR,D09623,Dealer_9623
HU,D09624,Dealer_9624
NL,D09625,Dealer_9625
DE,D09626,Dealer_9626
FR,D09627,Dealer_9627
HU,D09628,Dealer_9628
NL,D09629,Dealer_9629
DE,D09630,Dealer_9630
FR,D09631,Dealer_9631
HU,D09632,Dealer_9632
NL,D09633,Dealer_9633
DE,D09634,Dealer_9634
FR,D09635,Dealer_9635
HU,D09636,Dealer_9636
NL,D09637,Dealer_9637
DE,D09638,Dealer_9638
FR,D09639,Dealer_9639
HU,D09640,Dealer_9640
NL,D09641,Dealer_9641
DE,D09642,Dealer_9642
FR,D09643,Dealer_9643
HU,D09644,Dealer_9644
NL,D09645,Dealer_9645
DE,D09646,Dealer_9646
FR,D09647,Dealer_9647
HU,D09648,Dealer_9648
NL,D09649,Dealer_9649
DE,D09650,Dealer_9650
FR,D09651,Dealer_9651
HU,D09652,Dealer_9652
NL,D09653,Dealer_9653
DE,D09654,Dealer_9654
FR,D09655,Dealer_9655
HU,D09656,Dealer_9656
NL,D09657,Dealer_9657
DE,D09658,Dealer_9658
FR,D09659,Dealer_9659
HU,D09660,Dealer_9660
NL,D09661,Dealer_9661
DE,D09662,Dealer_9662
FR,D09663,Dealer_9663
HU,D09664,Dealer_9664
NL,D09665,Dealer_9665
DE,D09666,Dealer_9666
FR,D09667,Dealer_9667
HU,D09668,Dealer_9668
NL,D09669,Dealer_9669
DE,D09670,Dealer_9670
FR,D09671,Dealer_9671
HU,D09672,Dealer_9672
NL,D09673,Dealer_9673
DE,D09674,Dealer_9674
FR,D09675,Dealer_9675
HU,D09676,Dealer_9676
NL,D09677,Dealer_9677
DE,D09678,Dealer_9678
FR,D09679,Dealer_9679
HU,D09680,Dealer_9680
NL,D09681,Dealer_9681
DE,D09682,Dealer_9682
FR,D09683,Dealer_9683
HU,D09684,Dealer_9684
NL,D09685,Dealer_9685
DE,D09686,Dealer_9686
FR,D09687,Dealer_9687
HU,D09688,Dealer_9688
NL,D09689,Dealer_9689
DE,D09690,Dealer_9690
FR,D09691,Dealer_9691
HU,D09692,Dealer_9692
NL,D09693,Dealer_9693
DE,D09694,Dealer_9694
FR,D09695,Dealer_9695
HU,D09696,Dealer_9696
NL,D09697,Dealer_9697
DE,D09698,Dealer_9698
FR,D09699,Dealer_9699
HU,D09700,Dealer_9700
NL,D09701,Dealer_9701
DE,D09702,Dealer_9702
FR,D09703,Dealer_9703
HU,D09704,Dealer_9704
NL,D09705,Dealer_9705
DE,D09706,Dealer_9706
FR,D09707,Dealer_9707
HU,D09708,Dealer_9708
NL,D09709,Dealer_9709
DE,D09710,Dealer_9710
FR,D09711,Dealer_9711
HU,D09712,Dealer_9712
NL,D09713,Dealer_9713
DE,D09714,Dealer_9714
FR,D09715,Dealer_9715
HU,D09716,Dealer_9716
NL,D09717,Dealer_9717
DE,D09718,Dealer_9718
FR,D09719,Dealer_9719
HU,D09720,Dealer_9720
NL,D09721,Dealer_9721
DE,D09722,Dealer_9722
FR,D09723,Dealer_9723
HU,D09724,Dealer_9724
NL,D09725,Dealer_9725
DE,D09726,Dealer_9726
FR,D09727,Dealer_9727
HU,D09728,Dealer_9728
NL,D09729,Dealer_9729
DE,D09730,Dealer_9730
FR,D09731,Dealer_9731
HU,D09732,Dealer_9732
NL,D09733,Dealer_9733
DE,D09734,Dealer_9734
FR,D09735,Dealer_9735
HU,D09736,Dealer_9736
NL,D09737,Dealer_9737
DE,D09738,Dealer_9738
FR,D09739,Dealer_9739
HU,D09740,Dealer_9740
NL,D09741,Dealer_9741
DE,D09742,Dealer_9742
FR,D09743,Dealer_9743
HU,D09744,Dealer_9744
NL,D09745,Dealer_9745
DE,D09746,Dealer_9746
FR,D09747,Dealer_9747
HU,D09748,Dealer_9748
NL,D09749,Dealer_9749
DE,D09750,Dealer_9750
FR,D09751,Dealer_9751
HU,D09752,Dealer_9752
NL,D09753,Dealer_9753
DE,D09754,Dealer_9754
FR,D09755,Dealer_9755
HU,D09756,Dealer_9756
NL,D09757,Dealer_9757
DE,D09758,Dealer_9758
FR,D09759,Dealer_9759
HU,D09760,Dealer_9760
NL,D09761,Dealer_9761
DE,D09762,Dealer_9762
FR,D09763,Dealer_9763
HU,D09764,Dealer_9764
NL,D09765,Dealer_9765
DE,D09766,Dealer_9766
FR,D09767,Dealer_9767
HU,D09768,Dealer_9768
NL,D09769,Dealer_9769
DE,D09770,Dealer_9770
FR,D09771,Dealer_9771
HU,D09772,Dealer_9772
NL,D09773,Dealer_9773
DE,D09774,Dealer_9774
FR,D09775,Dealer_9775
HU,D09776,Dealer_9776
NL,D09777,Dealer_9777
DE,D09778,Dealer_9778
FR,D09779,Dealer_9779
HU,D09780,Dealer_9780
NL,D09781,Dealer_9781
DE,D09782,Dealer_9782
FR,D09783,Dealer_9783
HU,D09784,Dealer_9784
NL,D09785,Dealer_9785
DE,D09786,Dealer_9786
FR,D09787,Dealer_9787
HU,D09788,Dealer_9788
NL,D09789,Dealer_9789
DE,D09790,Dealer_9790
FR,D09791,Dealer_9791
HU,D09792,Dealer_9792
NL,D09793,Dealer_9793
DE,D09794,Dealer_9794
FR,D09795,Dealer_9795
HU,D09796,Dealer_9796
NL,D09797,Dealer_9797
DE,D09798,Dealer_9798
FR,D09799,Dealer_9799
HU,D09800,Dealer_9800
NL,D09801,Dealer_9801
DE,D09802,Dealer_9802
FR,D09803,Dealer_9803
HU,D09804,Dealer_9804
NL,D09805,Dealer_9805
DE,D09806,Dealer_9806
FR,D09807,Dealer_9807
HU,D09808,Dealer_9808
NL,D09809,Dealer_9809
DE,D09810,Dealer_9810
FR,D09811,Dealer_9811
HU,D09812,Dealer_9812
NL,D09813,Dealer_9813
DE,D09814,Dealer_9814
FR,D09815,Dealer_9815
HU,D09816,Dealer_9816
NL,D09817,Dealer_9817
DE,D09818,Dealer_9818
FR,D09819,Dealer_9819
HU,D09820,Dealer_9820
NL,D09821,Dealer_9821
DE,D09822,Dealer_9822
FR,D09823,Dealer_9823
HU,D09824,Dealer_9824
NL,D09825,Dealer_9825
DE,D09826,Dealer_9826
FR,D09827,Dealer_9827
HU,D09828,Dealer_9828
NL,D09829,Dealer_9829
DE,D09830,Dealer_9830
FR,D09831,Dealer_9831
HU,D09832,Dealer_9832
NL,D09833,Dealer_9833
DE,D09834,Dealer_9834
FR,D09835,Dealer_9835
HU,D09836,Dealer_9836
NL,D09837,Dealer_9837
DE,D09838,Dealer_9838
FR,D09839,Dealer_9839
HU,D09840,Dealer_9840
NL,D09841,Dealer_9841
DE,D09842,Dealer_9842
FR,D09843,Dealer_9843
HU,D09844,Dealer_9844
NL,D09845,Dealer_9845
DE,D09846,Dealer_9846
FR,D09847,Dealer_9847
HU,D09848,Dealer_9848
NL,D09849,Dealer_9849
DE,D09850,Dealer_9850
FR,D09851,Dealer_9851
HU,D09852,Dealer_9852
NL,D09853,Dealer_9853
DE,D09854,Dealer_9854
FR,D09855,Dealer_9855
HU,D09856,Dealer_9856
NL,D09857,Dealer_9857
DE,D09858,Dealer_9858
FR,D09859,Dealer_9859
HU,D09860,Dealer_9860
NL,D09861,Dealer_9861
DE,D09862,Dealer_9862
FR,D09863,Dealer_9863
HU,D09864,Dealer_9864
NL,D09865,Dealer_9865
DE,D09866,Dealer_9866
FR,D09867,Dealer_9867
HU,D09868,Dealer_9868
NL,D09869,Dealer_9869
DE,D09870,Dealer_9870
FR,D09871,Dealer_9871
HU,D09872,Dealer_9872
NL,D09873,Dealer_9873
DE,D09874,Dealer_9874
FR,D09875,Dealer_9875
HU,D09876,Dealer_9876
NL,D09877,Dealer_9877
DE,D09878,Dealer_9878
FR,D09879,Dealer_9879
HU,D09880,Dealer_9880
NL,D09881,Dealer_9881
DE,D09882,Dealer_9882
FR,D09883,Dealer_9883
HU,D09884,Dealer_9884
NL,D09885,Dealer_9885
DE,D09886,Dealer_9886
FR,D09887,Dealer_9887
HU,D09888,Dealer_9888
NL,D09889,Dealer_9889
DE,D09890,Dealer_9890
FR,D09891,Dealer_9891
HU,D09892,Dealer_9892
NL,D09893,Dealer_9893
DE,D09894,Dealer_9894
FR,D09895,Dealer_9895
HU,D09896,Dealer_9896
NL,D09897,Dealer_9897
DE,D09898,Dealer_9898
FR,D09899,Dealer_9899
HU,D09900,Dealer_9900
NL,D09901,Dealer_9901
DE,D09902,Dealer_9902
FR,D09903,Dealer_9903
HU,D09904,Dealer_9904
NL,D09905,Dealer_9905
DE,D09906,Dealer_9906
FR,D09907,Dealer_9907
HU,D09908,Dealer_9908
NL,D09909,Dealer_9909
DE,D09910,Dealer_9910
FR,D09911,Dealer_9911
HU,D09912,Dealer_9912
NL,D09913,Dealer_9913
DE,D09914,Dealer_9914
FR,D09915,Dealer_9915
HU,D09916,Dealer_9916
NL,D09917,Dealer_9917
DE,D09918,Dealer_9918
FR,D09919,Dealer_9919
HU,D09920,Dealer_9920
NL,D09921,Dealer_9921
DE,D09922,Dealer_9922
FR,D09923,Dealer_9923
HU,D09924,Dealer_9924
NL,D09925,Dealer_9925
DE,D09926,Dealer_9926
FR,D09927,Dealer_9927
HU,D09928,Dealer_9928
NL,D09929,Dealer_9929
DE,D09930,Dealer_9930
FR,D09931,Dealer_9931
HU,D09932,Dealer_9932
NL,D09933,Dealer_9933
DE,D09934,Dealer_9934
FR,D09935,Dealer_9935
HU,D09936,Dealer_9936
NL,D09937,Dealer_9937
DE,D09938,Dealer_9938
FR,D09939,Dealer_9939
HU,D09940,Dealer_9940
NL,D09941,Dealer_9941
DE,D09942,Dealer_9942
FR,D09943,Dealer_9943
HU,D09944,Dealer_9944
NL,D09945,Dealer_9945
DE,D09946,Dealer_9946
FR,D09947,Dealer_9947
HU,D09948,Dealer_9948
NL,D09949,Dealer_9949
DE,D09950,Dealer_9950
FR,D09951,Dealer_9951
HU,D09952,Dealer_9952
NL,D09953,Dealer_9953
DE,D09954,Dealer_9954
FR,D09955,Dealer_9955
HU,D09956,Dealer_9956
NL,D09957,Dealer_9957
DE,D09958,Dealer_9958
FR,D09959,Dealer_9959
HU,D09960,Dealer_9960
NL,D09961,Dealer_9961
DE,D09962,Dealer_9962
FR,D09963,Dealer_9963
HU,D09964,Dealer_9964
NL,D09965,Dealer_9965
DE,D09966,Dealer_9966
FR,D09967,Dealer_9967
HU,D09968,Dealer_9968
NL,D09969,Dealer_9969
DE,D09970,Dealer_9970
FR,D09971,Dealer_9971
HU,D09972,Dealer_9972
NL,D09973,Dealer_9973
DE,D09974,Dealer_9974
FR,D09975,Dealer_9975
HU,D09976,Dealer_9976
NL,D09977,Dealer_9977
DE,D09978,Dealer_9978
FR,D09979,Dealer_9979
HU,D09980,Dealer_9980
NL,D09981,Dealer_9981
DE,D09982,Dealer_9982
FR,D09983,Dealer_9983
HU,D09984,Dealer_9984
NL,D09985,Dealer_9985
DE,D09986,Dealer_9986
FR,D09987,Dealer_9987
HU,D09988,Dealer_9988
NL,D09989,Dealer_9989
DE,D09990,Dealer_9990
FR,D09991,Dealer_9991
HU,D09992,Dealer_9992
NL,D09993,Dealer_9993
DE,D09994,Dealer_9994
FR,D09995,Dealer_9995
HU,D09996,Dealer_9996
NL,D09997,Dealer_9997
DE,D09998,Dealer_9998
FR,D09999,Dealer_9999
