MLI,Basket,PCT,MPL_Code
1000,Engine,A,MPL_000
1001,Parts,B,MPL_001
1002,Accessories,C,MPL_002
1003,Service,D,MPL_003
1004,Electrical,E,MPL_004
1005,Engine,A,MPL_005
1006,Parts,B,MPL_006
1007,Accessories,C,MPL_007
1008,Service,D,MPL_008
1009,Electrical,E,MPL_009
1010,Engine,A,MPL_010
1011,Parts,B,MPL_011
1012,Accessories,C,MPL_012
1013,Service,D,MPL_013
1014,Electrical,E,MPL_014
1015,Engine,A,MPL_015
1016,Parts,B,MPL_016
1017,Accessories,C,MPL_017
1018,Service,D,MPL_018
1019,Electrical,E,MPL_019
1020,Engine,A,MPL_020
1021,Parts,B,MPL_021
1022,Accessories,C,MPL_022
1023,Service,D,MPL_023
1024,Electrical,E,MPL_024
1025,Engine,A,MPL_025
1026,Parts,B,MPL_026
1027,Accessories,C,MPL_027
1028,Service,D,MPL_028
1029,Electrical,E,MPL_029
1030,Engine,A,MPL_030
1031,Parts,B,MPL_031
1032,Accessories,C,MPL_032
1033,Service,D,MPL_033
1034,Electrical,E,MPL_034
1035,Engine,A,MPL_035
1036,Parts,B,MPL_036
1037,Accessories,C,MPL_037
1038,Service,D,MPL_038
1039,Electrical,E,MPL_039
1040,Engine,A,MPL_040
1041,Parts,B,MPL_041
1042,Accessories,C,MPL_042
1043,Service,D,MPL_043
1044,Electrical,E,MPL_044
1045,Engine,A,MPL_045
1046,Parts,B,MPL_046
1047,Accessories,C,MPL_047
1048,Service,D,MPL_048
1049,Electrical,E,MPL_049
1050,Engine,A,MPL_050
1051,Parts,B,MPL_051
1052,Accessories,C,MPL_052
1053,Service,D,MPL_053
1054,Electrical,E,MPL_054
1055,Engine,A,MPL_055
1056,Parts,B,MPL_056
1057,Accessories,C,MPL_057
1058,Service,D,MPL_058
1059,Electrical,E,MPL_059
1060,Engine,A,MPL_060
1061,Parts,B,MPL_061
1062,Accessories,C,MPL_062
1063,Service,D,MPL_063
1064,Electrical,E,MPL_064
1065,Engine,A,MPL_065
1066,Parts,B,MPL_066
1067,Accessories,C,MPL_067
1068,Service,D,MPL_068
1069,Electrical,E,MPL_069
1070,Engine,A,MPL_070
1071,Parts,B,MPL_071
1072,Accessories,C,MPL_072
1073,Service,D,MPL_073
1074,Electrical,E,MPL_074
1075,Engine,A,MPL_075
1076,Parts,B,MPL_076
1077,Accessories,C,MPL_077
1078,Service,D,MPL_078
1079,Electrical,E,MPL_079
1080,Engine,A,MPL_080
1081,Parts,B,MPL_081
1082,Accessories,C,MPL_082
1083,Service,D,MPL_083
1084,Electrical,E,MPL_084
1085,Engine,A,MPL_085
1086,Parts,B,MPL_086
1087,Accessories,C,MPL_087
1088,Service,D,MPL_088
1089,Electrical,E,MPL_089
1090,Engine,A,MPL_090
1091,Parts,B,MPL_091
1092,Accessories,C,MPL_092
1093,Service,D,MPL_093
1094,Electrical,E,MPL_094
1095,Engine,A,MPL_095
1096,Parts,B,MPL_096
1097,Accessories,C,MPL_097
1098,Service,D,MPL_098
1099,Electrical,E,MPL_099
1100,Engine,A,MPL_000
1101,Parts,B,MPL_001
1102,Accessories,C,MPL_002
1103,Service,D,MPL_003
1104,Electrical,E,MPL_004
1105,Engine,A,MPL_005
1106,Parts,B,MPL_006
1107,Accessories,C,MPL_007
1108,Service,D,MPL_008
1109,Electrical,E,MPL_009
1110,Engine,A,MPL_010
1111,Parts,B,MPL_011
1112,Accessories,C,MPL_012
1113,Service,D,MPL_013
1114,Electrical,E,MPL_014
1115,Engine,A,MPL_015
1116,Parts,B,MPL_016
1117,Accessories,C,MPL_017
1118,Service,D,MPL_018
1119,Electrical,E,MPL_019
1120,Engine,A,MPL_020
1121,Parts,B,MPL_021
1122,Accessories,C,MPL_022
1123,Service,D,MPL_023
1124,Electrical,E,MPL_024
1125,Engine,A,MPL_025
1126,Parts,B,MPL_026
1127,Accessories,C,MPL_027
1128,Service,D,MPL_028
1129,Electrical,E,MPL_029
1130,Engine,A,MPL_030
1131,Parts,B,MPL_031
1132,Accessories,C,MPL_032
1133,Service,D,MPL_033
1134,Electrical,E,MPL_034
1135,Engine,A,MPL_035
1136,Parts,B,MPL_036
1137,Accessories,C,MPL_037
1138,Service,D,MPL_038
1139,Electrical,E,MPL_039
1140,Engine,A,MPL_040
1141,Parts,B,MPL_041
1142,Accessories,C,MPL_042
1143,Service,D,MPL_043
1144,Electrical,E,MPL_044
1145,Engine,A,MPL_045
1146,Parts,B,MPL_046
1147,Accessories,C,MPL_047
1148,Service,D,MPL_048
1149,Electrical,E,MPL_049
1150,Engine,A,MPL_050
1151,Parts,B,MPL_051
1152,Accessories,C,MPL_052
1153,Service,D,MPL_053
1154,Electrical,E,MPL_054
1155,Engine,A,MPL_055
1156,Parts,B,MPL_056
1157,Accessories,C,MPL_057
1158,Service,D,MPL_058
1159,Electrical,E,MPL_059
1160,Engine,A,MPL_060
1161,Parts,B,MPL_061
1162,Accessories,C,MPL_062
1163,Service,D,MPL_063
1164,Electrical,E,MPL_064
1165,Engine,A,MPL_065
1166,Parts,B,MPL_066
1167,Accessories,C,MPL_067
1168,Service,D,MPL_068
1169,Electrical,E,MPL_069
1170,Engine,A,MPL_070
1171,Parts,B,MPL_071
1172,Accessories,C,MPL_072
1173,Service,D,MPL_073
1174,Electrical,E,MPL_074
1175,Engine,A,MPL_075
1176,Parts,B,MPL_076
1177,Accessories,C,MPL_077
1178,Service,D,MPL_078
1179,Electrical,E,MPL_079
1180,Engine,A,MPL_080
1181,Parts,B,MPL_081
1182,Accessories,C,MPL_082
1183,Service,D,MPL_083
1184,Electrical,E,MPL_084
1185,Engine,A,MPL_085
1186,Parts,B,MPL_086
1187,Accessories,C,MPL_087
1188,Service,D,MPL_088
1189,Electrical,E,MPL_089
1190,Engine,A,MPL_090
1191,Parts,B,MPL_091
1192,Accessories,C,MPL_092
1193,Service,D,MPL_093
1194,Electrical,E,MPL_094
1195,Engine,A,MPL_095
1196,Parts,B,MPL_096
1197,Accessories,C,MPL_097
1198,Service,D,MPL_098
1199,Electrical,E,MPL_099
1200,Engine,A,MPL_000
1201,Parts,B,MPL_001
1202,Accessories,C,MPL_002
1203,Service,D,MPL_003
1204,Electrical,E,MPL_004
1205,Engine,A,MPL_005
1206,Parts,B,MPL_006
1207,Accessories,C,MPL_007
1208,Service,D,MPL_008
1209,Electrical,E,MPL_009
1210,Engine,A,MPL_010
1211,Parts,B,MPL_011
1212,Accessories,C,MPL_012
1213,Service,D,MPL_013
1214,Electrical,E,MPL_014
1215,Engine,A,MPL_015
1216,Parts,B,MPL_016
1217,Accessories,C,MPL_017
1218,Service,D,MPL_018
1219,Electrical,E,MPL_019
1220,Engine,A,MPL_020
1221,Parts,B,MPL_021
1222,Accessories,C,MPL_022
1223,Service,D,MPL_023
1224,Electrical,E,MPL_024
1225,Engine,A,MPL_025
1226,Parts,B,MPL_026
1227,Accessories,C,MPL_027
1228,Service,D,MPL_028
1229,Electrical,E,MPL_029
1230,Engine,A,MPL_030
1231,Parts,B,MPL_031
1232,Accessories,C,MPL_032
1233,Service,D,MPL_033
1234,Electrical,E,MPL_034
1235,Engine,A,MPL_035
1236,Parts,B,MPL_036
1237,Accessories,C,MPL_037
1238,Service,D,MPL_038
1239,Electrical,E,MPL_039
1240,Engine,A,MPL_040
1241,Parts,B,MPL_041
1242,Accessories,C,MPL_042
1243,Service,D,MPL_043
1244,Electrical,E,MPL_044
1245,Engine,A,MPL_045
1246,Parts,B,MPL_046
1247,Accessories,C,MPL_047
1248,Service,D,MPL_048
1249,Electrical,E,MPL_049
1250,Engine,A,MPL_050
1251,Parts,B,MPL_051
1252,Accessories,C,MPL_052
1253,Service,D,MPL_053
1254,Electrical,E,MPL_054
1255,Engine,A,MPL_055
1256,Parts,B,MPL_056
1257,Accessories,C,MPL_057
1258,Service,D,MPL_058
1259,Electrical,E,MPL_059
1260,Engine,A,MPL_060
1261,Parts,B,MPL_061
1262,Accessories,C,MPL_062
1263,Service,D,MPL_063
1264,Electrical,E,MPL_064
1265,Engine,A,MPL_065
1266,Parts,B,MPL_066
1267,Accessories,C,MPL_067
1268,Service,D,MPL_068
1269,Electrical,E,MPL_069
1270,Engine,A,MPL_070
1271,Parts,B,MPL_071
1272,Accessories,C,MPL_072
1273,Service,D,MPL_073
1274,Electrical,E,MPL_074
1275,Engine,A,MPL_075
1276,Parts,B,MPL_076
1277,Accessories,C,MPL_077
1278,Service,D,MPL_078
1279,Electrical,E,MPL_079
1280,Engine,A,MPL_080
1281,Parts,B,MPL_081
1282,Accessories,C,MPL_082
1283,Service,D,MPL_083
1284,Electrical,E,MPL_084
1285,Engine,A,MPL_085
1286,Parts,B,MPL_086
1287,Accessories,C,MPL_087
1288,Service,D,MPL_088
1289,Electrical,E,MPL_089
1290,Engine,A,MPL_090
1291,Parts,B,MPL_091
1292,Accessories,C,MPL_092
1293,Service,D,MPL_093
1294,Electrical,E,MPL_094
1295,Engine,A,MPL_095
1296,Parts,B,MPL_096
1297,Accessories,C,MPL_097
1298,Service,D,MPL_098
1299,Electrical,E,MPL_099
1300,Engine,A,MPL_000
1301,Parts,B,MPL_001
1302,Accessories,C,MPL_002
1303,Service,D,MPL_003
1304,Electrical,E,MPL_004
1305,Engine,A,MPL_005
1306,Parts,B,MPL_006
1307,Accessories,C,MPL_007
1308,Service,D,MPL_008
1309,Electrical,E,MPL_009
1310,Engine,A,MPL_010
1311,Parts,B,MPL_011
1312,Accessories,C,MPL_012
1313,Service,D,MPL_013
1314,Electrical,E,MPL_014
1315,Engine,A,MPL_015
1316,Parts,B,MPL_016
1317,Accessories,C,MPL_017
1318,Service,D,MPL_018
1319,Electrical,E,MPL_019
1320,Engine,A,MPL_020
1321,Parts,B,MPL_021
1322,Accessories,C,MPL_022
1323,Service,D,MPL_023
1324,Electrical,E,MPL_024
1325,Engine,A,MPL_025
1326,Parts,B,MPL_026
1327,Accessories,C,MPL_027
1328,Service,D,MPL_028
1329,Electrical,E,MPL_029
1330,Engine,A,MPL_030
1331,Parts,B,MPL_031
1332,Accessories,C,MPL_032
1333,Service,D,MPL_033
1334,Electrical,E,MPL_034
1335,Engine,A,MPL_035
1336,Parts,B,MPL_036
1337,Accessories,C,MPL_037
1338,Service,D,MPL_038
1339,Electrical,E,MPL_039
1340,Engine,A,MPL_040
1341,Parts,B,MPL_041
1342,Accessories,C,MPL_042
1343,Service,D,MPL_043
1344,Electrical,E,MPL_044
1345,Engine,A,MPL_045
1346,Parts,B,MPL_046
1347,Accessories,C,MPL_047
1348,Service,D,MPL_048
1349,Electrical,E,MPL_049
1350,Engine,A,MPL_050
1351,Parts,B,MPL_051
1352,Accessories,C,MPL_052
1353,Service,D,MPL_053
1354,Electrical,E,MPL_054
1355,Engine,A,MPL_055
1356,Parts,B,MPL_056
1357,Accessories,C,MPL_057
1358,Service,D,MPL_058
1359,Electrical,E,MPL_059
1360,Engine,A,MPL_060
1361,Parts,B,MPL_061
1362,Accessories,C,MPL_062
1363,Service,D,MPL_063
1364,Electrical,E,MPL_064
1365,Engine,A,MPL_065
1366,Parts,B,MPL_066
1367,Accessories,C,MPL_067
1368,Service,D,MPL_068
1369,Electrical,E,MPL_069
1370,Engine,A,MPL_070
1371,Parts,B,MPL_071
1372,Accessories,C,MPL_072
1373,Service,D,MPL_073
1374,Electrical,E,MPL_074
1375,Engine,A,MPL_075
1376,Parts,B,MPL_076
1377,Accessories,C,MPL_077
1378,Service,D,MPL_078
1379,Electrical,E,MPL_079
1380,Engine,A,MPL_080
1381,Parts,B,MPL_081
1382,Accessories,C,MPL_082
1383,Service,D,MPL_083
1384,Electrical,E,MPL_084
1385,Engine,A,MPL_085
1386,Parts,B,MPL_086
1387,Accessories,C,MPL_087
1388,Service,D,MPL_088
1389,Electrical,E,MPL_089
1390,Engine,A,MPL_090
1391,Parts,B,MPL_091
1392,Accessories,C,MPL_092
1393,Service,D,MPL_093
1394,Electrical,E,MPL_094
1395,Engine,A,MPL_095
1396,Parts,B,MPL_096
1397,Accessories,C,MPL_097
1398,Service,D,MPL_098
1399,Electrical,E,MPL_099
1400,Engine,A,MPL_000
1401,Parts,B,MPL_001
1402,Accessories,C,MPL_002
1403,Service,D,MPL_003
1404,Electrical,E,MPL_004
1405,Engine,A,MPL_005
1406,Parts,B,MPL_006
1407,Accessories,C,MPL_007
1408,Service,D,MPL_008
1409,Electrical,E,MPL_009
1410,Engine,A,MPL_010
1411,Parts,B,MPL_011
1412,Accessories,C,MPL_012
1413,Service,D,MPL_013
1414,Electrical,E,MPL_014
1415,Engine,A,MPL_015
1416,Parts,B,MPL_016
1417,Accessories,C,MPL_017
1418,Service,D,MPL_018
1419,Electrical,E,MPL_019
1420,Engine,A,MPL_020
1421,Parts,B,MPL_021
1422,Accessories,C,MPL_022
1423,Service,D,MPL_023
1424,Electrical,E,MPL_024
1425,Engine,A,MPL_025
1426,Parts,B,MPL_026
1427,Accessories,C,MPL_027
1428,Service,D,MPL_028
1429,Electrical,E,MPL_029
1430,Engine,A,MPL_030
1431,Parts,B,MPL_031
1432,Accessories,C,MPL_032
1433,Service,D,MPL_033
1434,Electrical,E,MPL_034
1435,Engine,A,MPL_035
1436,Parts,B,MPL_036
1437,Accessories,C,MPL_037
1438,Service,D,MPL_038
1439,Electrical,E,MPL_039
1440,Engine,A,MPL_040
1441,Parts,B,MPL_041
1442,Accessories,C,MPL_042
1443,Service,D,MPL_043
1444,Electrical,E,MPL_044
1445,Engine,A,MPL_045
1446,Parts,B,MPL_046
1447,Accessories,C,MPL_047
1448,Service,D,MPL_048
1449,Electrical,E,MPL_049
1450,Engine,A,MPL_050
1451,Parts,B,MPL_051
1452,Accessories,C,MPL_052
1453,Service,D,MPL_053
1454,Electrical,E,MPL_054
1455,Engine,A,MPL_055
1456,Parts,B,MPL_056
1457,Accessories,C,MPL_057
1458,Service,D,MPL_058
1459,Electrical,E,MPL_059
1460,Engine,A,MPL_060
1461,Parts,B,MPL_061
1462,Accessories,C,MPL_062
1463,Service,D,MPL_063
1464,Electrical,E,MPL_064
1465,Engine,A,MPL_065
1466,Parts,B,MPL_066
1467,Accessories,C,MPL_067
1468,Service,D,MPL_068
1469,Electrical,E,MPL_069
1470,Engine,A,MPL_070
1471,Parts,B,MPL_071
1472,Accessories,C,MPL_072
1473,Service,D,MPL_073
1474,Electrical,E,MPL_074
1475,Engine,A,MPL_075
1476,Parts,B,MPL_076
1477,Accessories,C,MPL_077
1478,Service,D,MPL_078
1479,Electrical,E,MPL_079
1480,Engine,A,MPL_080
1481,Parts,B,MPL_081
1482,Accessories,C,MPL_082
1483,Service,D,MPL_083
1484,Electrical,E,MPL_084
1485,Engine,A,MPL_085
1486,Parts,B,MPL_086
1487,Accessories,C,MPL_087
1488,Service,D,MPL_088
1489,Electrical,E,MPL_089
1490,Engine,A,MPL_090
1491,Parts,B,MPL_091
1492,Accessories,C,MPL_092
1493,Service,D,MPL_093
1494,Electrical,E,MPL_094
1495,Engine,A,MPL_095
1496,Parts,B,MPL_096
1497,Accessories,C,MPL_097
1498,Service,D,MPL_098
1499,Electrical,E,MPL_099
1500,Engine,A,MPL_000
1501,Parts,B,MPL_001
1502,Accessories,C,MPL_002
1503,Service,D,MPL_003
1504,Electrical,E,MPL_004
1505,Engine,A,MPL_005
1506,Parts,B,MPL_006
1507,Accessories,C,MPL_007
1508,Service,D,MPL_008
1509,Electrical,E,MPL_009
1510,Engine,A,MPL_010
1511,Parts,B,MPL_011
1512,Accessories,C,MPL_012
1513,Service,D,MPL_013
1514,Electrical,E,MPL_014
1515,Engine,A,MPL_015
1516,Parts,B,MPL_016
1517,Accessories,C,MPL_017
1518,Service,D,MPL_018
1519,Electrical,E,MPL_019
1520,Engine,A,MPL_020
1521,Parts,B,MPL_021
1522,Accessories,C,MPL_022
1523,Service,D,MPL_023
1524,Electrical,E,MPL_024
1525,Engine,A,MPL_025
1526,Parts,B,MPL_026
1527,Accessories,C,MPL_027
1528,Service,D,MPL_028
1529,Electrical,E,MPL_029
1530,Engine,A,MPL_030
1531,Parts,B,MPL_031
1532,Accessories,C,MPL_032
1533,Service,D,MPL_033
1534,Electrical,E,MPL_034
1535,Engine,A,MPL_035
1536,Parts,B,MPL_036
1537,Accessories,C,MPL_037
1538,Service,D,MPL_038
1539,Electrical,E,MPL_039
1540,Engine,A,MPL_040
1541,Parts,B,MPL_041
1542,Accessories,C,MPL_042
1543,Service,D,MPL_043
1544,Electrical,E,MPL_044
1545,Engine,A,MPL_045
1546,Parts,B,MPL_046
1547,Accessories,C,MPL_047
1548,Service,D,MPL_048
1549,Electrical,E,MPL_049
1550,Engine,A,MPL_050
1551,Parts,B,MPL_051
1552,Accessories,C,MPL_052
1553,Service,D,MPL_053
1554,Electrical,E,MPL_054
1555,Engine,A,MPL_055
1556,Parts,B,MPL_056
1557,Accessories,C,MPL_057
1558,Service,D,MPL_058
1559,Electrical,E,MPL_059
1560,Engine,A,MPL_060
1561,Parts,B,MPL_061
1562,Accessories,C,MPL_062
1563,Service,D,MPL_063
1564,Electrical,E,MPL_064
1565,Engine,A,MPL_065
1566,Parts,B,MPL_066
1567,Accessories,C,MPL_067
1568,Service,D,MPL_068
1569,Electrical,E,MPL_069
1570,Engine,A,MPL_070
1571,Parts,B,MPL_071
1572,Accessories,C,MPL_072
1573,Service,D,MPL_073
1574,Electrical,E,MPL_074
1575,Engine,A,MPL_075
1576,Parts,B,MPL_076
1577,Accessories,C,MPL_077
1578,Service,D,MPL_078
1579,Electrical,E,MPL_079
1580,Engine,A,MPL_080
1581,Parts,B,MPL_081
1582,Accessories,C,MPL_082
1583,Service,D,MPL_083
1584,Electrical,E,MPL_084
1585,Engine,A,MPL_085
1586,Parts,B,MPL_086
1587,Accessories,C,MPL_087
1588,Service,D,MPL_088
1589,Electrical,E,MPL_089
1590,Engine,A,MPL_090
1591,Parts,B,MPL_091
1592,Accessories,C,MPL_092
1593,Service,D,MPL_093
1594,Electrical,E,MPL_094
1595,Engine,A,MPL_095
1596,Parts,B,MPL_096
1597,Accessories,C,MPL_097
1598,Service,D,MPL_098
1599,Electrical,E,MPL_099
1600,Engine,A,MPL_000
1601,Parts,B,MPL_001
1602,Accessories,C,MPL_002
1603,Service,D,MPL_003
1604,Electrical,E,MPL_004
1605,Engine,A,MPL_005
1606,Parts,B,MPL_006
1607,Accessories,C,MPL_007
1608,Service,D,MPL_008
1609,Electrical,E,MPL_009
1610,Engine,A,MPL_010
1611,Parts,B,MPL_011
1612,Accessories,C,MPL_012
1613,Service,D,MPL_013
1614,Electrical,E,MPL_014
1615,Engine,A,MPL_015
1616,Parts,B,MPL_016
1617,Accessories,C,MPL_017
1618,Service,D,MPL_018
1619,Electrical,E,MPL_019
1620,Engine,A,MPL_020
1621,Parts,B,MPL_021
1622,Accessories,C,MPL_022
1623,Service,D,MPL_023
1624,Electrical,E,MPL_024
1625,Engine,A,MPL_025
1626,Parts,B,MPL_026
1627,Accessories,C,MPL_027
1628,Service,D,MPL_028
1629,Electrical,E,MPL_029
1630,Engine,A,MPL_030
1631,Parts,B,MPL_031
1632,Accessories,C,MPL_032
1633,Service,D,MPL_033
1634,Electrical,E,MPL_034
1635,Engine,A,MPL_035
1636,Parts,B,MPL_036
1637,Accessories,C,MPL_037
1638,Service,D,MPL_038
1639,Electrical,E,MPL_039
1640,Engine,A,MPL_040
1641,Parts,B,MPL_041
1642,Accessories,C,MPL_042
1643,Service,D,MPL_043
1644,Electrical,E,MPL_044
1645,Engine,A,MPL_045
1646,Parts,B,MPL_046
1647,Accessories,C,MPL_047
1648,Service,D,MPL_048
1649,Electrical,E,MPL_049
1650,Engine,A,MPL_050
1651,Parts,B,MPL_051
1652,Accessories,C,MPL_052
1653,Service,D,MPL_053
1654,Electrical,E,MPL_054
1655,Engine,A,MPL_055
1656,Parts,B,MPL_056
1657,Accessories,C,MPL_057
1658,Service,D,MPL_058
1659,Electrical,E,MPL_059
1660,Engine,A,MPL_060
1661,Parts,B,MPL_061
1662,Accessories,C,MPL_062
1663,Service,D,MPL_063
1664,Electrical,E,MPL_064
1665,Engine,A,MPL_065
1666,Parts,B,MPL_066
1667,Accessories,C,MPL_067
1668,Service,D,MPL_068
1669,Electrical,E,MPL_069
1670,Engine,A,MPL_070
1671,Parts,B,MPL_071
1672,Accessories,C,MPL_072
1673,Service,D,MPL_073
1674,Electrical,E,MPL_074
1675,Engine,A,MPL_075
1676,Parts,B,MPL_076
1677,Accessories,C,MPL_077
1678,Service,D,MPL_078
1679,Electrical,E,MPL_079
1680,Engine,A,MPL_080
1681,Parts,B,MPL_081
1682,Accessories,C,MPL_082
1683,Service,D,MPL_083
1684,Electrical,E,MPL_084
1685,Engine,A,MPL_085
1686,Parts,B,MPL_086
1687,Accessories,C,MPL_087
1688,Service,D,MPL_088
1689,Electrical,E,MPL_089
1690,Engine,A,MPL_090
1691,Parts,B,MPL_091
1692,Accessories,C,MPL_092
1693,Service,D,MPL_093
1694,Electrical,E,MPL_094
1695,Engine,A,MPL_095
1696,Parts,B,MPL_096
1697,Accessories,C,MPL_097
1698,Service,D,MPL_098
1699,Electrical,E,MPL_099
1700,Engine,A,MPL_000
1701,Parts,B,MPL_001
1702,Accessories,C,MPL_002
1703,Service,D,MPL_003
1704,Electrical,E,MPL_004
1705,Engine,A,MPL_005
1706,Parts,B,MPL_006
1707,Accessories,C,MPL_007
1708,Service,D,MPL_008
1709,Electrical,E,MPL_009
1710,Engine,A,MPL_010
1711,Parts,B,MPL_011
1712,Accessories,C,MPL_012
1713,Service,D,MPL_013
1714,Electrical,E,MPL_014
1715,Engine,A,MPL_015
1716,Parts,B,MPL_016
1717,Accessories,C,MPL_017
1718,Service,D,MPL_018
1719,Electrical,E,MPL_019
1720,Engine,A,MPL_020
1721,Parts,B,MPL_021
1722,Accessories,C,MPL_022
1723,Service,D,MPL_023
1724,Electrical,E,MPL_024
1725,Engine,A,MPL_025
1726,Parts,B,MPL_026
1727,Accessories,C,MPL_027
1728,Service,D,MPL_028
1729,Electrical,E,MPL_029
1730,Engine,A,MPL_030
1731,Parts,B,MPL_031
1732,Accessories,C,MPL_032
1733,Service,D,MPL_033
1734,Electrical,E,MPL_034
1735,Engine,A,MPL_035
1736,Parts,B,MPL_036
1737,Accessories,C,MPL_037
1738,Service,D,MPL_038
1739,Electrical,E,MPL_039
1740,Engine,A,MPL_040
1741,Parts,B,MPL_041
1742,Accessories,C,MPL_042
1743,Service,D,MPL_043
1744,Electrical,E,MPL_044
1745,Engine,A,MPL_045
1746,Parts,B,MPL_046
1747,Accessories,C,MPL_047
1748,Service,D,MPL_048
1749,Electrical,E,MPL_049
1750,Engine,A,MPL_050
1751,Parts,B,MPL_051
1752,Accessories,C,MPL_052
1753,Service,D,MPL_053
1754,Electrical,E,MPL_054
1755,Engine,A,MPL_055
1756,Parts,B,MPL_056
1757,Accessories,C,MPL_057
1758,Service,D,MPL_058
1759,Electrical,E,MPL_059
1760,Engine,A,MPL_060
1761,Parts,B,MPL_061
1762,Accessories,C,MPL_062
1763,Service,D,MPL_063
1764,Electrical,E,MPL_064
1765,Engine,A,MPL_065
1766,Parts,B,MPL_066
1767,Accessories,C,MPL_067
1768,Service,D,MPL_068
1769,Electrical,E,MPL_069
1770,Engine,A,MPL_070
1771,Parts,B,MPL_071
1772,Accessories,C,MPL_072
1773,Service,D,MPL_073
1774,Electrical,E,MPL_074
1775,Engine,A,MPL_075
1776,Parts,B,MPL_076
1777,Accessories,C,MPL_077
1778,Service,D,MPL_078
1779,Electrical,E,MPL_079
1780,Engine,A,MPL_080
1781,Parts,B,MPL_081
1782,Accessories,C,MPL_082
1783,Service,D,MPL_083
1784,Electrical,E,MPL_084
1785,Engine,A,MPL_085
1786,Parts,B,MPL_086
1787,Accessories,C,MPL_087
1788,Service,D,MPL_088
1789,Electrical,E,MPL_089
1790,Engine,A,MPL_090
1791,Parts,B,MPL_091
1792,Accessories,C,MPL_092
1793,Service,D,MPL_093
1794,Electrical,E,MPL_094
1795,Engine,A,MPL_095
1796,Parts,B,MPL_096
1797,Accessories,C,MPL_097
1798,Service,D,MPL_098
1799,Electrical,E,MPL_099
1800,Engine,A,MPL_000
1801,Parts,B,MPL_001
1802,Accessories,C,MPL_002
1803,Service,D,MPL_003
1804,Electrical,E,MPL_004
1805,Engine,A,MPL_005
1806,Parts,B,MPL_006
1807,Accessories,C,MPL_007
1808,Service,D,MPL_008
1809,Electrical,E,MPL_009
1810,Engine,A,MPL_010
1811,Parts,B,MPL_011
1812,Accessories,C,MPL_012
1813,Service,D,MPL_013
1814,Electrical,E,MPL_014
1815,Engine,A,MPL_015
1816,Parts,B,MPL_016
1817,Accessories,C,MPL_017
1818,Service,D,MPL_018
1819,Electrical,E,MPL_019
1820,Engine,A,MPL_020
1821,Parts,B,MPL_021
1822,Accessories,C,MPL_022
1823,Service,D,MPL_023
1824,Electrical,E,MPL_024
1825,Engine,A,MPL_025
1826,Parts,B,MPL_026
1827,Accessories,C,MPL_027
1828,Service,D,MPL_028
1829,Electrical,E,MPL_029
1830,Engine,A,MPL_030
1831,Parts,B,MPL_031
1832,Accessories,C,MPL_032
1833,Service,D,MPL_033
1834,Electrical,E,MPL_034
1835,Engine,A,MPL_035
1836,Parts,B,MPL_036
1837,Accessories,C,MPL_037
1838,Service,D,MPL_038
1839,Electrical,E,MPL_039
1840,Engine,A,MPL_040
1841,Parts,B,MPL_041
1842,Accessories,C,MPL_042
1843,Service,D,MPL_043
1844,Electrical,E,MPL_044
1845,Engine,A,MPL_045
1846,Parts,B,MPL_046
1847,Accessories,C,MPL_047
1848,Service,D,MPL_048
1849,Electrical,E,MPL_049
1850,Engine,A,MPL_050
1851,Parts,B,MPL_051
1852,Accessories,C,MPL_052
1853,Service,D,MPL_053
1854,Electrical,E,MPL_054
1855,Engine,A,MPL_055
1856,Parts,B,MPL_056
1857,Accessories,C,MPL_057
1858,Service,D,MPL_058
1859,Electrical,E,MPL_059
1860,Engine,A,MPL_060
1861,Parts,B,MPL_061
1862,Accessories,C,MPL_062
1863,Service,D,MPL_063
1864,Electrical,E,MPL_064
1865,Engine,A,MPL_065
1866,Parts,B,MPL_066
1867,Accessories,C,MPL_067
1868,Service,D,MPL_068
1869,Electrical,E,MPL_069
1870,Engine,A,MPL_070
1871,Parts,B,MPL_071
1872,Accessories,C,MPL_072
1873,Service,D,MPL_073
1874,Electrical,E,MPL_074
1875,Engine,A,MPL_075
1876,Parts,B,MPL_076
1877,Accessories,C,MPL_077
1878,Service,D,MPL_078
1879,Electrical,E,MPL_079
1880,Engine,A,MPL_080
1881,Parts,B,MPL_081
1882,Accessories,C,MPL_082
1883,Service,D,MPL_083
1884,Electrical,E,MPL_084
1885,Engine,A,MPL_085
1886,Parts,B,MPL_086
1887,Accessories,C,MPL_087
1888,Service,D,MPL_088
1889,Electrical,E,MPL_089
1890,Engine,A,MPL_090
1891,Parts,B,MPL_091
1892,Accessories,C,MPL_092
1893,Service,D,MPL_093
1894,Electrical,E,MPL_094
1895,Engine,A,MPL_095
1896,Parts,B,MPL_096
1897,Accessories,C,MPL_097
1898,Service,D,MPL_098
1899,Electrical,E,MPL_099
1900,Engine,A,MPL_000
1901,Parts,B,MPL_001
1902,Accessories,C,MPL_002
1903,Service,D,MPL_003
1904,Electrical,E,MPL_004
1905,Engine,A,MPL_005
1906,Parts,B,MPL_006
1907,Accessories,C,MPL_007
1908,Service,D,MPL_008
1909,Electrical,E,MPL_009
1910,Engine,A,MPL_010
1911,Parts,B,MPL_011
1912,Accessories,C,MPL_012
1913,Service,D,MPL_013
1914,Electrical,E,MPL_014
1915,Engine,A,MPL_015
1916,Parts,B,MPL_016
1917,Accessories,C,MPL_017
1918,Service,D,MPL_018
1919,Electrical,E,MPL_019
1920,Engine,A,MPL_020
1921,Parts,B,MPL_021
1922,Accessories,C,MPL_022
1923,Service,D,MPL_023
1924,Electrical,E,MPL_024
1925,Engine,A,MPL_025
1926,Parts,B,MPL_026
1927,Accessories,C,MPL_027
1928,Service,D,MPL_028
1929,Electrical,E,MPL_029
1930,Engine,A,MPL_030
1931,Parts,B,MPL_031
1932,Accessories,C,MPL_032
1933,Service,D,MPL_033
1934,Electrical,E,MPL_034
1935,Engine,A,MPL_035
1936,Parts,B,MPL_036
1937,Accessories,C,MPL_037
1938,Service,D,MPL_038
1939,Electrical,E,MPL_039
1940,Engine,A,MPL_040
1941,Parts,B,MPL_041
1942,Accessories,C,MPL_042
1943,Service,D,MPL_043
1944,Electrical,E,MPL_044
1945,Engine,A,MPL_045
1946,Parts,B,MPL_046
1947,Accessories,C,MPL_047
1948,Service,D,MPL_048
1949,Electrical,E,MPL_049
1950,Engine,A,MPL_050
1951,Parts,B,MPL_051
1952,Accessories,C,MPL_052
1953,Service,D,MPL_053
1954,Electrical,E,MPL_054
1955,Engine,A,MPL_055
1956,Parts,B,MPL_056
1957,Accessories,C,MPL_057
1958,Service,D,MPL_058
1959,Electrical,E,MPL_059
1960,Engine,A,MPL_060
1961,Parts,B,MPL_061
1962,Accessories,C,MPL_062
1963,Service,D,MPL_063
1964,Electrical,E,MPL_064
1965,Engine,A,MPL_065
1966,Parts,B,MPL_066
1967,Accessories,C,MPL_067
1968,Service,D,MPL_068
1969,Electrical,E,MPL_069
1970,Engine,A,MPL_070
1971,Parts,B,MPL_071
1972,Accessories,C,MPL_072
1973,Service,D,MPL_073
1974,Electrical,E,MPL_074
1975,Engine,A,MPL_075
1976,Parts,B,MPL_076
1977,Accessories,C,MPL_077
1978,Service,D,MPL_078
1979,Electrical,E,MPL_079
1980,Engine,A,MPL_080
1981,Parts,B,MPL_081
1982,Accessories,C,MPL_082
1983,Service,D,MPL_083
1984,Electrical,E,MPL_084
1985,Engine,A,MPL_085
1986,Parts,B,MPL_086
1987,Accessories,C,MPL_087
1988,Service,D,MPL_088
1989,Electrical,E,MPL_089
1990,Engine,A,MPL_090
1991,Parts,B,MPL_091
1992,Accessories,C,MPL_092
1993,Service,D,MPL_093
1994,Electrical,E,MPL_094
1995,Engine,A,MPL_095
1996,Parts,B,MPL_096
1997,Accessories,C,MPL_097
1998,Service,D,MPL_098
1999,Electrical,E,MPL_099
2000,Engine,A,MPL_000
2001,Parts,B,MPL_001
2002,Accessories,C,MPL_002
2003,Service,D,MPL_003
2004,Electrical,E,MPL_004
2005,Engine,A,MPL_005
2006,Parts,B,MPL_006
2007,Accessories,C,MPL_007
2008,Service,D,MPL_008
2009,Electrical,E,MPL_009
2010,Engine,A,MPL_010
2011,Parts,B,MPL_011
2012,Accessories,C,MPL_012
2013,Service,D,MPL_013
2014,Electrical,E,MPL_014
2015,Engine,A,MPL_015
2016,Parts,B,MPL_016
2017,Accessories,C,MPL_017
2018,Service,D,MPL_018
2019,Electrical,E,MPL_019
2020,Engine,A,MPL_020
2021,Parts,B,MPL_021
2022,Accessories,C,MPL_022
2023,Service,D,MPL_023
2024,Electrical,E,MPL_024
2025,Engine,A,MPL_025
2026,Parts,B,MPL_026
2027,Accessories,C,MPL_027
2028,Service,D,MPL_028
2029,Electrical,E,MPL_029
2030,Engine,A,MPL_030
2031,Parts,B,MPL_031
2032,Accessories,C,MPL_032
2033,Service,D,MPL_033
2034,Electrical,E,MPL_034
2035,Engine,A,MPL_035
2036,Parts,B,MPL_036
2037,Accessories,C,MPL_037
2038,Service,D,MPL_038
2039,Electrical,E,MPL_039
2040,Engine,A,MPL_040
2041,Parts,B,MPL_041
2042,Accessories,C,MPL_042
2043,Service,D,MPL_043
2044,Electrical,E,MPL_044
2045,Engine,A,MPL_045
2046,Parts,B,MPL_046
2047,Accessories,C,MPL_047
2048,Service,D,MPL_048
2049,Electrical,E,MPL_049
2050,Engine,A,MPL_050
2051,Parts,B,MPL_051
2052,Accessories,C,MPL_052
2053,Service,D,MPL_053
2054,Electrical,E,MPL_054
2055,Engine,A,MPL_055
2056,Parts,B,MPL_056
2057,Accessories,C,MPL_057
2058,Service,D,MPL_058
2059,Electrical,E,MPL_059
2060,Engine,A,MPL_060
2061,Parts,B,MPL_061
2062,Accessories,C,MPL_062
2063,Service,D,MPL_063
2064,Electrical,E,MPL_064
2065,Engine,A,MPL_065
2066,Parts,B,MPL_066
2067,Accessories,C,MPL_067
2068,Service,D,MPL_068
2069,Electrical,E,MPL_069
2070,Engine,A,MPL_070
2071,Parts,B,MPL_071
2072,Accessories,C,MPL_072
2073,Service,D,MPL_073
2074,Electrical,E,MPL_074
2075,Engine,A,MPL_075
2076,Parts,B,MPL_076
2077,Accessories,C,MPL_077
2078,Service,D,MPL_078
2079,Electrical,E,MPL_079
2080,Engine,A,MPL_080
2081,Parts,B,MPL_081
2082,Accessories,C,MPL_082
2083,Service,D,MPL_083
2084,Electrical,E,MPL_084
2085,Engine,A,MPL_085
2086,Parts,B,MPL_086
2087,Accessories,C,MPL_087
2088,Service,D,MPL_088
2089,Electrical,E,MPL_089
2090,Engine,A,MPL_090
2091,Parts,B,MPL_091
2092,Accessories,C,MPL_092
2093,Service,D,MPL_093
2094,Electrical,E,MPL_094
2095,Engine,A,MPL_095
2096,Parts,B,MPL_096
2097,Accessories,C,MPL_097
2098,Service,D,MPL_098
2099,Electrical,E,MPL_099
2100,Engine,A,MPL_000
2101,Parts,B,MPL_001
2102,Accessories,C,MPL_002
2103,Service,D,MPL_003
2104,Electrical,E,MPL_004
2105,Engine,A,MPL_005
2106,Parts,B,MPL_006
2107,Accessories,C,MPL_007
2108,Service,D,MPL_008
2109,Electrical,E,MPL_009
2110,Engine,A,MPL_010
2111,Parts,B,MPL_011
2112,Accessories,C,MPL_012
2113,Service,D,MPL_013
2114,Electrical,E,MPL_014
2115,Engine,A,MPL_015
2116,Parts,B,MPL_016
2117,Accessories,C,MPL_017
2118,Service,D,MPL_018
2119,Electrical,E,MPL_019
2120,Engine,A,MPL_020
2121,Parts,B,MPL_021
2122,Accessories,C,MPL_022
2123,Service,D,MPL_023
2124,Electrical,E,MPL_024
2125,Engine,A,MPL_025
2126,Parts,B,MPL_026
2127,Accessories,C,MPL_027
2128,Service,D,MPL_028
2129,Electrical,E,MPL_029
2130,Engine,A,MPL_030
2131,Parts,B,MPL_031
2132,Accessories,C,MPL_032
2133,Service,D,MPL_033
2134,Electrical,E,MPL_034
2135,Engine,A,MPL_035
2136,Parts,B,MPL_036
2137,Accessories,C,MPL_037
2138,Service,D,MPL_038
2139,Electrical,E,MPL_039
2140,Engine,A,MPL_040
2141,Parts,B,MPL_041
2142,Accessories,C,MPL_042
2143,Service,D,MPL_043
2144,Electrical,E,MPL_044
2145,Engine,A,MPL_045
2146,Parts,B,MPL_046
2147,Accessories,C,MPL_047
2148,Service,D,MPL_048
2149,Electrical,E,MPL_049
2150,Engine,A,MPL_050
2151,Parts,B,MPL_051
2152,Accessories,C,MPL_052
2153,Service,D,MPL_053
2154,Electrical,E,MPL_054
2155,Engine,A,MPL_055
2156,Parts,B,MPL_056
2157,Accessories,C,MPL_057
2158,Service,D,MPL_058
2159,Electrical,E,MPL_059
2160,Engine,A,MPL_060
2161,Parts,B,MPL_061
2162,Accessories,C,MPL_062
2163,Service,D,MPL_063
2164,Electrical,E,MPL_064
2165,Engine,A,MPL_065
2166,Parts,B,MPL_066
2167,Accessories,C,MPL_067
2168,Service,D,MPL_068
2169,Electrical,E,MPL_069
2170,Engine,A,MPL_070
2171,Parts,B,MPL_071
2172,Accessories,C,MPL_072
2173,Service,D,MPL_073
2174,Electrical,E,MPL_074
2175,Engine,A,MPL_075
2176,Parts,B,MPL_076
2177,Accessories,C,MPL_077
2178,Service,D,MPL_078
2179,Electrical,E,MPL_079
2180,Engine,A,MPL_080
2181,Parts,B,MPL_081
2182,Accessories,C,MPL_082
2183,Service,D,MPL_083
2184,Electrical,E,MPL_084
2185,Engine,A,MPL_085
2186,Parts,B,MPL_086
2187,Accessories,C,MPL_087
2188,Service,D,MPL_088
2189,Electrical,E,MPL_089
2190,Engine,A,MPL_090
2191,Parts,B,MPL_091
2192,Accessories,C,MPL_092
2193,Service,D,MPL_093
2194,Electrical,E,MPL_094
2195,Engine,A,MPL_095
2196,Parts,B,MPL_096
2197,Accessories,C,MPL_097
2198,Service,D,MPL_098
2199,Electrical,E,MPL_099
2200,Engine,A,MPL_000
2201,Parts,B,MPL_001
2202,Accessories,C,MPL_002
2203,Service,D,MPL_003
2204,Electrical,E,MPL_004
2205,Engine,A,MPL_005
2206,Parts,B,MPL_006
2207,Accessories,C,MPL_007
2208,Service,D,MPL_008
2209,Electrical,E,MPL_009
2210,Engine,A,MPL_010
2211,Parts,B,MPL_011
2212,Accessories,C,MPL_012
2213,Service,D,MPL_013
2214,Electrical,E,MPL_014
2215,Engine,A,MPL_015
2216,Parts,B,MPL_016
2217,Accessories,C,MPL_017
2218,Service,D,MPL_018
2219,Electrical,E,MPL_019
2220,Engine,A,MPL_020
2221,Parts,B,MPL_021
2222,Accessories,C,MPL_022
2223,Service,D,MPL_023
2224,Electrical,E,MPL_024
2225,Engine,A,MPL_025
2226,Parts,B,MPL_026
2227,Accessories,C,MPL_027
2228,Service,D,MPL_028
2229,Electrical,E,MPL_029
2230,Engine,A,MPL_030
2231,Parts,B,MPL_031
2232,Accessories,C,MPL_032
2233,Service,D,MPL_033
2234,Electrical,E,MPL_034
2235,Engine,A,MPL_035
2236,Parts,B,MPL_036
2237,Accessories,C,MPL_037
2238,Service,D,MPL_038
2239,Electrical,E,MPL_039
2240,Engine,A,MPL_040
2241,Parts,B,MPL_041
2242,Accessories,C,MPL_042
2243,Service,D,MPL_043
2244,Electrical,E,MPL_044
2245,Engine,A,MPL_045
2246,Parts,B,MPL_046
2247,Accessories,C,MPL_047
2248,Service,D,MPL_048
2249,Electrical,E,MPL_049
2250,Engine,A,MPL_050
2251,Parts,B,MPL_051
2252,Accessories,C,MPL_052
2253,Service,D,MPL_053
2254,Electrical,E,MPL_054
2255,Engine,A,MPL_055
2256,Parts,B,MPL_056
2257,Accessories,C,MPL_057
2258,Service,D,MPL_058
2259,Electrical,E,MPL_059
2260,Engine,A,MPL_060
2261,Parts,B,MPL_061
2262,Accessories,C,MPL_062
2263,Service,D,MPL_063
2264,Electrical,E,MPL_064
2265,Engine,A,MPL_065
2266,Parts,B,MPL_066
2267,Accessories,C,MPL_067
2268,Service,D,MPL_068
2269,Electrical,E,MPL_069
2270,Engine,A,MPL_070
2271,Parts,B,MPL_071
2272,Accessories,C,MPL_072
2273,Service,D,MPL_073
2274,Electrical,E,MPL_074
2275,Engine,A,MPL_075
2276,Parts,B,MPL_076
2277,Accessories,C,MPL_077
2278,Service,D,MPL_078
2279,Electrical,E,MPL_079
2280,Engine,A,MPL_080
2281,Parts,B,MPL_081
2282,Accessories,C,MPL_082
2283,Service,D,MPL_083
2284,Electrical,E,MPL_084
2285,Engine,A,MPL_085
2286,Parts,B,MPL_086
2287,Accessories,C,MPL_087
2288,Service,D,MPL_088
2289,Electrical,E,MPL_089
2290,Engine,A,MPL_090
2291,Parts,B,MPL_091
2292,Accessories,C,MPL_092
2293,Service,D,MPL_093
2294,Electrical,E,MPL_094
2295,Engine,A,MPL_095
2296,Parts,B,MPL_096
2297,Accessories,C,MPL_097
2298,Service,D,MPL_098
2299,Electrical,E,MPL_099
2300,Engine,A,MPL_000
2301,Parts,B,MPL_001
2302,Accessories,C,MPL_002
2303,Service,D,MPL_003
2304,Electrical,E,MPL_004
2305,Engine,A,MPL_005
2306,Parts,B,MPL_006
2307,Accessories,C,MPL_007
2308,Service,D,MPL_008
2309,Electrical,E,MPL_009
2310,Engine,A,MPL_010
2311,Parts,B,MPL_011
2312,Accessories,C,MPL_012
2313,Service,D,MPL_013
2314,Electrical,E,MPL_014
2315,Engine,A,MPL_015
2316,Parts,B,MPL_016
2317,Accessories,C,MPL_017
2318,Service,D,MPL_018
2319,Electrical,E,MPL_019
2320,Engine,A,MPL_020
2321,Parts,B,MPL_021
2322,Accessories,C,MPL_022
2323,Service,D,MPL_023
2324,Electrical,E,MPL_024
2325,Engine,A,MPL_025
2326,Parts,B,MPL_026
2327,Accessories,C,MPL_027
2328,Service,D,MPL_028
2329,Electrical,E,MPL_029
2330,Engine,A,MPL_030
2331,Parts,B,MPL_031
2332,Accessories,C,MPL_032
2333,Service,D,MPL_033
2334,Electrical,E,MPL_034
2335,Engine,A,MPL_035
2336,Parts,B,MPL_036
2337,Accessories,C,MPL_037
2338,Service,D,MPL_038
2339,Electrical,E,MPL_039
2340,Engine,A,MPL_040
2341,Parts,B,MPL_041
2342,Accessories,C,MPL_042
2343,Service,D,MPL_043
2344,Electrical,E,MPL_044
2345,Engine,A,MPL_045
2346,Parts,B,MPL_046
2347,Accessories,C,MPL_047
2348,Service,D,MPL_048
2349,Electrical,E,MPL_049
2350,Engine,A,MPL_050
2351,Parts,B,MPL_051
2352,Accessories,C,MPL_052
2353,Service,D,MPL_053
2354,Electrical,E,MPL_054
2355,Engine,A,MPL_055
2356,Parts,B,MPL_056
2357,Accessories,C,MPL_057
2358,Service,D,MPL_058
2359,Electrical,E,MPL_059
2360,Engine,A,MPL_060
2361,Parts,B,MPL_061
2362,Accessories,C,MPL_062
2363,Service,D,MPL_063
2364,Electrical,E,MPL_064
2365,Engine,A,MPL_065
2366,Parts,B,MPL_066
2367,Accessories,C,MPL_067
2368,Service,D,MPL_068
2369,Electrical,E,MPL_069
2370,Engine,A,MPL_070
2371,Parts,B,MPL_071
2372,Accessories,C,MPL_072
2373,Service,D,MPL_073
2374,Electrical,E,MPL_074
2375,Engine,A,MPL_075
2376,Parts,B,MPL_076
2377,Accessories,C,MPL_077
2378,Service,D,MPL_078
2379,Electrical,E,MPL_079
2380,Engine,A,MPL_080
2381,Parts,B,MPL_081
2382,Accessories,C,MPL_082
2383,Service,D,MPL_083
2384,Electrical,E,MPL_084
2385,Engine,A,MPL_085
2386,Parts,B,MPL_086
2387,Accessories,C,MPL_087
2388,Service,D,MPL_088
2389,Electrical,E,MPL_089
2390,Engine,A,MPL_090
2391,Parts,B,MPL_091
2392,Accessories,C,MPL_092
2393,Service,D,MPL_093
2394,Electrical,E,MPL_094
2395,Engine,A,MPL_095
2396,Parts,B,MPL_096
2397,Accessories,C,MPL_097
2398,Service,D,MPL_098
2399,Electrical,E,MPL_099
2400,Engine,A,MPL_000
2401,Parts,B,MPL_001
2402,Accessories,C,MPL_002
2403,Service,D,MPL_003
2404,Electrical,E,MPL_004
2405,Engine,A,MPL_005
2406,Parts,B,MPL_006
2407,Accessories,C,MPL_007
2408,Service,D,MPL_008
2409,Electrical,E,MPL_009
2410,Engine,A,MPL_010
2411,Parts,B,MPL_011
2412,Accessories,C,MPL_012
2413,Service,D,MPL_013
2414,Electrical,E,MPL_014
2415,Engine,A,MPL_015
2416,Parts,B,MPL_016
2417,Accessories,C,MPL_017
2418,Service,D,MPL_018
2419,Electrical,E,MPL_019
2420,Engine,A,MPL_020
2421,Parts,B,MPL_021
2422,Accessories,C,MPL_022
2423,Service,D,MPL_023
2424,Electrical,E,MPL_024
2425,Engine,A,MPL_025
2426,Parts,B,MPL_026
2427,Accessories,C,MPL_027
2428,Service,D,MPL_028
2429,Electrical,E,MPL_029
2430,Engine,A,MPL_030
2431,Parts,B,MPL_031
2432,Accessories,C,MPL_032
2433,Service,D,MPL_033
2434,Electrical,E,MPL_034
2435,Engine,A,MPL_035
2436,Parts,B,MPL_036
2437,Accessories,C,MPL_037
2438,Service,D,MPL_038
2439,Electrical,E,MPL_039
2440,Engine,A,MPL_040
2441,Parts,B,MPL_041
2442,Accessories,C,MPL_042
2443,Service,D,MPL_043
2444,Electrical,E,MPL_044
2445,Engine,A,MPL_045
2446,Parts,B,MPL_046
2447,Accessories,C,MPL_047
2448,Service,D,MPL_048
2449,Electrical,E,MPL_049
2450,Engine,A,MPL_050
2451,Parts,B,MPL_051
2452,Accessories,C,MPL_052
2453,Service,D,MPL_053
2454,Electrical,E,MPL_054
2455,Engine,A,MPL_055
2456,Parts,B,MPL_056
2457,Accessories,C,MPL_057
2458,Service,D,MPL_058
2459,Electrical,E,MPL_059
2460,Engine,A,MPL_060
2461,Parts,B,MPL_061
2462,Accessories,C,MPL_062
2463,Service,D,MPL_063
2464,Electrical,E,MPL_064
2465,Engine,A,MPL_065
2466,Parts,B,MPL_066
2467,Accessories,C,MPL_067
2468,Service,D,MPL_068
2469,Electrical,E,MPL_069
2470,Engine,A,MPL_070
2471,Parts,B,MPL_071
2472,Accessories,C,MPL_072
2473,Service,D,MPL_073
2474,Electrical,E,MPL_074
2475,Engine,A,MPL_075
2476,Parts,B,MPL_076
2477,Accessories,C,MPL_077
2478,Service,D,MPL_078
2479,Electrical,E,MPL_079
2480,Engine,A,MPL_080
2481,Parts,B,MPL_081
2482,Accessories,C,MPL_082
2483,Service,D,MPL_083
2484,Electrical,E,MPL_084
2485,Engine,A,MPL_085
2486,Parts,B,MPL_086
2487,Accessories,C,MPL_087
2488,Service,D,MPL_088
2489,Electrical,E,MPL_089
2490,Engine,A,MPL_090
2491,Parts,B,MPL_091
2492,Accessories,C,MPL_092
2493,Service,D,MPL_093
2494,Electrical,E,MPL_094
2495,Engine,A,MPL_095
2496,Parts,B,MPL_096
2497,Accessories,C,MPL_097
2498,Service,D,MPL_098
2499,Electrical,E,MPL_099
2500,Engine,A,MPL_000
2501,Parts,B,MPL_001
2502,Accessories,C,MPL_002
2503,Service,D,MPL_003
2504,Electrical,E,MPL_004
2505,Engine,A,MPL_005
2506,Parts,B,MPL_006
2507,Accessories,C,MPL_007
2508,Service,D,MPL_008
2509,Electrical,E,MPL_009
2510,Engine,A,MPL_010
2511,Parts,B,MPL_011
2512,Accessories,C,MPL_012
2513,Service,D,MPL_013
2514,Electrical,E,MPL_014
2515,Engine,A,MPL_015
2516,Parts,B,MPL_016
2517,Accessories,C,MPL_017
2518,Service,D,MPL_018
2519,Electrical,E,MPL_019
2520,Engine,A,MPL_020
2521,Parts,B,MPL_021
2522,Accessories,C,MPL_022
2523,Service,D,MPL_023
2524,Electrical,E,MPL_024
2525,Engine,A,MPL_025
2526,Parts,B,MPL_026
2527,Accessories,C,MPL_027
2528,Service,D,MPL_028
2529,Electrical,E,MPL_029
2530,Engine,A,MPL_030
2531,Parts,B,MPL_031
2532,Accessories,C,MPL_032
2533,Service,D,MPL_033
2534,Electrical,E,MPL_034
2535,Engine,A,MPL_035
2536,Parts,B,MPL_036
2537,Accessories,C,MPL_037
2538,Service,D,MPL_038
2539,Electrical,E,MPL_039
2540,Engine,A,MPL_040
2541,Parts,B,MPL_041
2542,Accessories,C,MPL_042
2543,Service,D,MPL_043
2544,Electrical,E,MPL_044
2545,Engine,A,MPL_045
2546,Parts,B,MPL_046
2547,Accessories,C,MPL_047
2548,Service,D,MPL_048
2549,Electrical,E,MPL_049
2550,Engine,A,MPL_050
2551,Parts,B,MPL_051
2552,Accessories,C,MPL_052
2553,Service,D,MPL_053
2554,Electrical,E,MPL_054
2555,Engine,A,MPL_055
2556,Parts,B,MPL_056
2557,Accessories,C,MPL_057
2558,Service,D,MPL_058
2559,Electrical,E,MPL_059
2560,Engine,A,MPL_060
2561,Parts,B,MPL_061
2562,Accessories,C,MPL_062
2563,Service,D,MPL_063
2564,Electrical,E,MPL_064
2565,Engine,A,MPL_065
2566,Parts,B,MPL_066
2567,Accessories,C,MPL_067
2568,Service,D,MPL_068
2569,Electrical,E,MPL_069
2570,Engine,A,MPL_070
2571,Parts,B,MPL_071
2572,Accessories,C,MPL_072
2573,Service,D,MPL_073
2574,Electrical,E,MPL_074
2575,Engine,A,MPL_075
2576,Parts,B,MPL_076
2577,Accessories,C,MPL_077
2578,Service,D,MPL_078
2579,Electrical,E,MPL_079
2580,Engine,A,MPL_080
2581,Parts,B,MPL_081
2582,Accessories,C,MPL_082
2583,Service,D,MPL_083
2584,Electrical,E,MPL_084
2585,Engine,A,MPL_085
2586,Parts,B,MPL_086
2587,Accessories,C,MPL_087
2588,Service,D,MPL_088
2589,Electrical,E,MPL_089
2590,Engine,A,MPL_090
2591,Parts,B,MPL_091
2592,Accessories,C,MPL_092
2593,Service,D,MPL_093
2594,Electrical,E,MPL_094
2595,Engine,A,MPL_095
2596,Parts,B,MPL_096
2597,Accessories,C,MPL_097
2598,Service,D,MPL_098
2599,Electrical,E,MPL_099
2600,Engine,A,MPL_000
2601,Parts,B,MPL_001
2602,Accessories,C,MPL_002
2603,Service,D,MPL_003
2604,Electrical,E,MPL_004
2605,Engine,A,MPL_005
2606,Parts,B,MPL_006
2607,Accessories,C,MPL_007
2608,Service,D,MPL_008
2609,Electrical,E,MPL_009
2610,Engine,A,MPL_010
2611,Parts,B,MPL_011
2612,Accessories,C,MPL_012
2613,Service,D,MPL_013
2614,Electrical,E,MPL_014
2615,Engine,A,MPL_015
2616,Parts,B,MPL_016
2617,Accessories,C,MPL_017
2618,Service,D,MPL_018
2619,Electrical,E,MPL_019
2620,Engine,A,MPL_020
2621,Parts,B,MPL_021
2622,Accessories,C,MPL_022
2623,Service,D,MPL_023
2624,Electrical,E,MPL_024
2625,Engine,A,MPL_025
2626,Parts,B,MPL_026
2627,Accessories,C,MPL_027
2628,Service,D,MPL_028
2629,Electrical,E,MPL_029
2630,Engine,A,MPL_030
2631,Parts,B,MPL_031
2632,Accessories,C,MPL_032
2633,Service,D,MPL_033
2634,Electrical,E,MPL_034
2635,Engine,A,MPL_035
2636,Parts,B,MPL_036
2637,Accessories,C,MPL_037
2638,Service,D,MPL_038
2639,Electrical,E,MPL_039
2640,Engine,A,MPL_040
2641,Parts,B,MPL_041
2642,Accessories,C,MPL_042
2643,Service,D,MPL_043
2644,Electrical,E,MPL_044
2645,Engine,A,MPL_045
2646,Parts,B,MPL_046
2647,Accessories,C,MPL_047
2648,Service,D,MPL_048
2649,Electrical,E,MPL_049
2650,Engine,A,MPL_050
2651,Parts,B,MPL_051
2652,Accessories,C,MPL_052
2653,Service,D,MPL_053
2654,Electrical,E,MPL_054
2655,Engine,A,MPL_055
2656,Parts,B,MPL_056
2657,Accessories,C,MPL_057
2658,Service,D,MPL_058
2659,Electrical,E,MPL_059
2660,Engine,A,MPL_060
2661,Parts,B,MPL_061
2662,Accessories,C,MPL_062
2663,Service,D,MPL_063
2664,Electrical,E,MPL_064
2665,Engine,A,MPL_065
2666,Parts,B,MPL_066
2667,Accessories,C,MPL_067
2668,Service,D,MPL_068
2669,Electrical,E,MPL_069
2670,Engine,A,MPL_070
2671,Parts,B,MPL_071
2672,Accessories,C,MPL_072
2673,Service,D,MPL_073
2674,Electrical,E,MPL_074
2675,Engine,A,MPL_075
2676,Parts,B,MPL_076
2677,Accessories,C,MPL_077
2678,Service,D,MPL_078
2679,Electrical,E,MPL_079
2680,Engine,A,MPL_080
2681,Parts,B,MPL_081
2682,Accessories,C,MPL_082
2683,Service,D,MPL_083
2684,Electrical,E,MPL_084
2685,Engine,A,MPL_085
2686,Parts,B,MPL_086
2687,Accessories,C,MPL_087
2688,Service,D,MPL_088
2689,Electrical,E,MPL_089
2690,Engine,A,MPL_090
2691,Parts,B,MPL_091
2692,Accessories,C,MPL_092
2693,Service,D,MPL_093
2694,Electrical,E,MPL_094
2695,Engine,A,MPL_095
2696,Parts,B,MPL_096
2697,Accessories,C,MPL_097
2698,Service,D,MPL_098
2699,Electrical,E,MPL_099
2700,Engine,A,MPL_000
2701,Parts,B,MPL_001
2702,Accessories,C,MPL_002
2703,Service,D,MPL_003
2704,Electrical,E,MPL_004
2705,Engine,A,MPL_005
2706,Parts,B,MPL_006
2707,Accessories,C,MPL_007
2708,Service,D,MPL_008
2709,Electrical,E,MPL_009
2710,Engine,A,MPL_010
2711,Parts,B,MPL_011
2712,Accessories,C,MPL_012
2713,Service,D,MPL_013
2714,Electrical,E,MPL_014
2715,Engine,A,MPL_015
2716,Parts,B,MPL_016
2717,Accessories,C,MPL_017
2718,Service,D,MPL_018
2719,Electrical,E,MPL_019
2720,Engine,A,MPL_020
2721,Parts,B,MPL_021
2722,Accessories,C,MPL_022
2723,Service,D,MPL_023
2724,Electrical,E,MPL_024
2725,Engine,A,MPL_025
2726,Parts,B,MPL_026
2727,Accessories,C,MPL_027
2728,Service,D,MPL_028
2729,Electrical,E,MPL_029
2730,Engine,A,MPL_030
2731,Parts,B,MPL_031
2732,Accessories,C,MPL_032
2733,Service,D,MPL_033
2734,Electrical,E,MPL_034
2735,Engine,A,MPL_035
2736,Parts,B,MPL_036
2737,Accessories,C,MPL_037
2738,Service,D,MPL_038
2739,Electrical,E,MPL_039
2740,Engine,A,MPL_040
2741,Parts,B,MPL_041
2742,Accessories,C,MPL_042
2743,Service,D,MPL_043
2744,Electrical,E,MPL_044
2745,Engine,A,MPL_045
2746,Parts,B,MPL_046
2747,Accessories,C,MPL_047
2748,Service,D,MPL_048
2749,Electrical,E,MPL_049
2750,Engine,A,MPL_050
2751,Parts,B,MPL_051
2752,Accessories,C,MPL_052
2753,Service,D,MPL_053
2754,Electrical,E,MPL_054
2755,Engine,A,MPL_055
2756,Parts,B,MPL_056
2757,Accessories,C,MPL_057
2758,Service,D,MPL_058
2759,Electrical,E,MPL_059
2760,Engine,A,MPL_060
2761,Parts,B,MPL_061
2762,Accessories,C,MPL_062
2763,Service,D,MPL_063
2764,Electrical,E,MPL_064
2765,Engine,A,MPL_065
2766,Parts,B,MPL_066
2767,Accessories,C,MPL_067
2768,Service,D,MPL_068
2769,Electrical,E,MPL_069
2770,Engine,A,MPL_070
2771,Parts,B,MPL_071
2772,Accessories,C,MPL_072
2773,Service,D,MPL_073
2774,Electrical,E,MPL_074
2775,Engine,A,MPL_075
2776,Parts,B,MPL_076
2777,Accessories,C,MPL_077
2778,Service,D,MPL_078
2779,Electrical,E,MPL_079
2780,Engine,A,MPL_080
2781,Parts,B,MPL_081
2782,Accessories,C,MPL_082
2783,Service,D,MPL_083
2784,Electrical,E,MPL_084
2785,Engine,A,MPL_085
2786,Parts,B,MPL_086
2787,Accessories,C,MPL_087
2788,Service,D,MPL_088
2789,Electrical,E,MPL_089
2790,Engine,A,MPL_090
2791,Parts,B,MPL_091
2792,Accessories,C,MPL_092
2793,Service,D,MPL_093
2794,Electrical,E,MPL_094
2795,Engine,A,MPL_095
2796,Parts,B,MPL_096
2797,Accessories,C,MPL_097
2798,Service,D,MPL_098
2799,Electrical,E,MPL_099
2800,Engine,A,MPL_000
2801,Parts,B,MPL_001
2802,Accessories,C,MPL_002
2803,Service,D,MPL_003
2804,Electrical,E,MPL_004
2805,Engine,A,MPL_005
2806,Parts,B,MPL_006
2807,Accessories,C,MPL_007
2808,Service,D,MPL_008
2809,Electrical,E,MPL_009
2810,Engine,A,MPL_010
2811,Parts,B,MPL_011
2812,Accessories,C,MPL_012
2813,Service,D,MPL_013
2814,Electrical,E,MPL_014
2815,Engine,A,MPL_015
2816,Parts,B,MPL_016
2817,Accessories,C,MPL_017
2818,Service,D,MPL_018
2819,Electrical,E,MPL_019
2820,Engine,A,MPL_020
2821,Parts,B,MPL_021
2822,Accessories,C,MPL_022
2823,Service,D,MPL_023
2824,Electrical,E,MPL_024
2825,Engine,A,MPL_025
2826,Parts,B,MPL_026
2827,Accessories,C,MPL_027
2828,Service,D,MPL_028
2829,Electrical,E,MPL_029
2830,Engine,A,MPL_030
2831,Parts,B,MPL_031
2832,Accessories,C,MPL_032
2833,Service,D,MPL_033
2834,Electrical,E,MPL_034
2835,Engine,A,MPL_035
2836,Parts,B,MPL_036
2837,Accessories,C,MPL_037
2838,Service,D,MPL_038
2839,Electrical,E,MPL_039
2840,Engine,A,MPL_040
2841,Parts,B,MPL_041
2842,Accessories,C,MPL_042
2843,Service,D,MPL_043
2844,Electrical,E,MPL_044
2845,Engine,A,MPL_045
2846,Parts,B,MPL_046
2847,Accessories,C,MPL_047
2848,Service,D,MPL_048
2849,Electrical,E,MPL_049
2850,Engine,A,MPL_050
2851,Parts,B,MPL_051
2852,Accessories,C,MPL_052
2853,Service,D,MPL_053
2854,Electrical,E,MPL_054
2855,Engine,A,MPL_055
2856,Parts,B,MPL_056
2857,Accessories,C,MPL_057
2858,Service,D,MPL_058
2859,Electrical,E,MPL_059
2860,Engine,A,MPL_060
2861,Parts,B,MPL_061
2862,Accessories,C,MPL_062
2863,Service,D,MPL_063
2864,Electrical,E,MPL_064
2865,Engine,A,MPL_065
2866,Parts,B,MPL_066
2867,Accessories,C,MPL_067
2868,Service,D,MPL_068
2869,Electrical,E,MPL_069
2870,Engine,A,MPL_070
2871,Parts,B,MPL_071
2872,Accessories,C,MPL_072
2873,Service,D,MPL_073
2874,Electrical,E,MPL_074
2875,Engine,A,MPL_075
2876,Parts,B,MPL_076
2877,Accessories,C,MPL_077
2878,Service,D,MPL_078
2879,Electrical,E,MPL_079
2880,Engine,A,MPL_080
2881,Parts,B,MPL_081
2882,Accessories,C,MPL_082
2883,Service,D,MPL_083
2884,Electrical,E,MPL_084
2885,Engine,A,MPL_085
2886,Parts,B,MPL_086
2887,Accessories,C,MPL_087
2888,Service,D,MPL_088
2889,Electrical,E,MPL_089
2890,Engine,A,MPL_090
2891,Parts,B,MPL_091
2892,Accessories,C,MPL_092
2893,Service,D,MPL_093
2894,Electrical,E,MPL_094
2895,Engine,A,MPL_095
2896,Parts,B,MPL_096
2897,Accessories,C,MPL_097
2898,Service,D,MPL_098
2899,Electrical,E,MPL_099
2900,Engine,A,MPL_000
2901,Parts,B,MPL_001
2902,Accessories,C,MPL_002
2903,Service,D,MPL_003
2904,Electrical,E,MPL_004
2905,Engine,A,MPL_005
2906,Parts,B,MPL_006
2907,Accessories,C,MPL_007
2908,Service,D,MPL_008
2909,Electrical,E,MPL_009
2910,Engine,A,MPL_010
2911,Parts,B,MPL_011
2912,Accessories,C,MPL_012
2913,Service,D,MPL_013
2914,Electrical,E,MPL_014
2915,Engine,A,MPL_015
2916,Parts,B,MPL_016
2917,Accessories,C,MPL_017
2918,Service,D,MPL_018
2919,Electrical,E,MPL_019
2920,Engine,A,MPL_020
2921,Parts,B,MPL_021
2922,Accessories,C,MPL_022
2923,Service,D,MPL_023
2924,Electrical,E,MPL_024
2925,Engine,A,MPL_025
2926,Parts,B,MPL_026
2927,Accessories,C,MPL_027
2928,Service,D,MPL_028
2929,Electrical,E,MPL_029
2930,Engine,A,MPL_030
2931,Parts,B,MPL_031
2932,Accessories,C,MPL_032
2933,Service,D,MPL_033
2934,Electrical,E,MPL_034
2935,Engine,A,MPL_035
2936,Parts,B,MPL_036
2937,Accessories,C,MPL_037
2938,Service,D,MPL_038
2939,Electrical,E,MPL_039
2940,Engine,A,MPL_040
2941,Parts,B,MPL_041
2942,Accessories,C,MPL_042
2943,Service,D,MPL_043
2944,Electrical,E,MPL_044
2945,Engine,A,MPL_045
2946,Parts,B,MPL_046
2947,Accessories,C,MPL_047
2948,Service,D,MPL_048
2949,Electrical,E,MPL_049
2950,Engine,A,MPL_050
2951,Parts,B,MPL_051
2952,Accessories,C,MPL_052
2953,Service,D,MPL_053
2954,Electrical,E,MPL_054
2955,Engine,A,MPL_055
2956,Parts,B,MPL_056
2957,Accessories,C,MPL_057
2958,Service,D,MPL_058
2959,Electrical,E,MPL_059
2960,Engine,A,MPL_060
2961,Parts,B,MPL_061
2962,Accessories,C,MPL_062
2963,Service,D,MPL_063
2964,Electrical,E,MPL_064
2965,Engine,A,MPL_065
2966,Parts,B,MPL_066
2967,Accessories,C,MPL_067
2968,Service,D,MPL_068
2969,Electrical,E,MPL_069
2970,Engine,A,MPL_070
2971,Parts,B,MPL_071
2972,Accessories,C,MPL_072
2973,Service,D,MPL_073
2974,Electrical,E,MPL_074
2975,Engine,A,MPL_075
2976,Parts,B,MPL_076
2977,Accessories,C,MPL_077
2978,Service,D,MPL_078
2979,Electrical,E,MPL_079
2980,Engine,A,MPL_080
2981,Parts,B,MPL_081
2982,Accessories,C,MPL_082
2983,Service,D,MPL_083
2984,Electrical,E,MPL_084
2985,Engine,A,MPL_085
2986,Parts,B,MPL_086
2987,Accessories,C,MPL_087
2988,Service,D,MPL_088
2989,Electrical,E,MPL_089
2990,Engine,A,MPL_090
2991,Parts,B,MPL_091
2992,Accessories,C,MPL_092
2993,Service,D,MPL_093
2994,Electrical,E,MPL_094
2995,Engine,A,MPL_095
2996,Parts,B,MPL_096
2997,Accessories,C,MPL_097
2998,Service,D,MPL_098
2999,Electrical,E,MPL_099
3000,Engine,A,MPL_000
3001,Parts,B,MPL_001
3002,Accessories,C,MPL_002
3003,Service,D,MPL_003
3004,Electrical,E,MPL_004
3005,Engine,A,MPL_005
3006,Parts,B,MPL_006
3007,Accessories,C,MPL_007
3008,Service,D,MPL_008
3009,Electrical,E,MPL_009
3010,Engine,A,MPL_010
3011,Parts,B,MPL_011
3012,Accessories,C,MPL_012
3013,Service,D,MPL_013
3014,Electrical,E,MPL_014
3015,Engine,A,MPL_015
3016,Parts,B,MPL_016
3017,Accessories,C,MPL_017
3018,Service,D,MPL_018
3019,Electrical,E,MPL_019
3020,Engine,A,MPL_020
3021,Parts,B,MPL_021
3022,Accessories,C,MPL_022
3023,Service,D,MPL_023
3024,Electrical,E,MPL_024
3025,Engine,A,MPL_025
3026,Parts,B,MPL_026
3027,Accessories,C,MPL_027
3028,Service,D,MPL_028
3029,Electrical,E,MPL_029
3030,Engine,A,MPL_030
3031,Parts,B,MPL_031
3032,Accessories,C,MPL_032
3033,Service,D,MPL_033
3034,Electrical,E,MPL_034
3035,Engine,A,MPL_035
3036,Parts,B,MPL_036
3037,Accessories,C,MPL_037
3038,Service,D,MPL_038
3039,Electrical,E,MPL_039
3040,Engine,A,MPL_040
3041,Parts,B,MPL_041
3042,Accessories,C,MPL_042
3043,Service,D,MPL_043
3044,Electrical,E,MPL_044
3045,Engine,A,MPL_045
3046,Parts,B,MPL_046
3047,Accessories,C,MPL_047
3048,Service,D,MPL_048
3049,Electrical,E,MPL_049
3050,Engine,A,MPL_050
3051,Parts,B,MPL_051
3052,Accessories,C,MPL_052
3053,Service,D,MPL_053
3054,Electrical,E,MPL_054
3055,Engine,A,MPL_055
3056,Parts,B,MPL_056
3057,Accessories,C,MPL_057
3058,Service,D,MPL_058
3059,Electrical,E,MPL_059
3060,Engine,A,MPL_060
3061,Parts,B,MPL_061
3062,Accessories,C,MPL_062
3063,Service,D,MPL_063
3064,Electrical,E,MPL_064
3065,Engine,A,MPL_065
3066,Parts,B,MPL_066
3067,Accessories,C,MPL_067
3068,Service,D,MPL_068
3069,Electrical,E,MPL_069
3070,Engine,A,MPL_070
3071,Parts,B,MPL_071
3072,Accessories,C,MPL_072
3073,Service,D,MPL_073
3074,Electrical,E,MPL_074
3075,Engine,A,MPL_075
3076,Parts,B,MPL_076
3077,Accessories,C,MPL_077
3078,Service,D,MPL_078
3079,Electrical,E,MPL_079
3080,Engine,A,MPL_080
3081,Parts,B,MPL_081
3082,Accessories,C,MPL_082
3083,Service,D,MPL_083
3084,Electrical,E,MPL_084
3085,Engine,A,MPL_085
3086,Parts,B,MPL_086
3087,Accessories,C,MPL_087
3088,Service,D,MPL_088
3089,Electrical,E,MPL_089
3090,Engine,A,MPL_090
3091,Parts,B,MPL_091
3092,Accessories,C,MPL_092
3093,Service,D,MPL_093
3094,Electrical,E,MPL_094
3095,Engine,A,MPL_095
3096,Parts,B,MPL_096
3097,Accessories,C,MPL_097
3098,Service,D,MPL_098
3099,Electrical,E,MPL_099
3100,Engine,A,MPL_000
3101,Parts,B,MPL_001
3102,Accessories,C,MPL_002
3103,Service,D,MPL_003
3104,Electrical,E,MPL_004
3105,Engine,A,MPL_005
3106,Parts,B,MPL_006
3107,Accessories,C,MPL_007
3108,Service,D,MPL_008
3109,Electrical,E,MPL_009
3110,Engine,A,MPL_010
3111,Parts,B,MPL_011
3112,Accessories,C,MPL_012
3113,Service,D,MPL_013
3114,Electrical,E,MPL_014
3115,Engine,A,MPL_015
3116,Parts,B,MPL_016
3117,Accessories,C,MPL_017
3118,Service,D,MPL_018
3119,Electrical,E,MPL_019
3120,Engine,A,MPL_020
3121,Parts,B,MPL_021
3122,Accessories,C,MPL_022
3123,Service,D,MPL_023
3124,Electrical,E,MPL_024
3125,Engine,A,MPL_025
3126,Parts,B,MPL_026
3127,Accessories,C,MPL_027
3128,Service,D,MPL_028
3129,Electrical,E,MPL_029
3130,Engine,A,MPL_030
3131,Parts,B,MPL_031
3132,Accessories,C,MPL_032
3133,Service,D,MPL_033
3134,Electrical,E,MPL_034
3135,Engine,A,MPL_035
3136,Parts,B,MPL_036
3137,Accessories,C,MPL_037
3138,Service,D,MPL_038
3139,Electrical,E,MPL_039
3140,Engine,A,MPL_040
3141,Parts,B,MPL_041
3142,Accessories,C,MPL_042
3143,Service,D,MPL_043
3144,Electrical,E,MPL_044
3145,Engine,A,MPL_045
3146,Parts,B,MPL_046
3147,Accessories,C,MPL_047
3148,Service,D,MPL_048
3149,Electrical,E,MPL_049
3150,Engine,A,MPL_050
3151,Parts,B,MPL_051
3152,Accessories,C,MPL_052
3153,Service,D,MPL_053
3154,Electrical,E,MPL_054
3155,Engine,A,MPL_055
3156,Parts,B,MPL_056
3157,Accessories,C,MPL_057
3158,Service,D,MPL_058
3159,Electrical,E,MPL_059
3160,Engine,A,MPL_060
3161,Parts,B,MPL_061
3162,Accessories,C,MPL_062
3163,Service,D,MPL_063
3164,Electrical,E,MPL_064
3165,Engine,A,MPL_065
3166,Parts,B,MPL_066
3167,Accessories,C,MPL_067
3168,Service,D,MPL_068
3169,Electrical,E,MPL_069
3170,Engine,A,MPL_070
3171,Parts,B,MPL_071
3172,Accessories,C,MPL_072
3173,Service,D,MPL_073
3174,Electrical,E,MPL_074
3175,Engine,A,MPL_075
3176,Parts,B,MPL_076
3177,Accessories,C,MPL_077
3178,Service,D,MPL_078
3179,Electrical,E,MPL_079
3180,Engine,A,MPL_080
3181,Parts,B,MPL_081
3182,Accessories,C,MPL_082
3183,Service,D,MPL_083
3184,Electrical,E,MPL_084
3185,Engine,A,MPL_085
3186,Parts,B,MPL_086
3187,Accessories,C,MPL_087
3188,Service,D,MPL_088
3189,Electrical,E,MPL_089
3190,Engine,A,MPL_090
3191,Parts,B,MPL_091
3192,Accessories,C,MPL_092
3193,Service,D,MPL_093
3194,Electrical,E,MPL_094
3195,Engine,A,MPL_095
3196,Parts,B,MPL_096
3197,Accessories,C,MPL_097
3198,Service,D,MPL_098
3199,Electrical,E,MPL_099
3200,Engine,A,MPL_000
3201,Parts,B,MPL_001
3202,Accessories,C,MPL_002
3203,Service,D,MPL_003
3204,Electrical,E,MPL_004
3205,Engine,A,MPL_005
3206,Parts,B,MPL_006
3207,Accessories,C,MPL_007
3208,Service,D,MPL_008
3209,Electrical,E,MPL_009
3210,Engine,A,MPL_010
3211,Parts,B,MPL_011
3212,Accessories,C,MPL_012
3213,Service,D,MPL_013
3214,Electrical,E,MPL_014
3215,Engine,A,MPL_015
3216,Parts,B,MPL_016
3217,Accessories,C,MPL_017
3218,Service,D,MPL_018
3219,Electrical,E,MPL_019
3220,Engine,A,MPL_020
3221,Parts,B,MPL_021
3222,Accessories,C,MPL_022
3223,Service,D,MPL_023
3224,Electrical,E,MPL_024
3225,Engine,A,MPL_025
3226,Parts,B,MPL_026
3227,Accessories,C,MPL_027
3228,Service,D,MPL_028
3229,Electrical,E,MPL_029
3230,Engine,A,MPL_030
3231,Parts,B,MPL_031
3232,Accessories,C,MPL_032
3233,Service,D,MPL_033
3234,Electrical,E,MPL_034
3235,Engine,A,MPL_035
3236,Parts,B,MPL_036
3237,Accessories,C,MPL_037
3238,Service,D,MPL_038
3239,Electrical,E,MPL_039
3240,Engine,A,MPL_040
3241,Parts,B,MPL_041
3242,Accessories,C,MPL_042
3243,Service,D,MPL_043
3244,Electrical,E,MPL_044
3245,Engine,A,MPL_045
3246,Parts,B,MPL_046
3247,Accessories,C,MPL_047
3248,Service,D,MPL_048
3249,Electrical,E,MPL_049
3250,Engine,A,MPL_050
3251,Parts,B,MPL_051
3252,Accessories,C,MPL_052
3253,Service,D,MPL_053
3254,Electrical,E,MPL_054
3255,Engine,A,MPL_055
3256,Parts,B,MPL_056
3257,Accessories,C,MPL_057
3258,Service,D,MPL_058
3259,Electrical,E,MPL_059
3260,Engine,A,MPL_060
3261,Parts,B,MPL_061
3262,Accessories,C,MPL_062
3263,Service,D,MPL_063
3264,Electrical,E,MPL_064
3265,Engine,A,MPL_065
3266,Parts,B,MPL_066
3267,Accessories,C,MPL_067
3268,Service,D,MPL_068
3269,Electrical,E,MPL_069
3270,Engine,A,MPL_070
3271,Parts,B,MPL_071
3272,Accessories,C,MPL_072
3273,Service,D,MPL_073
3274,Electrical,E,MPL_074
3275,Engine,A,MPL_075
3276,Parts,B,MPL_076
3277,Accessories,C,MPL_077
3278,Service,D,MPL_078
3279,Electrical,E,MPL_079
3280,Engine,A,MPL_080
3281,Parts,B,MPL_081
3282,Accessories,C,MPL_082
3283,Service,D,MPL_083
3284,Electrical,E,MPL_084
3285,Engine,A,MPL_085
3286,Parts,B,MPL_086
3287,Accessories,C,MPL_087
3288,Service,D,MPL_088
3289,Electrical,E,MPL_089
3290,Engine,A,MPL_090
3291,Parts,B,MPL_091
3292,Accessories,C,MPL_092
3293,Service,D,MPL_093
3294,Electrical,E,MPL_094
3295,Engine,A,MPL_095
3296,Parts,B,MPL_096
3297,Accessories,C,MPL_097
3298,Service,D,MPL_098
3299,Electrical,E,MPL_099
3300,Engine,A,MPL_000
3301,Parts,B,MPL_001
3302,Accessories,C,MPL_002
3303,Service,D,MPL_003
3304,Electrical,E,MPL_004
3305,Engine,A,MPL_005
3306,Parts,B,MPL_006
3307,Accessories,C,MPL_007
3308,Service,D,MPL_008
3309,Electrical,E,MPL_009
3310,Engine,A,MPL_010
3311,Parts,B,MPL_011
3312,Accessories,C,MPL_012
3313,Service,D,MPL_013
3314,Electrical,E,MPL_014
3315,Engine,A,MPL_015
3316,Parts,B,MPL_016
3317,Accessories,C,MPL_017
3318,Service,D,MPL_018
3319,Electrical,E,MPL_019
3320,Engine,A,MPL_020
3321,Parts,B,MPL_021
3322,Accessories,C,MPL_022
3323,Service,D,MPL_023
3324,Electrical,E,MPL_024
3325,Engine,A,MPL_025
3326,Parts,B,MPL_026
3327,Accessories,C,MPL_027
3328,Service,D,MPL_028
3329,Electrical,E,MPL_029
3330,Engine,A,MPL_030
3331,Parts,B,MPL_031
3332,Accessories,C,MPL_032
3333,Service,D,MPL_033
3334,Electrical,E,MPL_034
3335,Engine,A,MPL_035
3336,Parts,B,MPL_036
3337,Accessories,C,MPL_037
3338,Service,D,MPL_038
3339,Electrical,E,MPL_039
3340,Engine,A,MPL_040
3341,Parts,B,MPL_041
3342,Accessories,C,MPL_042
3343,Service,D,MPL_043
3344,Electrical,E,MPL_044
3345,Engine,A,MPL_045
3346,Parts,B,MPL_046
3347,Accessories,C,MPL_047
3348,Service,D,MPL_048
3349,Electrical,E,MPL_049
3350,Engine,A,MPL_050
3351,Parts,B,MPL_051
3352,Accessories,C,MPL_052
3353,Service,D,MPL_053
3354,Electrical,E,MPL_054
3355,Engine,A,MPL_055
3356,Parts,B,MPL_056
3357,Accessories,C,MPL_057
3358,Service,D,MPL_058
3359,Electrical,E,MPL_059
3360,Engine,A,MPL_060
3361,Parts,B,MPL_061
3362,Accessories,C,MPL_062
3363,Service,D,MPL_063
3364,Electrical,E,MPL_064
3365,Engine,A,MPL_065
3366,Parts,B,MPL_066
3367,Accessories,C,MPL_067
3368,Service,D,MPL_068
3369,Electrical,E,MPL_069
3370,Engine,A,MPL_070
3371,Parts,B,MPL_071
3372,Accessories,C,MPL_072
3373,Service,D,MPL_073
3374,Electrical,E,MPL_074
3375,Engine,A,MPL_075
3376,Parts,B,MPL_076
3377,Accessories,C,MPL_077
3378,Service,D,MPL_078
3379,Electrical,E,MPL_079
3380,Engine,A,MPL_080
3381,Parts,B,MPL_081
3382,Accessories,C,MPL_082
3383,Service,D,MPL_083
3384,Electrical,E,MPL_084
3385,Engine,A,MPL_085
3386,Parts,B,MPL_086
3387,Accessories,C,MPL_087
3388,Service,D,MPL_088
3389,Electrical,E,MPL_089
3390,Engine,A,MPL_090
3391,Parts,B,MPL_091
3392,Accessories,C,MPL_092
3393,Service,D,MPL_093
3394,Electrical,E,MPL_094
3395,Engine,A,MPL_095
3396,Parts,B,MPL_096
3397,Accessories,C,MPL_097
3398,Service,D,MPL_098
3399,Electrical,E,MPL_099
3400,Engine,A,MPL_000
3401,Parts,B,MPL_001
3402,Accessories,C,MPL_002
3403,Service,D,MPL_003
3404,Electrical,E,MPL_004
3405,Engine,A,MPL_005
3406,Parts,B,MPL_006
3407,Accessories,C,MPL_007
3408,Service,D,MPL_008
3409,Electrical,E,MPL_009
3410,Engine,A,MPL_010
3411,Parts,B,MPL_011
3412,Accessories,C,MPL_012
3413,Service,D,MPL_013
3414,Electrical,E,MPL_014
3415,Engine,A,MPL_015
3416,Parts,B,MPL_016
3417,Accessories,C,MPL_017
3418,Service,D,MPL_018
3419,Electrical,E,MPL_019
3420,Engine,A,MPL_020
3421,Parts,B,MPL_021
3422,Accessories,C,MPL_022
3423,Service,D,MPL_023
3424,Electrical,E,MPL_024
3425,Engine,A,MPL_025
3426,Parts,B,MPL_026
3427,Accessories,C,MPL_027
3428,Service,D,MPL_028
3429,Electrical,E,MPL_029
3430,Engine,A,MPL_030
3431,Parts,B,MPL_031
3432,Accessories,C,MPL_032
3433,Service,D,MPL_033
3434,Electrical,E,MPL_034
3435,Engine,A,MPL_035
3436,Parts,B,MPL_036
3437,Accessories,C,MPL_037
3438,Service,D,MPL_038
3439,Electrical,E,MPL_039
3440,Engine,A,MPL_040
3441,Parts,B,MPL_041
3442,Accessories,C,MPL_042
3443,Service,D,MPL_043
3444,Electrical,E,MPL_044
3445,Engine,A,MPL_045
3446,Parts,B,MPL_046
3447,Accessories,C,MPL_047
3448,Service,D,MPL_048
3449,Electrical,E,MPL_049
3450,Engine,A,MPL_050
3451,Parts,B,MPL_051
3452,Accessories,C,MPL_052
3453,Service,D,MPL_053
3454,Electrical,E,MPL_054
3455,Engine,A,MPL_055
3456,Parts,B,MPL_056
3457,Accessories,C,MPL_057
3458,Service,D,MPL_058
3459,Electrical,E,MPL_059
3460,Engine,A,MPL_060
3461,Parts,B,MPL_061
3462,Accessories,C,MPL_062
3463,Service,D,MPL_063
3464,Electrical,E,MPL_064
3465,Engine,A,MPL_065
3466,Parts,B,MPL_066
3467,Accessories,C,MPL_067
3468,Service,D,MPL_068
3469,Electrical,E,MPL_069
3470,Engine,A,MPL_070
3471,Parts,B,MPL_071
3472,Accessories,C,MPL_072
3473,Service,D,MPL_073
3474,Electrical,E,MPL_074
3475,Engine,A,MPL_075
3476,Parts,B,MPL_076
3477,Accessories,C,MPL_077
3478,Service,D,MPL_078
3479,Electrical,E,MPL_079
3480,Engine,A,MPL_080
3481,Parts,B,MPL_081
3482,Accessories,C,MPL_082
3483,Service,D,MPL_083
3484,Electrical,E,MPL_084
3485,Engine,A,MPL_085
3486,Parts,B,MPL_086
3487,Accessories,C,MPL_087
3488,Service,D,MPL_088
3489,Electrical,E,MPL_089
3490,Engine,A,MPL_090
3491,Parts,B,MPL_091
3492,Accessories,C,MPL_092
3493,Service,D,MPL_093
3494,Electrical,E,MPL_094
3495,Engine,A,MPL_095
3496,Parts,B,MPL_096
3497,Accessories,C,MPL_097
3498,Service,D,MPL_098
3499,Electrical,E,MPL_099
3500,Engine,A,MPL_000
3501,Parts,B,MPL_001
3502,Accessories,C,MPL_002
3503,Service,D,MPL_003
3504,Electrical,E,MPL_004
3505,Engine,A,MPL_005
3506,Parts,B,MPL_006
3507,Accessories,C,MPL_007
3508,Service,D,MPL_008
3509,Electrical,E,MPL_009
3510,Engine,A,MPL_010
3511,Parts,B,MPL_011
3512,Accessories,C,MPL_012
3513,Service,D,MPL_013
3514,Electrical,E,MPL_014
3515,Engine,A,MPL_015
3516,Parts,B,MPL_016
3517,Accessories,C,MPL_017
3518,Service,D,MPL_018
3519,Electrical,E,MPL_019
3520,Engine,A,MPL_020
3521,Parts,B,MPL_021
3522,Accessories,C,MPL_022
3523,Service,D,MPL_023
3524,Electrical,E,MPL_024
3525,Engine,A,MPL_025
3526,Parts,B,MPL_026
3527,Accessories,C,MPL_027
3528,Service,D,MPL_028
3529,Electrical,E,MPL_029
3530,Engine,A,MPL_030
3531,Parts,B,MPL_031
3532,Accessories,C,MPL_032
3533,Service,D,MPL_033
3534,Electrical,E,MPL_034
3535,Engine,A,MPL_035
3536,Parts,B,MPL_036
3537,Accessories,C,MPL_037
3538,Service,D,MPL_038
3539,Electrical,E,MPL_039
3540,Engine,A,MPL_040
3541,Parts,B,MPL_041
3542,Accessories,C,MPL_042
3543,Service,D,MPL_043
3544,Electrical,E,MPL_044
3545,Engine,A,MPL_045
3546,Parts,B,MPL_046
3547,Accessories,C,MPL_047
3548,Service,D,MPL_048
3549,Electrical,E,MPL_049
3550,Engine,A,MPL_050
3551,Parts,B,MPL_051
3552,Accessories,C,MPL_052
3553,Service,D,MPL_053
3554,Electrical,E,MPL_054
3555,Engine,A,MPL_055
3556,Parts,B,MPL_056
3557,Accessories,C,MPL_057
3558,Service,D,MPL_058
3559,Electrical,E,MPL_059
3560,Engine,A,MPL_060
3561,Parts,B,MPL_061
3562,Accessories,C,MPL_062
3563,Service,D,MPL_063
3564,Electrical,E,MPL_064
3565,Engine,A,MPL_065
3566,Parts,B,MPL_066
3567,Accessories,C,MPL_067
3568,Service,D,MPL_068
3569,Electrical,E,MPL_069
3570,Engine,A,MPL_070
3571,Parts,B,MPL_071
3572,Accessories,C,MPL_072
3573,Service,D,MPL_073
3574,Electrical,E,MPL_074
3575,Engine,A,MPL_075
3576,Parts,B,MPL_076
3577,Accessories,C,MPL_077
3578,Service,D,MPL_078
3579,Electrical,E,MPL_079
3580,Engine,A,MPL_080
3581,Parts,B,MPL_081
3582,Accessories,C,MPL_082
3583,Service,D,MPL_083
3584,Electrical,E,MPL_084
3585,Engine,A,MPL_085
3586,Parts,B,MPL_086
3587,Accessories,C,MPL_087
3588,Service,D,MPL_088
3589,Electrical,E,MPL_089
3590,Engine,A,MPL_090
3591,Parts,B,MPL_091
3592,Accessories,C,MPL_092
3593,Service,D,MPL_093
3594,Electrical,E,MPL_094
3595,Engine,A,MPL_095
3596,Parts,B,MPL_096
3597,Accessories,C,MPL_097
3598,Service,D,MPL_098
3599,Electrical,E,MPL_099
3600,Engine,A,MPL_000
3601,Parts,B,MPL_001
3602,Accessories,C,MPL_002
3603,Service,D,MPL_003
3604,Electrical,E,MPL_004
3605,Engine,A,MPL_005
3606,Parts,B,MPL_006
3607,Accessories,C,MPL_007
3608,Service,D,MPL_008
3609,Electrical,E,MPL_009
3610,Engine,A,MPL_010
3611,Parts,B,MPL_011
3612,Accessories,C,MPL_012
3613,Service,D,MPL_013
3614,Electrical,E,MPL_014
3615,Engine,A,MPL_015
3616,Parts,B,MPL_016
3617,Accessories,C,MPL_017
3618,Service,D,MPL_018
3619,Electrical,E,MPL_019
3620,Engine,A,MPL_020
3621,Parts,B,MPL_021
3622,Accessories,C,MPL_022
3623,Service,D,MPL_023
3624,Electrical,E,MPL_024
3625,Engine,A,MPL_025
3626,Parts,B,MPL_026
3627,Accessories,C,MPL_027
3628,Service,D,MPL_028
3629,Electrical,E,MPL_029
3630,Engine,A,MPL_030
3631,Parts,B,MPL_031
3632,Accessories,C,MPL_032
3633,Service,D,MPL_033
3634,Electrical,E,MPL_034
3635,Engine,A,MPL_035
3636,Parts,B,MPL_036
3637,Accessories,C,MPL_037
3638,Service,D,MPL_038
3639,Electrical,E,MPL_039
3640,Engine,A,MPL_040
3641,Parts,B,MPL_041
3642,Accessories,C,MPL_042
3643,Service,D,MPL_043
3644,Electrical,E,MPL_044
3645,Engine,A,MPL_045
3646,Parts,B,MPL_046
3647,Accessories,C,MPL_047
3648,Service,D,MPL_048
3649,Electrical,E,MPL_049
3650,Engine,A,MPL_050
3651,Parts,B,MPL_051
3652,Accessories,C,MPL_052
3653,Service,D,MPL_053
3654,Electrical,E,MPL_054
3655,Engine,A,MPL_055
3656,Parts,B,MPL_056
3657,Accessories,C,MPL_057
3658,Service,D,MPL_058
3659,Electrical,E,MPL_059
3660,Engine,A,MPL_060
3661,Parts,B,MPL_061
3662,Accessories,C,MPL_062
3663,Service,D,MPL_063
3664,Electrical,E,MPL_064
3665,Engine,A,MPL_065
3666,Parts,B,MPL_066
3667,Accessories,C,MPL_067
3668,Service,D,MPL_068
3669,Electrical,E,MPL_069
3670,Engine,A,MPL_070
3671,Parts,B,MPL_071
3672,Accessories,C,MPL_072
3673,Service,D,MPL_073
3674,Electrical,E,MPL_074
3675,Engine,A,MPL_075
3676,Parts,B,MPL_076
3677,Accessories,C,MPL_077
3678,Service,D,MPL_078
3679,Electrical,E,MPL_079
3680,Engine,A,MPL_080
3681,Parts,B,MPL_081
3682,Accessories,C,MPL_082
3683,Service,D,MPL_083
3684,Electrical,E,MPL_084
3685,Engine,A,MPL_085
3686,Parts,B,MPL_086
3687,Accessories,C,MPL_087
3688,Service,D,MPL_088
3689,Electrical,E,MPL_089
3690,Engine,A,MPL_090
3691,Parts,B,MPL_091
3692,Accessories,C,MPL_092
3693,Service,D,MPL_093
3694,Electrical,E,MPL_094
3695,Engine,A,MPL_095
3696,Parts,B,MPL_096
3697,Accessories,C,MPL_097
3698,Service,D,MPL_098
3699,Electrical,E,MPL_099
3700,Engine,A,MPL_000
3701,Parts,B,MPL_001
3702,Accessories,C,MPL_002
3703,Service,D,MPL_003
3704,Electrical,E,MPL_004
3705,Engine,A,MPL_005
3706,Parts,B,MPL_006
3707,Accessories,C,MPL_007
3708,Service,D,MPL_008
3709,Electrical,E,MPL_009
3710,Engine,A,MPL_010
3711,Parts,B,MPL_011
3712,Accessories,C,MPL_012
3713,Service,D,MPL_013
3714,Electrical,E,MPL_014
3715,Engine,A,MPL_015
3716,Parts,B,MPL_016
3717,Accessories,C,MPL_017
3718,Service,D,MPL_018
3719,Electrical,E,MPL_019
3720,Engine,A,MPL_020
3721,Parts,B,MPL_021
3722,Accessories,C,MPL_022
3723,Service,D,MPL_023
3724,Electrical,E,MPL_024
3725,Engine,A,MPL_025
3726,Parts,B,MPL_026
3727,Accessories,C,MPL_027
3728,Service,D,MPL_028
3729,Electrical,E,MPL_029
3730,Engine,A,MPL_030
3731,Parts,B,MPL_031
3732,Accessories,C,MPL_032
3733,Service,D,MPL_033
3734,Electrical,E,MPL_034
3735,Engine,A,MPL_035
3736,Parts,B,MPL_036
3737,Accessories,C,MPL_037
3738,Service,D,MPL_038
3739,Electrical,E,MPL_039
3740,Engine,A,MPL_040
3741,Parts,B,MPL_041
3742,Accessories,C,MPL_042
3743,Service,D,MPL_043
3744,Electrical,E,MPL_044
3745,Engine,A,MPL_045
3746,Parts,B,MPL_046
3747,Accessories,C,MPL_047
3748,Service,D,MPL_048
3749,Electrical,E,MPL_049
3750,Engine,A,MPL_050
3751,Parts,B,MPL_051
3752,Accessories,C,MPL_052
3753,Service,D,MPL_053
3754,Electrical,E,MPL_054
3755,Engine,A,MPL_055
3756,Parts,B,MPL_056
3757,Accessories,C,MPL_057
3758,Service,D,MPL_058
3759,Electrical,E,MPL_059
3760,Engine,A,MPL_060
3761,Parts,B,MPL_061
3762,Accessories,C,MPL_062
3763,Service,D,MPL_063
3764,Electrical,E,MPL_064
3765,Engine,A,MPL_065
3766,Parts,B,MPL_066
3767,Accessories,C,MPL_067
3768,Service,D,MPL_068
3769,Electrical,E,MPL_069
3770,Engine,A,MPL_070
3771,Parts,B,MPL_071
3772,Accessories,C,MPL_072
3773,Service,D,MPL_073
3774,Electrical,E,MPL_074
3775,Engine,A,MPL_075
3776,Parts,B,MPL_076
3777,Accessories,C,MPL_077
3778,Service,D,MPL_078
3779,Electrical,E,MPL_079
3780,Engine,A,MPL_080
3781,Parts,B,MPL_081
3782,Accessories,C,MPL_082
3783,Service,D,MPL_083
3784,Electrical,E,MPL_084
3785,Engine,A,MPL_085
3786,Parts,B,MPL_086
3787,Accessories,C,MPL_087
3788,Service,D,MPL_088
3789,Electrical,E,MPL_089
3790,Engine,A,MPL_090
3791,Parts,B,MPL_091
3792,Accessories,C,MPL_092
3793,Service,D,MPL_093
3794,Electrical,E,MPL_094
3795,Engine,A,MPL_095
3796,Parts,B,MPL_096
3797,Accessories,C,MPL_097
3798,Service,D,MPL_098
3799,Electrical,E,MPL_099
3800,Engine,A,MPL_000
3801,Parts,B,MPL_001
3802,Accessories,C,MPL_002
3803,Service,D,MPL_003
3804,Electrical,E,MPL_004
3805,Engine,A,MPL_005
3806,Parts,B,MPL_006
3807,Accessories,C,MPL_007
3808,Service,D,MPL_008
3809,Electrical,E,MPL_009
3810,Engine,A,MPL_010
3811,Parts,B,MPL_011
3812,Accessories,C,MPL_012
3813,Service,D,MPL_013
3814,Electrical,E,MPL_014
3815,Engine,A,MPL_015
3816,Parts,B,MPL_016
3817,Accessories,C,MPL_017
3818,Service,D,MPL_018
3819,Electrical,E,MPL_019
3820,Engine,A,MPL_020
3821,Parts,B,MPL_021
3822,Accessories,C,MPL_022
3823,Service,D,MPL_023
3824,Electrical,E,MPL_024
3825,Engine,A,MPL_025
3826,Parts,B,MPL_026
3827,Accessories,C,MPL_027
3828,Service,D,MPL_028
3829,Electrical,E,MPL_029
3830,Engine,A,MPL_030
3831,Parts,B,MPL_031
3832,Accessories,C,MPL_032
3833,Service,D,MPL_033
3834,Electrical,E,MPL_034
3835,Engine,A,MPL_035
3836,Parts,B,MPL_036
3837,Accessories,C,MPL_037
3838,Service,D,MPL_038
3839,Electrical,E,MPL_039
3840,Engine,A,MPL_040
3841,Parts,B,MPL_041
3842,Accessories,C,MPL_042
3843,Service,D,MPL_043
3844,Electrical,E,MPL_044
3845,Engine,A,MPL_045
3846,Parts,B,MPL_046
3847,Accessories,C,MPL_047
3848,Service,D,MPL_048
3849,Electrical,E,MPL_049
3850,Engine,A,MPL_050
3851,Parts,B,MPL_051
3852,Accessories,C,MPL_052
3853,Service,D,MPL_053
3854,Electrical,E,MPL_054
3855,Engine,A,MPL_055
3856,Parts,B,MPL_056
3857,Accessories,C,MPL_057
3858,Service,D,MPL_058
3859,Electrical,E,MPL_059
3860,Engine,A,MPL_060
3861,Parts,B,MPL_061
3862,Accessories,C,MPL_062
3863,Service,D,MPL_063
3864,Electrical,E,MPL_064
3865,Engine,A,MPL_065
3866,Parts,B,MPL_066
3867,Accessories,C,MPL_067
3868,Service,D,MPL_068
3869,Electrical,E,MPL_069
3870,Engine,A,MPL_070
3871,Parts,B,MPL_071
3872,Accessories,C,MPL_072
3873,Service,D,MPL_073
3874,Electrical,E,MPL_074
3875,Engine,A,MPL_075
3876,Parts,B,MPL_076
3877,Accessories,C,MPL_077
3878,Service,D,MPL_078
3879,Electrical,E,MPL_079
3880,Engine,A,MPL_080
3881,Parts,B,MPL_081
3882,Accessories,C,MPL_082
3883,Service,D,MPL_083
3884,Electrical,E,MPL_084
3885,Engine,A,MPL_085
3886,Parts,B,MPL_086
3887,Accessories,C,MPL_087
3888,Service,D,MPL_088
3889,Electrical,E,MPL_089
3890,Engine,A,MPL_090
3891,Parts,B,MPL_091
3892,Accessories,C,MPL_092
3893,Service,D,MPL_093
3894,Electrical,E,MPL_094
3895,Engine,A,MPL_095
3896,Parts,B,MPL_096
3897,Accessories,C,MPL_097
3898,Service,D,MPL_098
3899,Electrical,E,MPL_099
3900,Engine,A,MPL_000
3901,Parts,B,MPL_001
3902,Accessories,C,MPL_002
3903,Service,D,MPL_003
3904,Electrical,E,MPL_004
3905,Engine,A,MPL_005
3906,Parts,B,MPL_006
3907,Accessories,C,MPL_007
3908,Service,D,MPL_008
3909,Electrical,E,MPL_009
3910,Engine,A,MPL_010
3911,Parts,B,MPL_011
3912,Accessories,C,MPL_012
3913,Service,D,MPL_013
3914,Electrical,E,MPL_014
3915,Engine,A,MPL_015
3916,Parts,B,MPL_016
3917,Accessories,C,MPL_017
3918,Service,D,MPL_018
3919,Electrical,E,MPL_019
3920,Engine,A,MPL_020
3921,Parts,B,MPL_021
3922,Accessories,C,MPL_022
3923,Service,D,MPL_023
3924,Electrical,E,MPL_024
3925,Engine,A,MPL_025
3926,Parts,B,MPL_026
3927,Accessories,C,MPL_027
3928,Service,D,MPL_028
3929,Electrical,E,MPL_029
3930,Engine,A,MPL_030
3931,Parts,B,MPL_031
3932,Accessories,C,MPL_032
3933,Service,D,MPL_033
3934,Electrical,E,MPL_034
3935,Engine,A,MPL_035
3936,Parts,B,MPL_036
3937,Accessories,C,MPL_037
3938,Service,D,MPL_038
3939,Electrical,E,MPL_039
3940,Engine,A,MPL_040
3941,Parts,B,MPL_041
3942,Accessories,C,MPL_042
3943,Service,D,MPL_043
3944,Electrical,E,MPL_044
3945,Engine,A,MPL_045
3946,Parts,B,MPL_046
3947,Accessories,C,MPL_047
3948,Service,D,MPL_048
3949,Electrical,E,MPL_049
3950,Engine,A,MPL_050
3951,Parts,B,MPL_051
3952,Accessories,C,MPL_052
3953,Service,D,MPL_053
3954,Electrical,E,MPL_054
3955,Engine,A,MPL_055
3956,Parts,B,MPL_056
3957,Accessories,C,MPL_057
3958,Service,D,MPL_058
3959,Electrical,E,MPL_059
3960,Engine,A,MPL_060
3961,Parts,B,MPL_061
3962,Accessories,C,MPL_062
3963,Service,D,MPL_063
3964,Electrical,E,MPL_064
3965,Engine,A,MPL_065
3966,Parts,B,MPL_066
3967,Accessories,C,MPL_067
3968,Service,D,MPL_068
3969,Electrical,E,MPL_069
3970,Engine,A,MPL_070
3971,Parts,B,MPL_071
3972,Accessories,C,MPL_072
3973,Service,D,MPL_073
3974,Electrical,E,MPL_074
3975,Engine,A,MPL_075
3976,Parts,B,MPL_076
3977,Accessories,C,MPL_077
3978,Service,D,MPL_078
3979,Electrical,E,MPL_079
3980,Engine,A,MPL_080
3981,Parts,B,MPL_081
3982,Accessories,C,MPL_082
3983,Service,D,MPL_083
3984,Electrical,E,MPL_084
3985,Engine,A,MPL_085
3986,Parts,B,MPL_086
3987,Accessories,C,MPL_087
3988,Service,D,MPL_088
3989,Electrical,E,MPL_089
3990,Engine,A,MPL_090
3991,Parts,B,MPL_091
3992,Accessories,C,MPL_092
3993,Service,D,MPL_093
3994,Electrical,E,MPL_094
3995,Engine,A,MPL_095
3996,Parts,B,MPL_096
3997,Accessories,C,MPL_097
3998,Service,D,MPL_098
3999,Electrical,E,MPL_099
4000,Engine,A,MPL_000
4001,Parts,B,MPL_001
4002,Accessories,C,MPL_002
4003,Service,D,MPL_003
4004,Electrical,E,MPL_004
4005,Engine,A,MPL_005
4006,Parts,B,MPL_006
4007,Accessories,C,MPL_007
4008,Service,D,MPL_008
4009,Electrical,E,MPL_009
4010,Engine,A,MPL_010
4011,Parts,B,MPL_011
4012,Accessories,C,MPL_012
4013,Service,D,MPL_013
4014,Electrical,E,MPL_014
4015,Engine,A,MPL_015
4016,Parts,B,MPL_016
4017,Accessories,C,MPL_017
4018,Service,D,MPL_018
4019,Electrical,E,MPL_019
4020,Engine,A,MPL_020
4021,Parts,B,MPL_021
4022,Accessories,C,MPL_022
4023,Service,D,MPL_023
4024,Electrical,E,MPL_024
4025,Engine,A,MPL_025
4026,Parts,B,MPL_026
4027,Accessories,C,MPL_027
4028,Service,D,MPL_028
4029,Electrical,E,MPL_029
4030,Engine,A,MPL_030
4031,Parts,B,MPL_031
4032,Accessories,C,MPL_032
4033,Service,D,MPL_033
4034,Electrical,E,MPL_034
4035,Engine,A,MPL_035
4036,Parts,B,MPL_036
4037,Accessories,C,MPL_037
4038,Service,D,MPL_038
4039,Electrical,E,MPL_039
4040,Engine,A,MPL_040
4041,Parts,B,MPL_041
4042,Accessories,C,MPL_042
4043,Service,D,MPL_043
4044,Electrical,E,MPL_044
4045,Engine,A,MPL_045
4046,Parts,B,MPL_046
4047,Accessories,C,MPL_047
4048,Service,D,MPL_048
4049,Electrical,E,MPL_049
4050,Engine,A,MPL_050
4051,Parts,B,MPL_051
4052,Accessories,C,MPL_052
4053,Service,D,MPL_053
4054,Electrical,E,MPL_054
4055,Engine,A,MPL_055
4056,Parts,B,MPL_056
4057,Accessories,C,MPL_057
4058,Service,D,MPL_058
4059,Electrical,E,MPL_059
4060,Engine,A,MPL_060
4061,Parts,B,MPL_061
4062,Accessories,C,MPL_062
4063,Service,D,MPL_063
4064,Electrical,E,MPL_064
4065,Engine,A,MPL_065
4066,Parts,B,MPL_066
4067,Accessories,C,MPL_067
4068,Service,D,MPL_068
4069,Electrical,E,MPL_069
4070,Engine,A,MPL_070
4071,Parts,B,MPL_071
4072,Accessories,C,MPL_072
4073,Service,D,MPL_073
4074,Electrical,E,MPL_074
4075,Engine,A,MPL_075
4076,Parts,B,MPL_076
4077,Accessories,C,MPL_077
4078,Service,D,MPL_078
4079,Electrical,E,MPL_079
4080,Engine,A,MPL_080
4081,Parts,B,MPL_081
4082,Accessories,C,MPL_082
4083,Service,D,MPL_083
4084,Electrical,E,MPL_084
4085,Engine,A,MPL_085
4086,Parts,B,MPL_086
4087,Accessories,C,MPL_087
4088,Service,D,MPL_088
4089,Electrical,E,MPL_089
4090,Engine,A,MPL_090
4091,Parts,B,MPL_091
4092,Accessories,C,MPL_092
4093,Service,D,MPL_093
4094,Electrical,E,MPL_094
4095,Engine,A,MPL_095
4096,Parts,B,MPL_096
4097,Accessories,C,MPL_097
4098,Service,D,MPL_098
4099,Electrical,E,MPL_099
4100,Engine,A,MPL_000
4101,Parts,B,MPL_001
4102,Accessories,C,MPL_002
4103,Service,D,MPL_003
4104,Electrical,E,MPL_004
4105,Engine,A,MPL_005
4106,Parts,B,MPL_006
4107,Accessories,C,MPL_007
4108,Service,D,MPL_008
4109,Electrical,E,MPL_009
4110,Engine,A,MPL_010
4111,Parts,B,MPL_011
4112,Accessories,C,MPL_012
4113,Service,D,MPL_013
4114,Electrical,E,MPL_014
4115,Engine,A,MPL_015
4116,Parts,B,MPL_016
4117,Accessories,C,MPL_017
4118,Service,D,MPL_018
4119,Electrical,E,MPL_019
4120,Engine,A,MPL_020
4121,Parts,B,MPL_021
4122,Accessories,C,MPL_022
4123,Service,D,MPL_023
4124,Electrical,E,MPL_024
4125,Engine,A,MPL_025
4126,Parts,B,MPL_026
4127,Accessories,C,MPL_027
4128,Service,D,MPL_028
4129,Electrical,E,MPL_029
4130,Engine,A,MPL_030
4131,Parts,B,MPL_031
4132,Accessories,C,MPL_032
4133,Service,D,MPL_033
4134,Electrical,E,MPL_034
4135,Engine,A,MPL_035
4136,Parts,B,MPL_036
4137,Accessories,C,MPL_037
4138,Service,D,MPL_038
4139,Electrical,E,MPL_039
4140,Engine,A,MPL_040
4141,Parts,B,MPL_041
4142,Accessories,C,MPL_042
4143,Service,D,MPL_043
4144,Electrical,E,MPL_044
4145,Engine,A,MPL_045
4146,Parts,B,MPL_046
4147,Accessories,C,MPL_047
4148,Service,D,MPL_048
4149,Electrical,E,MPL_049
4150,Engine,A,MPL_050
4151,Parts,B,MPL_051
4152,Accessories,C,MPL_052
4153,Service,D,MPL_053
4154,Electrical,E,MPL_054
4155,Engine,A,MPL_055
4156,Parts,B,MPL_056
4157,Accessories,C,MPL_057
4158,Service,D,MPL_058
4159,Electrical,E,MPL_059
4160,Engine,A,MPL_060
4161,Parts,B,MPL_061
4162,Accessories,C,MPL_062
4163,Service,D,MPL_063
4164,Electrical,E,MPL_064
4165,Engine,A,MPL_065
4166,Parts,B,MPL_066
4167,Accessories,C,MPL_067
4168,Service,D,MPL_068
4169,Electrical,E,MPL_069
4170,Engine,A,MPL_070
4171,Parts,B,MPL_071
4172,Accessories,C,MPL_072
4173,Service,D,MPL_073
4174,Electrical,E,MPL_074
4175,Engine,A,MPL_075
4176,Parts,B,MPL_076
4177,Accessories,C,MPL_077
4178,Service,D,MPL_078
4179,Electrical,E,MPL_079
4180,Engine,A,MPL_080
4181,Parts,B,MPL_081
4182,Accessories,C,MPL_082
4183,Service,D,MPL_083
4184,Electrical,E,MPL_084
4185,Engine,A,MPL_085
4186,Parts,B,MPL_086
4187,Accessories,C,MPL_087
4188,Service,D,MPL_088
4189,Electrical,E,MPL_089
4190,Engine,A,MPL_090
4191,Parts,B,MPL_091
4192,Accessories,C,MPL_092
4193,Service,D,MPL_093
4194,Electrical,E,MPL_094
4195,Engine,A,MPL_095
4196,Parts,B,MPL_096
4197,Accessories,C,MPL_097
4198,Service,D,MPL_098
4199,Electrical,E,MPL_099
4200,Engine,A,MPL_000
4201,Parts,B,MPL_001
4202,Accessories,C,MPL_002
4203,Service,D,MPL_003
4204,Electrical,E,MPL_004
4205,Engine,A,MPL_005
4206,Parts,B,MPL_006
4207,Accessories,C,MPL_007
4208,Service,D,MPL_008
4209,Electrical,E,MPL_009
4210,Engine,A,MPL_010
4211,Parts,B,MPL_011
4212,Accessories,C,MPL_012
4213,Service,D,MPL_013
4214,Electrical,E,MPL_014
4215,Engine,A,MPL_015
4216,Parts,B,MPL_016
4217,Accessories,C,MPL_017
4218,Service,D,MPL_018
4219,Electrical,E,MPL_019
4220,Engine,A,MPL_020
4221,Parts,B,MPL_021
4222,Accessories,C,MPL_022
4223,Service,D,MPL_023
4224,Electrical,E,MPL_024
4225,Engine,A,MPL_025
4226,Parts,B,MPL_026
4227,Accessories,C,MPL_027
4228,Service,D,MPL_028
4229,Electrical,E,MPL_029
4230,Engine,A,MPL_030
4231,Parts,B,MPL_031
4232,Accessories,C,MPL_032
4233,Service,D,MPL_033
4234,Electrical,E,MPL_034
4235,Engine,A,MPL_035
4236,Parts,B,MPL_036
4237,Accessories,C,MPL_037
4238,Service,D,MPL_038
4239,Electrical,E,MPL_039
4240,Engine,A,MPL_040
4241,Parts,B,MPL_041
4242,Accessories,C,MPL_042
4243,Service,D,MPL_043
4244,Electrical,E,MPL_044
4245,Engine,A,MPL_045
4246,Parts,B,MPL_046
4247,Accessories,C,MPL_047
4248,Service,D,MPL_048
4249,Electrical,E,MPL_049
4250,Engine,A,MPL_050
4251,Parts,B,MPL_051
4252,Accessories,C,MPL_052
4253,Service,D,MPL_053
4254,Electrical,E,MPL_054
4255,Engine,A,MPL_055
4256,Parts,B,MPL_056
4257,Accessories,C,MPL_057
4258,Service,D,MPL_058
4259,Electrical,E,MPL_059
4260,Engine,A,MPL_060
4261,Parts,B,MPL_061
4262,Accessories,C,MPL_062
4263,Service,D,MPL_063
4264,Electrical,E,MPL_064
4265,Engine,A,MPL_065
4266,Parts,B,MPL_066
4267,Accessories,C,MPL_067
4268,Service,D,MPL_068
4269,Electrical,E,MPL_069
4270,Engine,A,MPL_070
4271,Parts,B,MPL_071
4272,Accessories,C,MPL_072
4273,Service,D,MPL_073
4274,Electrical,E,MPL_074
4275,Engine,A,MPL_075
4276,Parts,B,MPL_076
4277,Accessories,C,MPL_077
4278,Service,D,MPL_078
4279,Electrical,E,MPL_079
4280,Engine,A,MPL_080
4281,Parts,B,MPL_081
4282,Accessories,C,MPL_082
4283,Service,D,MPL_083
4284,Electrical,E,MPL_084
4285,Engine,A,MPL_085
4286,Parts,B,MPL_086
4287,Accessories,C,MPL_087
4288,Service,D,MPL_088
4289,Electrical,E,MPL_089
4290,Engine,A,MPL_090
4291,Parts,B,MPL_091
4292,Accessories,C,MPL_092
4293,Service,D,MPL_093
4294,Electrical,E,MPL_094
4295,Engine,A,MPL_095
4296,Parts,B,MPL_096
4297,Accessories,C,MPL_097
4298,Service,D,MPL_098
4299,Electrical,E,MPL_099
4300,Engine,A,MPL_000
4301,Parts,B,MPL_001
4302,Accessories,C,MPL_002
4303,Service,D,MPL_003
4304,Electrical,E,MPL_004
4305,Engine,A,MPL_005
4306,Parts,B,MPL_006
4307,Accessories,C,MPL_007
4308,Service,D,MPL_008
4309,Electrical,E,MPL_009
4310,Engine,A,MPL_010
4311,Parts,B,MPL_011
4312,Accessories,C,MPL_012
4313,Service,D,MPL_013
4314,Electrical,E,MPL_014
4315,Engine,A,MPL_015
4316,Parts,B,MPL_016
4317,Accessories,C,MPL_017
4318,Service,D,MPL_018
4319,Electrical,E,MPL_019
4320,Engine,A,MPL_020
4321,Parts,B,MPL_021
4322,Accessories,C,MPL_022
4323,Service,D,MPL_023
4324,Electrical,E,MPL_024
4325,Engine,A,MPL_025
4326,Parts,B,MPL_026
4327,Accessories,C,MPL_027
4328,Service,D,MPL_028
4329,Electrical,E,MPL_029
4330,Engine,A,MPL_030
4331,Parts,B,MPL_031
4332,Accessories,C,MPL_032
4333,Service,D,MPL_033
4334,Electrical,E,MPL_034
4335,Engine,A,MPL_035
4336,Parts,B,MPL_036
4337,Accessories,C,MPL_037
4338,Service,D,MPL_038
4339,Electrical,E,MPL_039
4340,Engine,A,MPL_040
4341,Parts,B,MPL_041
4342,Accessories,C,MPL_042
4343,Service,D,MPL_043
4344,Electrical,E,MPL_044
4345,Engine,A,MPL_045
4346,Parts,B,MPL_046
4347,Accessories,C,MPL_047
4348,Service,D,MPL_048
4349,Electrical,E,MPL_049
4350,Engine,A,MPL_050
4351,Parts,B,MPL_051
4352,Accessories,C,MPL_052
4353,Service,D,MPL_053
4354,Electrical,E,MPL_054
4355,Engine,A,MPL_055
4356,Parts,B,MPL_056
4357,Accessories,C,MPL_057
4358,Service,D,MPL_058
4359,Electrical,E,MPL_059
4360,Engine,A,MPL_060
4361,Parts,B,MPL_061
4362,Accessories,C,MPL_062
4363,Service,D,MPL_063
4364,Electrical,E,MPL_064
4365,Engine,A,MPL_065
4366,Parts,B,MPL_066
4367,Accessories,C,MPL_067
4368,Service,D,MPL_068
4369,Electrical,E,MPL_069
4370,Engine,A,MPL_070
4371,Parts,B,MPL_071
4372,Accessories,C,MPL_072
4373,Service,D,MPL_073
4374,Electrical,E,MPL_074
4375,Engine,A,MPL_075
4376,Parts,B,MPL_076
4377,Accessories,C,MPL_077
4378,Service,D,MPL_078
4379,Electrical,E,MPL_079
4380,Engine,A,MPL_080
4381,Parts,B,MPL_081
4382,Accessories,C,MPL_082
4383,Service,D,MPL_083
4384,Electrical,E,MPL_084
4385,Engine,A,MPL_085
4386,Parts,B,MPL_086
4387,Accessories,C,MPL_087
4388,Service,D,MPL_088
4389,Electrical,E,MPL_089
4390,Engine,A,MPL_090
4391,Parts,B,MPL_091
4392,Accessories,C,MPL_092
4393,Service,D,MPL_093
4394,Electrical,E,MPL_094
4395,Engine,A,MPL_095
4396,Parts,B,MPL_096
4397,Accessories,C,MPL_097
4398,Service,D,MPL_098
4399,Electrical,E,MPL_099
4400,Engine,A,MPL_000
4401,Parts,B,MPL_001
4402,Accessories,C,MPL_002
4403,Service,D,MPL_003
4404,Electrical,E,MPL_004
4405,Engine,A,MPL_005
4406,Parts,B,MPL_006
4407,Accessories,C,MPL_007
4408,Service,D,MPL_008
4409,Electrical,E,MPL_009
4410,Engine,A,MPL_010
4411,Parts,B,MPL_011
4412,Accessories,C,MPL_012
4413,Service,D,MPL_013
4414,Electrical,E,MPL_014
4415,Engine,A,MPL_015
4416,Parts,B,MPL_016
4417,Accessories,C,MPL_017
4418,Service,D,MPL_018
4419,Electrical,E,MPL_019
4420,Engine,A,MPL_020
4421,Parts,B,MPL_021
4422,Accessories,C,MPL_022
4423,Service,D,MPL_023
4424,Electrical,E,MPL_024
4425,Engine,A,MPL_025
4426,Parts,B,MPL_026
4427,Accessories,C,MPL_027
4428,Service,D,MPL_028
4429,Electrical,E,MPL_029
4430,Engine,A,MPL_030
4431,Parts,B,MPL_031
4432,Accessories,C,MPL_032
4433,Service,D,MPL_033
4434,Electrical,E,MPL_034
4435,Engine,A,MPL_035
4436,Parts,B,MPL_036
4437,Accessories,C,MPL_037
4438,Service,D,MPL_038
4439,Electrical,E,MPL_039
4440,Engine,A,MPL_040
4441,Parts,B,MPL_041
4442,Accessories,C,MPL_042
4443,Service,D,MPL_043
4444,Electrical,E,MPL_044
4445,Engine,A,MPL_045
4446,Parts,B,MPL_046
4447,Accessories,C,MPL_047
4448,Service,D,MPL_048
4449,Electrical,E,MPL_049
4450,Engine,A,MPL_050
4451,Parts,B,MPL_051
4452,Accessories,C,MPL_052
4453,Service,D,MPL_053
4454,Electrical,E,MPL_054
4455,Engine,A,MPL_055
4456,Parts,B,MPL_056
4457,Accessories,C,MPL_057
4458,Service,D,MPL_058
4459,Electrical,E,MPL_059
4460,Engine,A,MPL_060
4461,Parts,B,MPL_061
4462,Accessories,C,MPL_062
4463,Service,D,MPL_063
4464,Electrical,E,MPL_064
4465,Engine,A,MPL_065
4466,Parts,B,MPL_066
4467,Accessories,C,MPL_067
4468,Service,D,MPL_068
4469,Electrical,E,MPL_069
4470,Engine,A,MPL_070
4471,Parts,B,MPL_071
4472,Accessories,C,MPL_072
4473,Service,D,MPL_073
4474,Electrical,E,MPL_074
4475,Engine,A,MPL_075
4476,Parts,B,MPL_076
4477,Accessories,C,MPL_077
4478,Service,D,MPL_078
4479,Electrical,E,MPL_079
4480,Engine,A,MPL_080
4481,Parts,B,MPL_081
4482,Accessories,C,MPL_082
4483,Service,D,MPL_083
4484,Electrical,E,MPL_084
4485,Engine,A,MPL_085
4486,Parts,B,MPL_086
4487,Accessories,C,MPL_087
4488,Service,D,MPL_088
4489,Electrical,E,MPL_089
4490,Engine,A,MPL_090
4491,Parts,B,MPL_091
4492,Accessories,C,MPL_092
4493,Service,D,MPL_093
4494,Electrical,E,MPL_094
4495,Engine,A,MPL_095
4496,Parts,B,MPL_096
4497,Accessories,C,MPL_097
4498,Service,D,MPL_098
4499,Electrical,E,MPL_099
4500,Engine,A,MPL_000
4501,Parts,B,MPL_001
4502,Accessories,C,MPL_002
4503,Service,D,MPL_003
4504,Electrical,E,MPL_004
4505,Engine,A,MPL_005
4506,Parts,B,MPL_006
4507,Accessories,C,MPL_007
4508,Service,D,MPL_008
4509,Electrical,E,MPL_009
4510,Engine,A,MPL_010
4511,Parts,B,MPL_011
4512,Accessories,C,MPL_012
4513,Service,D,MPL_013
4514,Electrical,E,MPL_014
4515,Engine,A,MPL_015
4516,Parts,B,MPL_016
4517,Accessories,C,MPL_017
4518,Service,D,MPL_018
4519,Electrical,E,MPL_019
4520,Engine,A,MPL_020
4521,Parts,B,MPL_021
4522,Accessories,C,MPL_022
4523,Service,D,MPL_023
4524,Electrical,E,MPL_024
4525,Engine,A,MPL_025
4526,Parts,B,MPL_026
4527,Accessories,C,MPL_027
4528,Service,D,MPL_028
4529,Electrical,E,MPL_029
4530,Engine,A,MPL_030
4531,Parts,B,MPL_031
4532,Accessories,C,MPL_032
4533,Service,D,MPL_033
4534,Electrical,E,MPL_034
4535,Engine,A,MPL_035
4536,Parts,B,MPL_036
4537,Accessories,C,MPL_037
4538,Service,D,MPL_038
4539,Electrical,E,MPL_039
4540,Engine,A,MPL_040
4541,Parts,B,MPL_041
4542,Accessories,C,MPL_042
4543,Service,D,MPL_043
4544,Electrical,E,MPL_044
4545,Engine,A,MPL_045
4546,Parts,B,MPL_046
4547,Accessories,C,MPL_047
4548,Service,D,MPL_048
4549,Electrical,E,MPL_049
4550,Engine,A,MPL_050
4551,Parts,B,MPL_051
4552,Accessories,C,MPL_052
4553,Service,D,MPL_053
4554,Electrical,E,MPL_054
4555,Engine,A,MPL_055
4556,Parts,B,MPL_056
4557,Accessories,C,MPL_057
4558,Service,D,MPL_058
4559,Electrical,E,MPL_059
4560,Engine,A,MPL_060
4561,Parts,B,MPL_061
4562,Accessories,C,MPL_062
4563,Service,D,MPL_063
4564,Electrical,E,MPL_064
4565,Engine,A,MPL_065
4566,Parts,B,MPL_066
4567,Accessories,C,MPL_067
4568,Service,D,MPL_068
4569,Electrical,E,MPL_069
4570,Engine,A,MPL_070
4571,Parts,B,MPL_071
4572,Accessories,C,MPL_072
4573,Service,D,MPL_073
4574,Electrical,E,MPL_074
4575,Engine,A,MPL_075
4576,Parts,B,MPL_076
4577,Accessories,C,MPL_077
4578,Service,D,MPL_078
4579,Electrical,E,MPL_079
4580,Engine,A,MPL_080
4581,Parts,B,MPL_081
4582,Accessories,C,MPL_082
4583,Service,D,MPL_083
4584,Electrical,E,MPL_084
4585,Engine,A,MPL_085
4586,Parts,B,MPL_086
4587,Accessories,C,MPL_087
4588,Service,D,MPL_088
4589,Electrical,E,MPL_089
4590,Engine,A,MPL_090
4591,Parts,B,MPL_091
4592,Accessories,C,MPL_092
4593,Service,D,MPL_093
4594,Electrical,E,MPL_094
4595,Engine,A,MPL_095
4596,Parts,B,MPL_096
4597,Accessories,C,MPL_097
4598,Service,D,MPL_098
4599,Electrical,E,MPL_099
4600,Engine,A,MPL_000
4601,Parts,B,MPL_001
4602,Accessories,C,MPL_002
4603,Service,D,MPL_003
4604,Electrical,E,MPL_004
4605,Engine,A,MPL_005
4606,Parts,B,MPL_006
4607,Accessories,C,MPL_007
4608,Service,D,MPL_008
4609,Electrical,E,MPL_009
4610,Engine,A,MPL_010
4611,Parts,B,MPL_011
4612,Accessories,C,MPL_012
4613,Service,D,MPL_013
4614,Electrical,E,MPL_014
4615,Engine,A,MPL_015
4616,Parts,B,MPL_016
4617,Accessories,C,MPL_017
4618,Service,D,MPL_018
4619,Electrical,E,MPL_019
4620,Engine,A,MPL_020
4621,Parts,B,MPL_021
4622,Accessories,C,MPL_022
4623,Service,D,MPL_023
4624,Electrical,E,MPL_024
4625,Engine,A,MPL_025
4626,Parts,B,MPL_026
4627,Accessories,C,MPL_027
4628,Service,D,MPL_028
4629,Electrical,E,MPL_029
4630,Engine,A,MPL_030
4631,Parts,B,MPL_031
4632,Accessories,C,MPL_032
4633,Service,D,MPL_033
4634,Electrical,E,MPL_034
4635,Engine,A,MPL_035
4636,Parts,B,MPL_036
4637,Accessories,C,MPL_037
4638,Service,D,MPL_038
4639,Electrical,E,MPL_039
4640,Engine,A,MPL_040
4641,Parts,B,MPL_041
4642,Accessories,C,MPL_042
4643,Service,D,MPL_043
4644,Electrical,E,MPL_044
4645,Engine,A,MPL_045
4646,Parts,B,MPL_046
4647,Accessories,C,MPL_047
4648,Service,D,MPL_048
4649,Electrical,E,MPL_049
4650,Engine,A,MPL_050
4651,Parts,B,MPL_051
4652,Accessories,C,MPL_052
4653,Service,D,MPL_053
4654,Electrical,E,MPL_054
4655,Engine,A,MPL_055
4656,Parts,B,MPL_056
4657,Accessories,C,MPL_057
4658,Service,D,MPL_058
4659,Electrical,E,MPL_059
4660,Engine,A,MPL_060
4661,Parts,B,MPL_061
4662,Accessories,C,MPL_062
4663,Service,D,MPL_063
4664,Electrical,E,MPL_064
4665,Engine,A,MPL_065
4666,Parts,B,MPL_066
4667,Accessories,C,MPL_067
4668,Service,D,MPL_068
4669,Electrical,E,MPL_069
4670,Engine,A,MPL_070
4671,Parts,B,MPL_071
4672,Accessories,C,MPL_072
4673,Service,D,MPL_073
4674,Electrical,E,MPL_074
4675,Engine,A,MPL_075
4676,Parts,B,MPL_076
4677,Accessories,C,MPL_077
4678,Service,D,MPL_078
4679,Electrical,E,MPL_079
4680,Engine,A,MPL_080
4681,Parts,B,MPL_081
4682,Accessories,C,MPL_082
4683,Service,D,MPL_083
4684,Electrical,E,MPL_084
4685,Engine,A,MPL_085
4686,Parts,B,MPL_086
4687,Accessories,C,MPL_087
4688,Service,D,MPL_088
4689,Electrical,E,MPL_089
4690,Engine,A,MPL_090
4691,Parts,B,MPL_091
4692,Accessories,C,MPL_092
4693,Service,D,MPL_093
4694,Electrical,E,MPL_094
4695,Engine,A,MPL_095
4696,Parts,B,MPL_096
4697,Accessories,C,MPL_097
4698,Service,D,MPL_098
4699,Electrical,E,MPL_099
4700,Engine,A,MPL_000
4701,Parts,B,MPL_001
4702,Accessories,C,MPL_002
4703,Service,D,MPL_003
4704,Electrical,E,MPL_004
4705,Engine,A,MPL_005
4706,Parts,B,MPL_006
4707,Accessories,C,MPL_007
4708,Service,D,MPL_008
4709,Electrical,E,MPL_009
4710,Engine,A,MPL_010
4711,Parts,B,MPL_011
4712,Accessories,C,MPL_012
4713,Service,D,MPL_013
4714,Electrical,E,MPL_014
4715,Engine,A,MPL_015
4716,Parts,B,MPL_016
4717,Accessories,C,MPL_017
4718,Service,D,MPL_018
4719,Electrical,E,MPL_019
4720,Engine,A,MPL_020
4721,Parts,B,MPL_021
4722,Accessories,C,MPL_022
4723,Service,D,MPL_023
4724,Electrical,E,MPL_024
4725,Engine,A,MPL_025
4726,Parts,B,MPL_026
4727,Accessories,C,MPL_027
4728,Service,D,MPL_028
4729,Electrical,E,MPL_029
4730,Engine,A,MPL_030
4731,Parts,B,MPL_031
4732,Accessories,C,MPL_032
4733,Service,D,MPL_033
4734,Electrical,E,MPL_034
4735,Engine,A,MPL_035
4736,Parts,B,MPL_036
4737,Accessories,C,MPL_037
4738,Service,D,MPL_038
4739,Electrical,E,MPL_039
4740,Engine,A,MPL_040
4741,Parts,B,MPL_041
4742,Accessories,C,MPL_042
4743,Service,D,MPL_043
4744,Electrical,E,MPL_044
4745,Engine,A,MPL_045
4746,Parts,B,MPL_046
4747,Accessories,C,MPL_047
4748,Service,D,MPL_048
4749,Electrical,E,MPL_049
4750,Engine,A,MPL_050
4751,Parts,B,MPL_051
4752,Accessories,C,MPL_052
4753,Service,D,MPL_053
4754,Electrical,E,MPL_054
4755,Engine,A,MPL_055
4756,Parts,B,MPL_056
4757,Accessories,C,MPL_057
4758,Service,D,MPL_058
4759,Electrical,E,MPL_059
4760,Engine,A,MPL_060
4761,Parts,B,MPL_061
4762,Accessories,C,MPL_062
4763,Service,D,MPL_063
4764,Electrical,E,MPL_064
4765,Engine,A,MPL_065
4766,Parts,B,MPL_066
4767,Accessories,C,MPL_067
4768,Service,D,MPL_068
4769,Electrical,E,MPL_069
4770,Engine,A,MPL_070
4771,Parts,B,MPL_071
4772,Accessories,C,MPL_072
4773,Service,D,MPL_073
4774,Electrical,E,MPL_074
4775,Engine,A,MPL_075
4776,Parts,B,MPL_076
4777,Accessories,C,MPL_077
4778,Service,D,MPL_078
4779,Electrical,E,MPL_079
4780,Engine,A,MPL_080
4781,Parts,B,MPL_081
4782,Accessories,C,MPL_082
4783,Service,D,MPL_083
4784,Electrical,E,MPL_084
4785,Engine,A,MPL_085
4786,Parts,B,MPL_086
4787,Accessories,C,MPL_087
4788,Service,D,MPL_088
4789,Electrical,E,MPL_089
4790,Engine,A,MPL_090
4791,Parts,B,MPL_091
4792,Accessories,C,MPL_092
4793,Service,D,MPL_093
4794,Electrical,E,MPL_094
4795,Engine,A,MPL_095
4796,Parts,B,MPL_096
4797,Accessories,C,MPL_097
4798,Service,D,MPL_098
4799,Electrical,E,MPL_099
4800,Engine,A,MPL_000
4801,Parts,B,MPL_001
4802,Accessories,C,MPL_002
4803,Service,D,MPL_003
4804,Electrical,E,MPL_004
4805,Engine,A,MPL_005
4806,Parts,B,MPL_006
4807,Accessories,C,MPL_007
4808,Service,D,MPL_008
4809,Electrical,E,MPL_009
4810,Engine,A,MPL_010
4811,Parts,B,MPL_011
4812,Accessories,C,MPL_012
4813,Service,D,MPL_013
4814,Electrical,E,MPL_014
4815,Engine,A,MPL_015
4816,Parts,B,MPL_016
4817,Accessories,C,MPL_017
4818,Service,D,MPL_018
4819,Electrical,E,MPL_019
4820,Engine,A,MPL_020
4821,Parts,B,MPL_021
4822,Accessories,C,MPL_022
4823,Service,D,MPL_023
4824,Electrical,E,MPL_024
4825,Engine,A,MPL_025
4826,Parts,B,MPL_026
4827,Accessories,C,MPL_027
4828,Service,D,MPL_028
4829,Electrical,E,MPL_029
4830,Engine,A,MPL_030
4831,Parts,B,MPL_031
4832,Accessories,C,MPL_032
4833,Service,D,MPL_033
4834,Electrical,E,MPL_034
4835,Engine,A,MPL_035
4836,Parts,B,MPL_036
4837,Accessories,C,MPL_037
4838,Service,D,MPL_038
4839,Electrical,E,MPL_039
4840,Engine,A,MPL_040
4841,Parts,B,MPL_041
4842,Accessories,C,MPL_042
4843,Service,D,MPL_043
4844,Electrical,E,MPL_044
4845,Engine,A,MPL_045
4846,Parts,B,MPL_046
4847,Accessories,C,MPL_047
4848,Service,D,MPL_048
4849,Electrical,E,MPL_049
4850,Engine,A,MPL_050
4851,Parts,B,MPL_051
4852,Accessories,C,MPL_052
4853,Service,D,MPL_053
4854,Electrical,E,MPL_054
4855,Engine,A,MPL_055
4856,Parts,B,MPL_056
4857,Accessories,C,MPL_057
4858,Service,D,MPL_058
4859,Electrical,E,MPL_059
4860,Engine,A,MPL_060
4861,Parts,B,MPL_061
4862,Accessories,C,MPL_062
4863,Service,D,MPL_063
4864,Electrical,E,MPL_064
4865,Engine,A,MPL_065
4866,Parts,B,MPL_066
4867,Accessories,C,MPL_067
4868,Service,D,MPL_068
4869,Electrical,E,MPL_069
4870,Engine,A,MPL_070
4871,Parts,B,MPL_071
4872,Accessories,C,MPL_072
4873,Service,D,MPL_073
4874,Electrical,E,MPL_074
4875,Engine,A,MPL_075
4876,Parts,B,MPL_076
4877,Accessories,C,MPL_077
4878,Service,D,MPL_078
4879,Electrical,E,MPL_079
4880,Engine,A,MPL_080
4881,Parts,B,MPL_081
4882,Accessories,C,MPL_082
4883,Service,D,MPL_083
4884,Electrical,E,MPL_084
4885,Engine,A,MPL_085
4886,Parts,B,MPL_086
4887,Accessories,C,MPL_087
4888,Service,D,MPL_088
4889,Electrical,E,MPL_089
4890,Engine,A,MPL_090
4891,Parts,B,MPL_091
4892,Accessories,C,MPL_092
4893,Service,D,MPL_093
4894,Electrical,E,MPL_094
4895,Engine,A,MPL_095
4896,Parts,B,MPL_096
4897,Accessories,C,MPL_097
4898,Service,D,MPL_098
4899,Electrical,E,MPL_099
4900,Engine,A,MPL_000
4901,Parts,B,MPL_001
4902,Accessories,C,MPL_002
4903,Service,D,MPL_003
4904,Electrical,E,MPL_004
4905,Engine,A,MPL_005
4906,Parts,B,MPL_006
4907,Accessories,C,MPL_007
4908,Service,D,MPL_008
4909,Electrical,E,MPL_009
4910,Engine,A,MPL_010
4911,Parts,B,MPL_011
4912,Accessories,C,MPL_012
4913,Service,D,MPL_013
4914,Electrical,E,MPL_014
4915,Engine,A,MPL_015
4916,Parts,B,MPL_016
4917,Accessories,C,MPL_017
4918,Service,D,MPL_018
4919,Electrical,E,MPL_019
4920,Engine,A,MPL_020
4921,Parts,B,MPL_021
4922,Accessories,C,MPL_022
4923,Service,D,MPL_023
4924,Electrical,E,MPL_024
4925,Engine,A,MPL_025
4926,Parts,B,MPL_026
4927,Accessories,C,MPL_027
4928,Service,D,MPL_028
4929,Electrical,E,MPL_029
4930,Engine,A,MPL_030
4931,Parts,B,MPL_031
4932,Accessories,C,MPL_032
4933,Service,D,MPL_033
4934,Electrical,E,MPL_034
4935,Engine,A,MPL_035
4936,Parts,B,MPL_036
4937,Accessories,C,MPL_037
4938,Service,D,MPL_038
4939,Electrical,E,MPL_039
4940,Engine,A,MPL_040
4941,Parts,B,MPL_041
4942,Accessories,C,MPL_042
4943,Service,D,MPL_043
4944,Electrical,E,MPL_044
4945,Engine,A,MPL_045
4946,Parts,B,MPL_046
4947,Accessories,C,MPL_047
4948,Service,D,MPL_048
4949,Electrical,E,MPL_049
4950,Engine,A,MPL_050
4951,Parts,B,MPL_051
4952,Accessories,C,MPL_052
4953,Service,D,MPL_053
4954,Electrical,E,MPL_054
4955,Engine,A,MPL_055
4956,Parts,B,MPL_056
4957,Accessories,C,MPL_057
4958,Service,D,MPL_058
4959,Electrical,E,MPL_059
4960,Engine,A,MPL_060
4961,Parts,B,MPL_061
4962,Accessories,C,MPL_062
4963,Service,D,MPL_063
4964,Electrical,E,MPL_064
4965,Engine,A,MPL_065
4966,Parts,B,MPL_066
4967,Accessories,C,MPL_067
4968,Service,D,MPL_068
4969,Electrical,E,MPL_069
4970,Engine,A,MPL_070
4971,Parts,B,MPL_071
4972,Accessories,C,MPL_072
4973,Service,D,MPL_073
4974,Electrical,E,MPL_074
4975,Engine,A,MPL_075
4976,Parts,B,MPL_076
4977,Accessories,C,MPL_077
4978,Service,D,MPL_078
4979,Electrical,E,MPL_079
4980,Engine,A,MPL_080
4981,Parts,B,MPL_081
4982,Accessories,C,MPL_082
4983,Service,D,MPL_083
4984,Electrical,E,MPL_084
4985,Engine,A,MPL_085
4986,Parts,B,MPL_086
4987,Accessories,C,MPL_087
4988,Service,D,MPL_088
4989,Electrical,E,MPL_089
4990,Engine,A,MPL_090
4991,Parts,B,MPL_091
4992,Accessories,C,MPL_092
4993,Service,D,MPL_093
4994,Electrical,E,MPL_094
4995,Engine,A,MPL_095
4996,Parts,B,MPL_096
4997,Accessories,C,MPL_097
4998,Service,D,MPL_098
4999,Electrical,E,MPL_099
5000,Engine,A,MPL_000
5001,Parts,B,MPL_001
5002,Accessories,C,MPL_002
5003,Service,D,MPL_003
5004,Electrical,E,MPL_004
5005,Engine,A,MPL_005
5006,Parts,B,MPL_006
5007,Accessories,C,MPL_007
5008,Service,D,MPL_008
5009,Electrical,E,MPL_009
5010,Engine,A,MPL_010
5011,Parts,B,MPL_011
5012,Accessories,C,MPL_012
5013,Service,D,MPL_013
5014,Electrical,E,MPL_014
5015,Engine,A,MPL_015
5016,Parts,B,MPL_016
5017,Accessories,C,MPL_017
5018,Service,D,MPL_018
5019,Electrical,E,MPL_019
5020,Engine,A,MPL_020
5021,Parts,B,MPL_021
5022,Accessories,C,MPL_022
5023,Service,D,MPL_023
5024,Electrical,E,MPL_024
5025,Engine,A,MPL_025
5026,Parts,B,MPL_026
5027,Accessories,C,MPL_027
5028,Service,D,MPL_028
5029,Electrical,E,MPL_029
5030,Engine,A,MPL_030
5031,Parts,B,MPL_031
5032,Accessories,C,MPL_032
5033,Service,D,MPL_033
5034,Electrical,E,MPL_034
5035,Engine,A,MPL_035
5036,Parts,B,MPL_036
5037,Accessories,C,MPL_037
5038,Service,D,MPL_038
5039,Electrical,E,MPL_039
5040,Engine,A,MPL_040
5041,Parts,B,MPL_041
5042,Accessories,C,MPL_042
5043,Service,D,MPL_043
5044,Electrical,E,MPL_044
5045,Engine,A,MPL_045
5046,Parts,B,MPL_046
5047,Accessories,C,MPL_047
5048,Service,D,MPL_048
5049,Electrical,E,MPL_049
5050,Engine,A,MPL_050
5051,Parts,B,MPL_051
5052,Accessories,C,MPL_052
5053,Service,D,MPL_053
5054,Electrical,E,MPL_054
5055,Engine,A,MPL_055
5056,Parts,B,MPL_056
5057,Accessories,C,MPL_057
5058,Service,D,MPL_058
5059,Electrical,E,MPL_059
5060,Engine,A,MPL_060
5061,Parts,B,MPL_061
5062,Accessories,C,MPL_062
5063,Service,D,MPL_063
5064,Electrical,E,MPL_064
5065,Engine,A,MPL_065
5066,Parts,B,MPL_066
5067,Accessories,C,MPL_067
5068,Service,D,MPL_068
5069,Electrical,E,MPL_069
5070,Engine,A,MPL_070
5071,Parts,B,MPL_071
5072,Accessories,C,MPL_072
5073,Service,D,MPL_073
5074,Electrical,E,MPL_074
5075,Engine,A,MPL_075
5076,Parts,B,MPL_076
5077,Accessories,C,MPL_077
5078,Service,D,MPL_078
5079,Electrical,E,MPL_079
5080,Engine,A,MPL_080
5081,Parts,B,MPL_081
5082,Accessories,C,MPL_082
5083,Service,D,MPL_083
5084,Electrical,E,MPL_084
5085,Engine,A,MPL_085
5086,Parts,B,MPL_086
5087,Accessories,C,MPL_087
5088,Service,D,MPL_088
5089,Electrical,E,MPL_089
5090,Engine,A,MPL_090
5091,Parts,B,MPL_091
5092,Accessories,C,MPL_092
5093,Service,D,MPL_093
5094,Electrical,E,MPL_094
5095,Engine,A,MPL_095
5096,Parts,B,MPL_096
5097,Accessories,C,MPL_097
5098,Service,D,MPL_098
5099,Electrical,E,MPL_099
5100,Engine,A,MPL_000
5101,Parts,B,MPL_001
5102,Accessories,C,MPL_002
5103,Service,D,MPL_003
5104,Electrical,E,MPL_004
5105,Engine,A,MPL_005
5106,Parts,B,MPL_006
5107,Accessories,C,MPL_007
5108,Service,D,MPL_008
5109,Electrical,E,MPL_009
5110,Engine,A,MPL_010
5111,Parts,B,MPL_011
5112,Accessories,C,MPL_012
5113,Service,D,MPL_013
5114,Electrical,E,MPL_014
5115,Engine,A,MPL_015
5116,Parts,B,MPL_016
5117,Accessories,C,MPL_017
5118,Service,D,MPL_018
5119,Electrical,E,MPL_019
5120,Engine,A,MPL_020
5121,Parts,B,MPL_021
5122,Accessories,C,MPL_022
5123,Service,D,MPL_023
5124,Electrical,E,MPL_024
5125,Engine,A,MPL_025
5126,Parts,B,MPL_026
5127,Accessories,C,MPL_027
5128,Service,D,MPL_028
5129,Electrical,E,MPL_029
5130,Engine,A,MPL_030
5131,Parts,B,MPL_031
5132,Accessories,C,MPL_032
5133,Service,D,MPL_033
5134,Electrical,E,MPL_034
5135,Engine,A,MPL_035
5136,Parts,B,MPL_036
5137,Accessories,C,MPL_037
5138,Service,D,MPL_038
5139,Electrical,E,MPL_039
5140,Engine,A,MPL_040
5141,Parts,B,MPL_041
5142,Accessories,C,MPL_042
5143,Service,D,MPL_043
5144,Electrical,E,MPL_044
5145,Engine,A,MPL_045
5146,Parts,B,MPL_046
5147,Accessories,C,MPL_047
5148,Service,D,MPL_048
5149,Electrical,E,MPL_049
5150,Engine,A,MPL_050
5151,Parts,B,MPL_051
5152,Accessories,C,MPL_052
5153,Service,D,MPL_053
5154,Electrical,E,MPL_054
5155,Engine,A,MPL_055
5156,Parts,B,MPL_056
5157,Accessories,C,MPL_057
5158,Service,D,MPL_058
5159,Electrical,E,MPL_059
5160,Engine,A,MPL_060
5161,Parts,B,MPL_061
5162,Accessories,C,MPL_062
5163,Service,D,MPL_063
5164,Electrical,E,MPL_064
5165,Engine,A,MPL_065
5166,Parts,B,MPL_066
5167,Accessories,C,MPL_067
5168,Service,D,MPL_068
5169,Electrical,E,MPL_069
5170,Engine,A,MPL_070
5171,Parts,B,MPL_071
5172,Accessories,C,MPL_072
5173,Service,D,MPL_073
5174,Electrical,E,MPL_074
5175,Engine,A,MPL_075
5176,Parts,B,MPL_076
5177,Accessories,C,MPL_077
5178,Service,D,MPL_078
5179,Electrical,E,MPL_079
5180,Engine,A,MPL_080
5181,Parts,B,MPL_081
5182,Accessories,C,MPL_082
5183,Service,D,MPL_083
5184,Electrical,E,MPL_084
5185,Engine,A,MPL_085
5186,Parts,B,MPL_086
5187,Accessories,C,MPL_087
5188,Service,D,MPL_088
5189,Electrical,E,MPL_089
5190,Engine,A,MPL_090
5191,Parts,B,MPL_091
5192,Accessories,C,MPL_092
5193,Service,D,MPL_093
5194,Electrical,E,MPL_094
5195,Engine,A,MPL_095
5196,Parts,B,MPL_096
5197,Accessories,C,MPL_097
5198,Service,D,MPL_098
5199,Electrical,E,MPL_099
5200,Engine,A,MPL_000
5201,Parts,B,MPL_001
5202,Accessories,C,MPL_002
5203,Service,D,MPL_003
5204,Electrical,E,MPL_004
5205,Engine,A,MPL_005
5206,Parts,B,MPL_006
5207,Accessories,C,MPL_007
5208,Service,D,MPL_008
5209,Electrical,E,MPL_009
5210,Engine,A,MPL_010
5211,Parts,B,MPL_011
5212,Accessories,C,MPL_012
5213,Service,D,MPL_013
5214,Electrical,E,MPL_014
5215,Engine,A,MPL_015
5216,Parts,B,MPL_016
5217,Accessories,C,MPL_017
5218,Service,D,MPL_018
5219,Electrical,E,MPL_019
5220,Engine,A,MPL_020
5221,Parts,B,MPL_021
5222,Accessories,C,MPL_022
5223,Service,D,MPL_023
5224,Electrical,E,MPL_024
5225,Engine,A,MPL_025
5226,Parts,B,MPL_026
5227,Accessories,C,MPL_027
5228,Service,D,MPL_028
5229,Electrical,E,MPL_029
5230,Engine,A,MPL_030
5231,Parts,B,MPL_031
5232,Accessories,C,MPL_032
5233,Service,D,MPL_033
5234,Electrical,E,MPL_034
5235,Engine,A,MPL_035
5236,Parts,B,MPL_036
5237,Accessories,C,MPL_037
5238,Service,D,MPL_038
5239,Electrical,E,MPL_039
5240,Engine,A,MPL_040
5241,Parts,B,MPL_041
5242,Accessories,C,MPL_042
5243,Service,D,MPL_043
5244,Electrical,E,MPL_044
5245,Engine,A,MPL_045
5246,Parts,B,MPL_046
5247,Accessories,C,MPL_047
5248,Service,D,MPL_048
5249,Electrical,E,MPL_049
5250,Engine,A,MPL_050
5251,Parts,B,MPL_051
5252,Accessories,C,MPL_052
5253,Service,D,MPL_053
5254,Electrical,E,MPL_054
5255,Engine,A,MPL_055
5256,Parts,B,MPL_056
5257,Accessories,C,MPL_057
5258,Service,D,MPL_058
5259,Electrical,E,MPL_059
5260,Engine,A,MPL_060
5261,Parts,B,MPL_061
5262,Accessories,C,MPL_062
5263,Service,D,MPL_063
5264,Electrical,E,MPL_064
5265,Engine,A,MPL_065
5266,Parts,B,MPL_066
5267,Accessories,C,MPL_067
5268,Service,D,MPL_068
5269,Electrical,E,MPL_069
5270,Engine,A,MPL_070
5271,Parts,B,MPL_071
5272,Accessories,C,MPL_072
5273,Service,D,MPL_073
5274,Electrical,E,MPL_074
5275,Engine,A,MPL_075
5276,Parts,B,MPL_076
5277,Accessories,C,MPL_077
5278,Service,D,MPL_078
5279,Electrical,E,MPL_079
5280,Engine,A,MPL_080
5281,Parts,B,MPL_081
5282,Accessories,C,MPL_082
5283,Service,D,MPL_083
5284,Electrical,E,MPL_084
5285,Engine,A,MPL_085
5286,Parts,B,MPL_086
5287,Accessories,C,MPL_087
5288,Service,D,MPL_088
5289,Electrical,E,MPL_089
5290,Engine,A,MPL_090
5291,Parts,B,MPL_091
5292,Accessories,C,MPL_092
5293,Service,D,MPL_093
5294,Electrical,E,MPL_094
5295,Engine,A,MPL_095
5296,Parts,B,MPL_096
5297,Accessories,C,MPL_097
5298,Service,D,MPL_098
5299,Electrical,E,MPL_099
5300,Engine,A,MPL_000
5301,Parts,B,MPL_001
5302,Accessories,C,MPL_002
5303,Service,D,MPL_003
5304,Electrical,E,MPL_004
5305,Engine,A,MPL_005
5306,Parts,B,MPL_006
5307,Accessories,C,MPL_007
5308,Service,D,MPL_008
5309,Electrical,E,MPL_009
5310,Engine,A,MPL_010
5311,Parts,B,MPL_011
5312,Accessories,C,MPL_012
5313,Service,D,MPL_013
5314,Electrical,E,MPL_014
5315,Engine,A,MPL_015
5316,Parts,B,MPL_016
5317,Accessories,C,MPL_017
5318,Service,D,MPL_018
5319,Electrical,E,MPL_019
5320,Engine,A,MPL_020
5321,Parts,B,MPL_021
5322,Accessories,C,MPL_022
5323,Service,D,MPL_023
5324,Electrical,E,MPL_024
5325,Engine,A,MPL_025
5326,Parts,B,MPL_026
5327,Accessories,C,MPL_027
5328,Service,D,MPL_028
5329,Electrical,E,MPL_029
5330,Engine,A,MPL_030
5331,Parts,B,MPL_031
5332,Accessories,C,MPL_032
5333,Service,D,MPL_033
5334,Electrical,E,MPL_034
5335,Engine,A,MPL_035
5336,Parts,B,MPL_036
5337,Accessories,C,MPL_037
5338,Service,D,MPL_038
5339,Electrical,E,MPL_039
5340,Engine,A,MPL_040
5341,Parts,B,MPL_041
5342,Accessories,C,MPL_042
5343,Service,D,MPL_043
5344,Electrical,E,MPL_044
5345,Engine,A,MPL_045
5346,Parts,B,MPL_046
5347,Accessories,C,MPL_047
5348,Service,D,MPL_048
5349,Electrical,E,MPL_049
5350,Engine,A,MPL_050
5351,Parts,B,MPL_051
5352,Accessories,C,MPL_052
5353,Service,D,MPL_053
5354,Electrical,E,MPL_054
5355,Engine,A,MPL_055
5356,Parts,B,MPL_056
5357,Accessories,C,MPL_057
5358,Service,D,MPL_058
5359,Electrical,E,MPL_059
5360,Engine,A,MPL_060
5361,Parts,B,MPL_061
5362,Accessories,C,MPL_062
5363,Service,D,MPL_063
5364,Electrical,E,MPL_064
5365,Engine,A,MPL_065
5366,Parts,B,MPL_066
5367,Accessories,C,MPL_067
5368,Service,D,MPL_068
5369,Electrical,E,MPL_069
5370,Engine,A,MPL_070
5371,Parts,B,MPL_071
5372,Accessories,C,MPL_072
5373,Service,D,MPL_073
5374,Electrical,E,MPL_074
5375,Engine,A,MPL_075
5376,Parts,B,MPL_076
5377,Accessories,C,MPL_077
5378,Service,D,MPL_078
5379,Electrical,E,MPL_079
5380,Engine,A,MPL_080
5381,Parts,B,MPL_081
5382,Accessories,C,MPL_082
5383,Service,D,MPL_083
5384,Electrical,E,MPL_084
5385,Engine,A,MPL_085
5386,Parts,B,MPL_086
5387,Accessories,C,MPL_087
5388,Service,D,MPL_088
5389,Electrical,E,MPL_089
5390,Engine,A,MPL_090
5391,Parts,B,MPL_091
5392,Accessories,C,MPL_092
5393,Service,D,MPL_093
5394,Electrical,E,MPL_094
5395,Engine,A,MPL_095
5396,Parts,B,MPL_096
5397,Accessories,C,MPL_097
5398,Service,D,MPL_098
5399,Electrical,E,MPL_099
5400,Engine,A,MPL_000
5401,Parts,B,MPL_001
5402,Accessories,C,MPL_002
5403,Service,D,MPL_003
5404,Electrical,E,MPL_004
5405,Engine,A,MPL_005
5406,Parts,B,MPL_006
5407,Accessories,C,MPL_007
5408,Service,D,MPL_008
5409,Electrical,E,MPL_009
5410,Engine,A,MPL_010
5411,Parts,B,MPL_011
5412,Accessories,C,MPL_012
5413,Service,D,MPL_013
5414,Electrical,E,MPL_014
5415,Engine,A,MPL_015
5416,Parts,B,MPL_016
5417,Accessories,C,MPL_017
5418,Service,D,MPL_018
5419,Electrical,E,MPL_019
5420,Engine,A,MPL_020
5421,Parts,B,MPL_021
5422,Accessories,C,MPL_022
5423,Service,D,MPL_023
5424,Electrical,E,MPL_024
5425,Engine,A,MPL_025
5426,Parts,B,MPL_026
5427,Accessories,C,MPL_027
5428,Service,D,MPL_028
5429,Electrical,E,MPL_029
5430,Engine,A,MPL_030
5431,Parts,B,MPL_031
5432,Accessories,C,MPL_032
5433,Service,D,MPL_033
5434,Electrical,E,MPL_034
5435,Engine,A,MPL_035
5436,Parts,B,MPL_036
5437,Accessories,C,MPL_037
5438,Service,D,MPL_038
5439,Electrical,E,MPL_039
5440,Engine,A,MPL_040
5441,Parts,B,MPL_041
5442,Accessories,C,MPL_042
5443,Service,D,MPL_043
5444,Electrical,E,MPL_044
5445,Engine,A,MPL_045
5446,Parts,B,MPL_046
5447,Accessories,C,MPL_047
5448,Service,D,MPL_048
5449,Electrical,E,MPL_049
5450,Engine,A,MPL_050
5451,Parts,B,MPL_051
5452,Accessories,C,MPL_052
5453,Service,D,MPL_053
5454,Electrical,E,MPL_054
5455,Engine,A,MPL_055
5456,Parts,B,MPL_056
5457,Accessories,C,MPL_057
5458,Service,D,MPL_058
5459,Electrical,E,MPL_059
5460,Engine,A,MPL_060
5461,Parts,B,MPL_061
5462,Accessories,C,MPL_062
5463,Service,D,MPL_063
5464,Electrical,E,MPL_064
5465,Engine,A,MPL_065
5466,Parts,B,MPL_066
5467,Accessories,C,MPL_067
5468,Service,D,MPL_068
5469,Electrical,E,MPL_069
5470,Engine,A,MPL_070
5471,Parts,B,MPL_071
5472,Accessories,C,MPL_072
5473,Service,D,MPL_073
5474,Electrical,E,MPL_074
5475,Engine,A,MPL_075
5476,Parts,B,MPL_076
5477,Accessories,C,MPL_077
5478,Service,D,MPL_078
5479,Electrical,E,MPL_079
5480,Engine,A,MPL_080
5481,Parts,B,MPL_081
5482,Accessories,C,MPL_082
5483,Service,D,MPL_083
5484,Electrical,E,MPL_084
5485,Engine,A,MPL_085
5486,Parts,B,MPL_086
5487,Accessories,C,MPL_087
5488,Service,D,MPL_088
5489,Electrical,E,MPL_089
5490,Engine,A,MPL_090
5491,Parts,B,MPL_091
5492,Accessories,C,MPL_092
5493,Service,D,MPL_093
5494,Electrical,E,MPL_094
5495,Engine,A,MPL_095
5496,Parts,B,MPL_096
5497,Accessories,C,MPL_097
5498,Service,D,MPL_098
5499,Electrical,E,MPL_099
5500,Engine,A,MPL_000
5501,Parts,B,MPL_001
5502,Accessories,C,MPL_002
5503,Service,D,MPL_003
5504,Electrical,E,MPL_004
5505,Engine,A,MPL_005
5506,Parts,B,MPL_006
5507,Accessories,C,MPL_007
5508,Service,D,MPL_008
5509,Electrical,E,MPL_009
5510,Engine,A,MPL_010
5511,Parts,B,MPL_011
5512,Accessories,C,MPL_012
5513,Service,D,MPL_013
5514,Electrical,E,MPL_014
5515,Engine,A,MPL_015
5516,Parts,B,MPL_016
5517,Accessories,C,MPL_017
5518,Service,D,MPL_018
5519,Electrical,E,MPL_019
5520,Engine,A,MPL_020
5521,Parts,B,MPL_021
5522,Accessories,C,MPL_022
5523,Service,D,MPL_023
5524,Electrical,E,MPL_024
5525,Engine,A,MPL_025
5526,Parts,B,MPL_026
5527,Accessories,C,MPL_027
5528,Service,D,MPL_028
5529,Electrical,E,MPL_029
5530,Engine,A,MPL_030
5531,Parts,B,MPL_031
5532,Accessories,C,MPL_032
5533,Service,D,MPL_033
5534,Electrical,E,MPL_034
5535,Engine,A,MPL_035
5536,Parts,B,MPL_036
5537,Accessories,C,MPL_037
5538,Service,D,MPL_038
5539,Electrical,E,MPL_039
5540,Engine,A,MPL_040
5541,Parts,B,MPL_041
5542,Accessories,C,MPL_042
5543,Service,D,MPL_043
5544,Electrical,E,MPL_044
5545,Engine,A,MPL_045
5546,Parts,B,MPL_046
5547,Accessories,C,MPL_047
5548,Service,D,MPL_048
5549,Electrical,E,MPL_049
5550,Engine,A,MPL_050
5551,Parts,B,MPL_051
5552,Accessories,C,MPL_052
5553,Service,D,MPL_053
5554,Electrical,E,MPL_054
5555,Engine,A,MPL_055
5556,Parts,B,MPL_056
5557,Accessories,C,MPL_057
5558,Service,D,MPL_058
5559,Electrical,E,MPL_059
5560,Engine,A,MPL_060
5561,Parts,B,MPL_061
5562,Accessories,C,MPL_062
5563,Service,D,MPL_063
5564,Electrical,E,MPL_064
5565,Engine,A,MPL_065
5566,Parts,B,MPL_066
5567,Accessories,C,MPL_067
5568,Service,D,MPL_068
5569,Electrical,E,MPL_069
5570,Engine,A,MPL_070
5571,Parts,B,MPL_071
5572,Accessories,C,MPL_072
5573,Service,D,MPL_073
5574,Electrical,E,MPL_074
5575,Engine,A,MPL_075
5576,Parts,B,MPL_076
5577,Accessories,C,MPL_077
5578,Service,D,MPL_078
5579,Electrical,E,MPL_079
5580,Engine,A,MPL_080
5581,Parts,B,MPL_081
5582,Accessories,C,MPL_082
5583,Service,D,MPL_083
5584,Electrical,E,MPL_084
5585,Engine,A,MPL_085
5586,Parts,B,MPL_086
5587,Accessories,C,MPL_087
5588,Service,D,MPL_088
5589,Electrical,E,MPL_089
5590,Engine,A,MPL_090
5591,Parts,B,MPL_091
5592,Accessories,C,MPL_092
5593,Service,D,MPL_093
5594,Electrical,E,MPL_094
5595,Engine,A,MPL_095
5596,Parts,B,MPL_096
5597,Accessories,C,MPL_097
5598,Service,D,MPL_098
5599,Electrical,E,MPL_099
5600,Engine,A,MPL_000
5601,Parts,B,MPL_001
5602,Accessories,C,MPL_002
5603,Service,D,MPL_003
5604,Electrical,E,MPL_004
5605,Engine,A,MPL_005
5606,Parts,B,MPL_006
5607,Accessories,C,MPL_007
5608,Service,D,MPL_008
5609,Electrical,E,MPL_009
5610,Engine,A,MPL_010
5611,Parts,B,MPL_011
5612,Accessories,C,MPL_012
5613,Service,D,MPL_013
5614,Electrical,E,MPL_014
5615,Engine,A,MPL_015
5616,Parts,B,MPL_016
5617,Accessories,C,MPL_017
5618,Service,D,MPL_018
5619,Electrical,E,MPL_019
5620,Engine,A,MPL_020
5621,Parts,B,MPL_021
5622,Accessories,C,MPL_022
5623,Service,D,MPL_023
5624,Electrical,E,MPL_024
5625,Engine,A,MPL_025
5626,Parts,B,MPL_026
5627,Accessories,C,MPL_027
5628,Service,D,MPL_028
5629,Electrical,E,MPL_029
5630,Engine,A,MPL_030
5631,Parts,B,MPL_031
5632,Accessories,C,MPL_032
5633,Service,D,MPL_033
5634,Electrical,E,MPL_034
5635,Engine,A,MPL_035
5636,Parts,B,MPL_036
5637,Accessories,C,MPL_037
5638,Service,D,MPL_038
5639,Electrical,E,MPL_039
5640,Engine,A,MPL_040
5641,Parts,B,MPL_041
5642,Accessories,C,MPL_042
5643,Service,D,MPL_043
5644,Electrical,E,MPL_044
5645,Engine,A,MPL_045
5646,Parts,B,MPL_046
5647,Accessories,C,MPL_047
5648,Service,D,MPL_048
5649,Electrical,E,MPL_049
5650,Engine,A,MPL_050
5651,Parts,B,MPL_051
5652,Accessories,C,MPL_052
5653,Service,D,MPL_053
5654,Electrical,E,MPL_054
5655,Engine,A,MPL_055
5656,Parts,B,MPL_056
5657,Accessories,C,MPL_057
5658,Service,D,MPL_058
5659,Electrical,E,MPL_059
5660,Engine,A,MPL_060
5661,Parts,B,MPL_061
5662,Accessories,C,MPL_062
5663,Service,D,MPL_063
5664,Electrical,E,MPL_064
5665,Engine,A,MPL_065
5666,Parts,B,MPL_066
5667,Accessories,C,MPL_067
5668,Service,D,MPL_068
5669,Electrical,E,MPL_069
5670,Engine,A,MPL_070
5671,Parts,B,MPL_071
5672,Accessories,C,MPL_072
5673,Service,D,MPL_073
5674,Electrical,E,MPL_074
5675,Engine,A,MPL_075
5676,Parts,B,MPL_076
5677,Accessories,C,MPL_077
5678,Service,D,MPL_078
5679,Electrical,E,MPL_079
5680,Engine,A,MPL_080
5681,Parts,B,MPL_081
5682,Accessories,C,MPL_082
5683,Service,D,MPL_083
5684,Electrical,E,MPL_084
5685,Engine,A,MPL_085
5686,Parts,B,MPL_086
5687,Accessories,C,MPL_087
5688,Service,D,MPL_088
5689,Electrical,E,MPL_089
5690,Engine,A,MPL_090
5691,Parts,B,MPL_091
5692,Accessories,C,MPL_092
5693,Service,D,MPL_093
5694,Electrical,E,MPL_094
5695,Engine,A,MPL_095
5696,Parts,B,MPL_096
5697,Accessories,C,MPL_097
5698,Service,D,MPL_098
5699,Electrical,E,MPL_099
5700,Engine,A,MPL_000
5701,Parts,B,MPL_001
5702,Accessories,C,MPL_002
5703,Service,D,MPL_003
5704,Electrical,E,MPL_004
5705,Engine,A,MPL_005
5706,Parts,B,MPL_006
5707,Accessories,C,MPL_007
5708,Service,D,MPL_008
5709,Electrical,E,MPL_009
5710,Engine,A,MPL_010
5711,Parts,B,MPL_011
5712,Accessories,C,MPL_012
5713,Service,D,MPL_013
5714,Electrical,E,MPL_014
5715,Engine,A,MPL_015
5716,Parts,B,MPL_016
5717,Accessories,C,MPL_017
5718,Service,D,MPL_018
5719,Electrical,E,MPL_019
5720,Engine,A,MPL_020
5721,Parts,B,MPL_021
5722,Accessories,C,MPL_022
5723,Service,D,MPL_023
5724,Electrical,E,MPL_024
5725,Engine,A,MPL_025
5726,Parts,B,MPL_026
5727,Accessories,C,MPL_027
5728,Service,D,MPL_028
5729,Electrical,E,MPL_029
5730,Engine,A,MPL_030
5731,Parts,B,MPL_031
5732,Accessories,C,MPL_032
5733,Service,D,MPL_033
5734,Electrical,E,MPL_034
5735,Engine,A,MPL_035
5736,Parts,B,MPL_036
5737,Accessories,C,MPL_037
5738,Service,D,MPL_038
5739,Electrical,E,MPL_039
5740,Engine,A,MPL_040
5741,Parts,B,MPL_041
5742,Accessories,C,MPL_042
5743,Service,D,MPL_043
5744,Electrical,E,MPL_044
5745,Engine,A,MPL_045
5746,Parts,B,MPL_046
5747,Accessories,C,MPL_047
5748,Service,D,MPL_048
5749,Electrical,E,MPL_049
5750,Engine,A,MPL_050
5751,Parts,B,MPL_051
5752,Accessories,C,MPL_052
5753,Service,D,MPL_053
5754,Electrical,E,MPL_054
5755,Engine,A,MPL_055
5756,Parts,B,MPL_056
5757,Accessories,C,MPL_057
5758,Service,D,MPL_058
5759,Electrical,E,MPL_059
5760,Engine,A,MPL_060
5761,Parts,B,MPL_061
5762,Accessories,C,MPL_062
5763,Service,D,MPL_063
5764,Electrical,E,MPL_064
5765,Engine,A,MPL_065
5766,Parts,B,MPL_066
5767,Accessories,C,MPL_067
5768,Service,D,MPL_068
5769,Electrical,E,MPL_069
5770,Engine,A,MPL_070
5771,Parts,B,MPL_071
5772,Accessories,C,MPL_072
5773,Service,D,MPL_073
5774,Electrical,E,MPL_074
5775,Engine,A,MPL_075
5776,Parts,B,MPL_076
5777,Accessories,C,MPL_077
5778,Service,D,MPL_078
5779,Electrical,E,MPL_079
5780,Engine,A,MPL_080
5781,Parts,B,MPL_081
5782,Accessories,C,MPL_082
5783,Service,D,MPL_083
5784,Electrical,E,MPL_084
5785,Engine,A,MPL_085
5786,Parts,B,MPL_086
5787,Accessories,C,MPL_087
5788,Service,D,MPL_088
5789,Electrical,E,MPL_089
5790,Engine,A,MPL_090
5791,Parts,B,MPL_091
5792,Accessories,C,MPL_092
5793,Service,D,MPL_093
5794,Electrical,E,MPL_094
5795,Engine,A,MPL_095
5796,Parts,B,MPL_096
5797,Accessories,C,MPL_097
5798,Service,D,MPL_098
5799,Electrical,E,MPL_099
5800,Engine,A,MPL_000
5801,Parts,B,MPL_001
5802,Accessories,C,MPL_002
5803,Service,D,MPL_003
5804,Electrical,E,MPL_004
5805,Engine,A,MPL_005
5806,Parts,B,MPL_006
5807,Accessories,C,MPL_007
5808,Service,D,MPL_008
5809,Electrical,E,MPL_009
5810,Engine,A,MPL_010
5811,Parts,B,MPL_011
5812,Accessories,C,MPL_012
5813,Service,D,MPL_013
5814,Electrical,E,MPL_014
5815,Engine,A,MPL_015
5816,Parts,B,MPL_016
5817,Accessories,C,MPL_017
5818,Service,D,MPL_018
5819,Electrical,E,MPL_019
5820,Engine,A,MPL_020
5821,Parts,B,MPL_021
5822,Accessories,C,MPL_022
5823,Service,D,MPL_023
5824,Electrical,E,MPL_024
5825,Engine,A,MPL_025
5826,Parts,B,MPL_026
5827,Accessories,C,MPL_027
5828,Service,D,MPL_028
5829,Electrical,E,MPL_029
5830,Engine,A,MPL_030
5831,Parts,B,MPL_031
5832,Accessories,C,MPL_032
5833,Service,D,MPL_033
5834,Electrical,E,MPL_034
5835,Engine,A,MPL_035
5836,Parts,B,MPL_036
5837,Accessories,C,MPL_037
5838,Service,D,MPL_038
5839,Electrical,E,MPL_039
5840,Engine,A,MPL_040
5841,Parts,B,MPL_041
5842,Accessories,C,MPL_042
5843,Service,D,MPL_043
5844,Electrical,E,MPL_044
5845,Engine,A,MPL_045
5846,Parts,B,MPL_046
5847,Accessories,C,MPL_047
5848,Service,D,MPL_048
5849,Electrical,E,MPL_049
5850,Engine,A,MPL_050
5851,Parts,B,MPL_051
5852,Accessories,C,MPL_052
5853,Service,D,MPL_053
5854,Electrical,E,MPL_054
5855,Engine,A,MPL_055
5856,Parts,B,MPL_056
5857,Accessories,C,MPL_057
5858,Service,D,MPL_058
5859,Electrical,E,MPL_059
5860,Engine,A,MPL_060
5861,Parts,B,MPL_061
5862,Accessories,C,MPL_062
5863,Service,D,MPL_063
5864,Electrical,E,MPL_064
5865,Engine,A,MPL_065
5866,Parts,B,MPL_066
5867,Accessories,C,MPL_067
5868,Service,D,MPL_068
5869,Electrical,E,MPL_069
5870,Engine,A,MPL_070
5871,Parts,B,MPL_071
5872,Accessories,C,MPL_072
5873,Service,D,MPL_073
5874,Electrical,E,MPL_074
5875,Engine,A,MPL_075
5876,Parts,B,MPL_076
5877,Accessories,C,MPL_077
5878,Service,D,MPL_078
5879,Electrical,E,MPL_079
5880,Engine,A,MPL_080
5881,Parts,B,MPL_081
5882,Accessories,C,MPL_082
5883,Service,D,MPL_083
5884,Electrical,E,MPL_084
5885,Engine,A,MPL_085
5886,Parts,B,MPL_086
5887,Accessories,C,MPL_087
5888,Service,D,MPL_088
5889,Electrical,E,MPL_089
5890,Engine,A,MPL_090
5891,Parts,B,MPL_091
5892,Accessories,C,MPL_092
5893,Service,D,MPL_093
5894,Electrical,E,MPL_094
5895,Engine,A,MPL_095
5896,Parts,B,MPL_096
5897,Accessories,C,MPL_097
5898,Service,D,MPL_098
5899,Electrical,E,MPL_099
5900,Engine,A,MPL_000
5901,Parts,B,MPL_001
5902,Accessories,C,MPL_002
5903,Service,D,MPL_003
5904,Electrical,E,MPL_004
5905,Engine,A,MPL_005
5906,Parts,B,MPL_006
5907,Accessories,C,MPL_007
5908,Service,D,MPL_008
5909,Electrical,E,MPL_009
5910,Engine,A,MPL_010
5911,Parts,B,MPL_011
5912,Accessories,C,MPL_012
5913,Service,D,MPL_013
5914,Electrical,E,MPL_014
5915,Engine,A,MPL_015
5916,Parts,B,MPL_016
5917,Accessories,C,MPL_017
5918,Service,D,MPL_018
5919,Electrical,E,MPL_019
5920,Engine,A,MPL_020
5921,Parts,B,MPL_021
5922,Accessories,C,MPL_022
5923,Service,D,MPL_023
5924,Electrical,E,MPL_024
5925,Engine,A,MPL_025
5926,Parts,B,MPL_026
5927,Accessories,C,MPL_027
5928,Service,D,MPL_028
5929,Electrical,E,MPL_029
5930,Engine,A,MPL_030
5931,Parts,B,MPL_031
5932,Accessories,C,MPL_032
5933,Service,D,MPL_033
5934,Electrical,E,MPL_034
5935,Engine,A,MPL_035
5936,Parts,B,MPL_036
5937,Accessories,C,MPL_037
5938,Service,D,MPL_038
5939,Electrical,E,MPL_039
5940,Engine,A,MPL_040
5941,Parts,B,MPL_041
5942,Accessories,C,MPL_042
5943,Service,D,MPL_043
5944,Electrical,E,MPL_044
5945,Engine,A,MPL_045
5946,Parts,B,MPL_046
5947,Accessories,C,MPL_047
5948,Service,D,MPL_048
5949,Electrical,E,MPL_049
5950,Engine,A,MPL_050
5951,Parts,B,MPL_051
5952,Accessories,C,MPL_052
5953,Service,D,MPL_053
5954,Electrical,E,MPL_054
5955,Engine,A,MPL_055
5956,Parts,B,MPL_056
5957,Accessories,C,MPL_057
5958,Service,D,MPL_058
5959,Electrical,E,MPL_059
5960,Engine,A,MPL_060
5961,Parts,B,MPL_061
5962,Accessories,C,MPL_062
5963,Service,D,MPL_063
5964,Electrical,E,MPL_064
5965,Engine,A,MPL_065
5966,Parts,B,MPL_066
5967,Accessories,C,MPL_067
5968,Service,D,MPL_068
5969,Electrical,E,MPL_069
5970,Engine,A,MPL_070
5971,Parts,B,MPL_071
5972,Accessories,C,MPL_072
5973,Service,D,MPL_073
5974,Electrical,E,MPL_074
5975,Engine,A,MPL_075
5976,Parts,B,MPL_076
5977,Accessories,C,MPL_077
5978,Service,D,MPL_078
5979,Electrical,E,MPL_079
5980,Engine,A,MPL_080
5981,Parts,B,MPL_081
5982,Accessories,C,MPL_082
5983,Service,D,MPL_083
5984,Electrical,E,MPL_084
5985,Engine,A,MPL_085
5986,Parts,B,MPL_086
5987,Accessories,C,MPL_087
5988,Service,D,MPL_088
5989,Electrical,E,MPL_089
5990,Engine,A,MPL_090
5991,Parts,B,MPL_091
5992,Accessories,C,MPL_092
5993,Service,D,MPL_093
5994,Electrical,E,MPL_094
5995,Engine,A,MPL_095
5996,Parts,B,MPL_096
5997,Accessories,C,MPL_097
5998,Service,D,MPL_098
5999,Electrical,E,MPL_099
6000,Engine,A,MPL_000
6001,Parts,B,MPL_001
6002,Accessories,C,MPL_002
6003,Service,D,MPL_003
6004,Electrical,E,MPL_004
6005,Engine,A,MPL_005
6006,Parts,B,MPL_006
6007,Accessories,C,MPL_007
6008,Service,D,MPL_008
6009,Electrical,E,MPL_009
6010,Engine,A,MPL_010
6011,Parts,B,MPL_011
6012,Accessories,C,MPL_012
6013,Service,D,MPL_013
6014,Electrical,E,MPL_014
6015,Engine,A,MPL_015
6016,Parts,B,MPL_016
6017,Accessories,C,MPL_017
6018,Service,D,MPL_018
6019,Electrical,E,MPL_019
6020,Engine,A,MPL_020
6021,Parts,B,MPL_021
6022,Accessories,C,MPL_022
6023,Service,D,MPL_023
6024,Electrical,E,MPL_024
6025,Engine,A,MPL_025
6026,Parts,B,MPL_026
6027,Accessories,C,MPL_027
6028,Service,D,MPL_028
6029,Electrical,E,MPL_029
6030,Engine,A,MPL_030
6031,Parts,B,MPL_031
6032,Accessories,C,MPL_032
6033,Service,D,MPL_033
6034,Electrical,E,MPL_034
6035,Engine,A,MPL_035
6036,Parts,B,MPL_036
6037,Accessories,C,MPL_037
6038,Service,D,MPL_038
6039,Electrical,E,MPL_039
6040,Engine,A,MPL_040
6041,Parts,B,MPL_041
6042,Accessories,C,MPL_042
6043,Service,D,MPL_043
6044,Electrical,E,MPL_044
6045,Engine,A,MPL_045
6046,Parts,B,MPL_046
6047,Accessories,C,MPL_047
6048,Service,D,MPL_048
6049,Electrical,E,MPL_049
6050,Engine,A,MPL_050
6051,Parts,B,MPL_051
6052,Accessories,C,MPL_052
6053,Service,D,MPL_053
6054,Electrical,E,MPL_054
6055,Engine,A,MPL_055
6056,Parts,B,MPL_056
6057,Accessories,C,MPL_057
6058,Service,D,MPL_058
6059,Electrical,E,MPL_059
6060,Engine,A,MPL_060
6061,Parts,B,MPL_061
6062,Accessories,C,MPL_062
6063,Service,D,MPL_063
6064,Electrical,E,MPL_064
6065,Engine,A,MPL_065
6066,Parts,B,MPL_066
6067,Accessories,C,MPL_067
6068,Service,D,MPL_068
6069,Electrical,E,MPL_069
6070,Engine,A,MPL_070
6071,Parts,B,MPL_071
6072,Accessories,C,MPL_072
6073,Service,D,MPL_073
6074,Electrical,E,MPL_074
6075,Engine,A,MPL_075
6076,Parts,B,MPL_076
6077,Accessories,C,MPL_077
6078,Service,D,MPL_078
6079,Electrical,E,MPL_079
6080,Engine,A,MPL_080
6081,Parts,B,MPL_081
6082,Accessories,C,MPL_082
6083,Service,D,MPL_083
6084,Electrical,E,MPL_084
6085,Engine,A,MPL_085
6086,Parts,B,MPL_086
6087,Accessories,C,MPL_087
6088,Service,D,MPL_088
6089,Electrical,E,MPL_089
6090,Engine,A,MPL_090
6091,Parts,B,MPL_091
6092,Accessories,C,MPL_092
6093,Service,D,MPL_093
6094,Electrical,E,MPL_094
6095,Engine,A,MPL_095
6096,Parts,B,MPL_096
6097,Accessories,C,MPL_097
6098,Service,D,MPL_098
6099,Electrical,E,MPL_099
6100,Engine,A,MPL_000
6101,Parts,B,MPL_001
6102,Accessories,C,MPL_002
6103,Service,D,MPL_003
6104,Electrical,E,MPL_004
6105,Engine,A,MPL_005
6106,Parts,B,MPL_006
6107,Accessories,C,MPL_007
6108,Service,D,MPL_008
6109,Electrical,E,MPL_009
6110,Engine,A,MPL_010
6111,Parts,B,MPL_011
6112,Accessories,C,MPL_012
6113,Service,D,MPL_013
6114,Electrical,E,MPL_014
6115,Engine,A,MPL_015
6116,Parts,B,MPL_016
6117,Accessories,C,MPL_017
6118,Service,D,MPL_018
6119,Electrical,E,MPL_019
6120,Engine,A,MPL_020
6121,Parts,B,MPL_021
6122,Accessories,C,MPL_022
6123,Service,D,MPL_023
6124,Electrical,E,MPL_024
6125,Engine,A,MPL_025
6126,Parts,B,MPL_026
6127,Accessories,C,MPL_027
6128,Service,D,MPL_028
6129,Electrical,E,MPL_029
6130,Engine,A,MPL_030
6131,Parts,B,MPL_031
6132,Accessories,C,MPL_032
6133,Service,D,MPL_033
6134,Electrical,E,MPL_034
6135,Engine,A,MPL_035
6136,Parts,B,MPL_036
6137,Accessories,C,MPL_037
6138,Service,D,MPL_038
6139,Electrical,E,MPL_039
6140,Engine,A,MPL_040
6141,Parts,B,MPL_041
6142,Accessories,C,MPL_042
6143,Service,D,MPL_043
6144,Electrical,E,MPL_044
6145,Engine,A,MPL_045
6146,Parts,B,MPL_046
6147,Accessories,C,MPL_047
6148,Service,D,MPL_048
6149,Electrical,E,MPL_049
6150,Engine,A,MPL_050
6151,Parts,B,MPL_051
6152,Accessories,C,MPL_052
6153,Service,D,MPL_053
6154,Electrical,E,MPL_054
6155,Engine,A,MPL_055
6156,Parts,B,MPL_056
6157,Accessories,C,MPL_057
6158,Service,D,MPL_058
6159,Electrical,E,MPL_059
6160,Engine,A,MPL_060
6161,Parts,B,MPL_061
6162,Accessories,C,MPL_062
6163,Service,D,MPL_063
6164,Electrical,E,MPL_064
6165,Engine,A,MPL_065
6166,Parts,B,MPL_066
6167,Accessories,C,MPL_067
6168,Service,D,MPL_068
6169,Electrical,E,MPL_069
6170,Engine,A,MPL_070
6171,Parts,B,MPL_071
6172,Accessories,C,MPL_072
6173,Service,D,MPL_073
6174,Electrical,E,MPL_074
6175,Engine,A,MPL_075
6176,Parts,B,MPL_076
6177,Accessories,C,MPL_077
6178,Service,D,MPL_078
6179,Electrical,E,MPL_079
6180,Engine,A,MPL_080
6181,Parts,B,MPL_081
6182,Accessories,C,MPL_082
6183,Service,D,MPL_083
6184,Electrical,E,MPL_084
6185,Engine,A,MPL_085
6186,Parts,B,MPL_086
6187,Accessories,C,MPL_087
6188,Service,D,MPL_088
6189,Electrical,E,MPL_089
6190,Engine,A,MPL_090
6191,Parts,B,MPL_091
6192,Accessories,C,MPL_092
6193,Service,D,MPL_093
6194,Electrical,E,MPL_094
6195,Engine,A,MPL_095
6196,Parts,B,MPL_096
6197,Accessories,C,MPL_097
6198,Service,D,MPL_098
6199,Electrical,E,MPL_099
6200,Engine,A,MPL_000
6201,Parts,B,MPL_001
6202,Accessories,C,MPL_002
6203,Service,D,MPL_003
6204,Electrical,E,MPL_004
6205,Engine,A,MPL_005
6206,Parts,B,MPL_006
6207,Accessories,C,MPL_007
6208,Service,D,MPL_008
6209,Electrical,E,MPL_009
6210,Engine,A,MPL_010
6211,Parts,B,MPL_011
6212,Accessories,C,MPL_012
6213,Service,D,MPL_013
6214,Electrical,E,MPL_014
6215,Engine,A,MPL_015
6216,Parts,B,MPL_016
6217,Accessories,C,MPL_017
6218,Service,D,MPL_018
6219,Electrical,E,MPL_019
6220,Engine,A,MPL_020
6221,Parts,B,MPL_021
6222,Accessories,C,MPL_022
6223,Service,D,MPL_023
6224,Electrical,E,MPL_024
6225,Engine,A,MPL_025
6226,Parts,B,MPL_026
6227,Accessories,C,MPL_027
6228,Service,D,MPL_028
6229,Electrical,E,MPL_029
6230,Engine,A,MPL_030
6231,Parts,B,MPL_031
6232,Accessories,C,MPL_032
6233,Service,D,MPL_033
6234,Electrical,E,MPL_034
6235,Engine,A,MPL_035
6236,Parts,B,MPL_036
6237,Accessories,C,MPL_037
6238,Service,D,MPL_038
6239,Electrical,E,MPL_039
6240,Engine,A,MPL_040
6241,Parts,B,MPL_041
6242,Accessories,C,MPL_042
6243,Service,D,MPL_043
6244,Electrical,E,MPL_044
6245,Engine,A,MPL_045
6246,Parts,B,MPL_046
6247,Accessories,C,MPL_047
6248,Service,D,MPL_048
6249,Electrical,E,MPL_049
6250,Engine,A,MPL_050
6251,Parts,B,MPL_051
6252,Accessories,C,MPL_052
6253,Service,D,MPL_053
6254,Electrical,E,MPL_054
6255,Engine,A,MPL_055
6256,Parts,B,MPL_056
6257,Accessories,C,MPL_057
6258,Service,D,MPL_058
6259,Electrical,E,MPL_059
6260,Engine,A,MPL_060
6261,Parts,B,MPL_061
6262,Accessories,C,MPL_062
6263,Service,D,MPL_063
6264,Electrical,E,MPL_064
6265,Engine,A,MPL_065
6266,Parts,B,MPL_066
6267,Accessories,C,MPL_067
6268,Service,D,MPL_068
6269,Electrical,E,MPL_069
6270,Engine,A,MPL_070
6271,Parts,B,MPL_071
6272,Accessories,C,MPL_072
6273,Service,D,MPL_073
6274,Electrical,E,MPL_074
6275,Engine,A,MPL_075
6276,Parts,B,MPL_076
6277,Accessories,C,MPL_077
6278,Service,D,MPL_078
6279,Electrical,E,MPL_079
6280,Engine,A,MPL_080
6281,Parts,B,MPL_081
6282,Accessories,C,MPL_082
6283,Service,D,MPL_083
6284,Electrical,E,MPL_084
6285,Engine,A,MPL_085
6286,Parts,B,MPL_086
6287,Accessories,C,MPL_087
6288,Service,D,MPL_088
6289,Electrical,E,MPL_089
6290,Engine,A,MPL_090
6291,Parts,B,MPL_091
6292,Accessories,C,MPL_092
6293,Service,D,MPL_093
6294,Electrical,E,MPL_094
6295,Engine,A,MPL_095
6296,Parts,B,MPL_096
6297,Accessories,C,MPL_097
6298,Service,D,MPL_098
6299,Electrical,E,MPL_099
6300,Engine,A,MPL_000
6301,Parts,B,MPL_001
6302,Accessories,C,MPL_002
6303,Service,D,MPL_003
6304,Electrical,E,MPL_004
6305,Engine,A,MPL_005
6306,Parts,B,MPL_006
6307,Accessories,C,MPL_007
6308,Service,D,MPL_008
6309,Electrical,E,MPL_009
6310,Engine,A,MPL_010
6311,Parts,B,MPL_011
6312,Accessories,C,MPL_012
6313,Service,D,MPL_013
6314,Electrical,E,MPL_014
6315,Engine,A,MPL_015
6316,Parts,B,MPL_016
6317,Accessories,C,MPL_017
6318,Service,D,MPL_018
6319,Electrical,E,MPL_019
6320,Engine,A,MPL_020
6321,Parts,B,MPL_021
6322,Accessories,C,MPL_022
6323,Service,D,MPL_023
6324,Electrical,E,MPL_024
6325,Engine,A,MPL_025
6326,Parts,B,MPL_026
6327,Accessories,C,MPL_027
6328,Service,D,MPL_028
6329,Electrical,E,MPL_029
6330,Engine,A,MPL_030
6331,Parts,B,MPL_031
6332,Accessories,C,MPL_032
6333,Service,D,MPL_033
6334,Electrical,E,MPL_034
6335,Engine,A,MPL_035
6336,Parts,B,MPL_036
6337,Accessories,C,MPL_037
6338,Service,D,MPL_038
6339,Electrical,E,MPL_039
6340,Engine,A,MPL_040
6341,Parts,B,MPL_041
6342,Accessories,C,MPL_042
6343,Service,D,MPL_043
6344,Electrical,E,MPL_044
6345,Engine,A,MPL_045
6346,Parts,B,MPL_046
6347,Accessories,C,MPL_047
6348,Service,D,MPL_048
6349,Electrical,E,MPL_049
6350,Engine,A,MPL_050
6351,Parts,B,MPL_051
6352,Accessories,C,MPL_052
6353,Service,D,MPL_053
6354,Electrical,E,MPL_054
6355,Engine,A,MPL_055
6356,Parts,B,MPL_056
6357,Accessories,C,MPL_057
6358,Service,D,MPL_058
6359,Electrical,E,MPL_059
6360,Engine,A,MPL_060
6361,Parts,B,MPL_061
6362,Accessories,C,MPL_062
6363,Service,D,MPL_063
6364,Electrical,E,MPL_064
6365,Engine,A,MPL_065
6366,Parts,B,MPL_066
6367,Accessories,C,MPL_067
6368,Service,D,MPL_068
6369,Electrical,E,MPL_069
6370,Engine,A,MPL_070
6371,Parts,B,MPL_071
6372,Accessories,C,MPL_072
6373,Service,D,MPL_073
6374,Electrical,E,MPL_074
6375,Engine,A,MPL_075
6376,Parts,B,MPL_076
6377,Accessories,C,MPL_077
6378,Service,D,MPL_078
6379,Electrical,E,MPL_079
6380,Engine,A,MPL_080
6381,Parts,B,MPL_081
6382,Accessories,C,MPL_082
6383,Service,D,MPL_083
6384,Electrical,E,MPL_084
6385,Engine,A,MPL_085
6386,Parts,B,MPL_086
6387,Accessories,C,MPL_087
6388,Service,D,MPL_088
6389,Electrical,E,MPL_089
6390,Engine,A,MPL_090
6391,Parts,B,MPL_091
6392,Accessories,C,MPL_092
6393,Service,D,MPL_093
6394,Electrical,E,MPL_094
6395,Engine,A,MPL_095
6396,Parts,B,MPL_096
6397,Accessories,C,MPL_097
6398,Service,D,MPL_098
6399,Electrical,E,MPL_099
6400,Engine,A,MPL_000
6401,Parts,B,MPL_001
6402,Accessories,C,MPL_002
6403,Service,D,MPL_003
6404,Electrical,E,MPL_004
6405,Engine,A,MPL_005
6406,Parts,B,MPL_006
6407,Accessories,C,MPL_007
6408,Service,D,MPL_008
6409,Electrical,E,MPL_009
6410,Engine,A,MPL_010
6411,Parts,B,MPL_011
6412,Accessories,C,MPL_012
6413,Service,D,MPL_013
6414,Electrical,E,MPL_014
6415,Engine,A,MPL_015
6416,Parts,B,MPL_016
6417,Accessories,C,MPL_017
6418,Service,D,MPL_018
6419,Electrical,E,MPL_019
6420,Engine,A,MPL_020
6421,Parts,B,MPL_021
6422,Accessories,C,MPL_022
6423,Service,D,MPL_023
6424,Electrical,E,MPL_024
6425,Engine,A,MPL_025
6426,Parts,B,MPL_026
6427,Accessories,C,MPL_027
6428,Service,D,MPL_028
6429,Electrical,E,MPL_029
6430,Engine,A,MPL_030
6431,Parts,B,MPL_031
6432,Accessories,C,MPL_032
6433,Service,D,MPL_033
6434,Electrical,E,MPL_034
6435,Engine,A,MPL_035
6436,Parts,B,MPL_036
6437,Accessories,C,MPL_037
6438,Service,D,MPL_038
6439,Electrical,E,MPL_039
6440,Engine,A,MPL_040
6441,Parts,B,MPL_041
6442,Accessories,C,MPL_042
6443,Service,D,MPL_043
6444,Electrical,E,MPL_044
6445,Engine,A,MPL_045
6446,Parts,B,MPL_046
6447,Accessories,C,MPL_047
6448,Service,D,MPL_048
6449,Electrical,E,MPL_049
6450,Engine,A,MPL_050
6451,Parts,B,MPL_051
6452,Accessories,C,MPL_052
6453,Service,D,MPL_053
6454,Electrical,E,MPL_054
6455,Engine,A,MPL_055
6456,Parts,B,MPL_056
6457,Accessories,C,MPL_057
6458,Service,D,MPL_058
6459,Electrical,E,MPL_059
6460,Engine,A,MPL_060
6461,Parts,B,MPL_061
6462,Accessories,C,MPL_062
6463,Service,D,MPL_063
6464,Electrical,E,MPL_064
6465,Engine,A,MPL_065
6466,Parts,B,MPL_066
6467,Accessories,C,MPL_067
6468,Service,D,MPL_068
6469,Electrical,E,MPL_069
6470,Engine,A,MPL_070
6471,Parts,B,MPL_071
6472,Accessories,C,MPL_072
6473,Service,D,MPL_073
6474,Electrical,E,MPL_074
6475,Engine,A,MPL_075
6476,Parts,B,MPL_076
6477,Accessories,C,MPL_077
6478,Service,D,MPL_078
6479,Electrical,E,MPL_079
6480,Engine,A,MPL_080
6481,Parts,B,MPL_081
6482,Accessories,C,MPL_082
6483,Service,D,MPL_083
6484,Electrical,E,MPL_084
6485,Engine,A,MPL_085
6486,Parts,B,MPL_086
6487,Accessories,C,MPL_087
6488,Service,D,MPL_088
6489,Electrical,E,MPL_089
6490,Engine,A,MPL_090
6491,Parts,B,MPL_091
6492,Accessories,C,MPL_092
6493,Service,D,MPL_093
6494,Electrical,E,MPL_094
6495,Engine,A,MPL_095
6496,Parts,B,MPL_096
6497,Accessories,C,MPL_097
6498,Service,D,MPL_098
6499,Electrical,E,MPL_099
6500,Engine,A,MPL_000
6501,Parts,B,MPL_001
6502,Accessories,C,MPL_002
6503,Service,D,MPL_003
6504,Electrical,E,MPL_004
6505,Engine,A,MPL_005
6506,Parts,B,MPL_006
6507,Accessories,C,MPL_007
6508,Service,D,MPL_008
6509,Electrical,E,MPL_009
6510,Engine,A,MPL_010
6511,Parts,B,MPL_011
6512,Accessories,C,MPL_012
6513,Service,D,MPL_013
6514,Electrical,E,MPL_014
6515,Engine,A,MPL_015
6516,Parts,B,MPL_016
6517,Accessories,C,MPL_017
6518,Service,D,MPL_018
6519,Electrical,E,MPL_019
6520,Engine,A,MPL_020
6521,Parts,B,MPL_021
6522,Accessories,C,MPL_022
6523,Service,D,MPL_023
6524,Electrical,E,MPL_024
6525,Engine,A,MPL_025
6526,Parts,B,MPL_026
6527,Accessories,C,MPL_027
6528,Service,D,MPL_028
6529,Electrical,E,MPL_029
6530,Engine,A,MPL_030
6531,Parts,B,MPL_031
6532,Accessories,C,MPL_032
6533,Service,D,MPL_033
6534,Electrical,E,MPL_034
6535,Engine,A,MPL_035
6536,Parts,B,MPL_036
6537,Accessories,C,MPL_037
6538,Service,D,MPL_038
6539,Electrical,E,MPL_039
6540,Engine,A,MPL_040
6541,Parts,B,MPL_041
6542,Accessories,C,MPL_042
6543,Service,D,MPL_043
6544,Electrical,E,MPL_044
6545,Engine,A,MPL_045
6546,Parts,B,MPL_046
6547,Accessories,C,MPL_047
6548,Service,D,MPL_048
6549,Electrical,E,MPL_049
6550,Engine,A,MPL_050
6551,Parts,B,MPL_051
6552,Accessories,C,MPL_052
6553,Service,D,MPL_053
6554,Electrical,E,MPL_054
6555,Engine,A,MPL_055
6556,Parts,B,MPL_056
6557,Accessories,C,MPL_057
6558,Service,D,MPL_058
6559,Electrical,E,MPL_059
6560,Engine,A,MPL_060
6561,Parts,B,MPL_061
6562,Accessories,C,MPL_062
6563,Service,D,MPL_063
6564,Electrical,E,MPL_064
6565,Engine,A,MPL_065
6566,Parts,B,MPL_066
6567,Accessories,C,MPL_067
6568,Service,D,MPL_068
6569,Electrical,E,MPL_069
6570,Engine,A,MPL_070
6571,Parts,B,MPL_071
6572,Accessories,C,MPL_072
6573,Service,D,MPL_073
6574,Electrical,E,MPL_074
6575,Engine,A,MPL_075
6576,Parts,B,MPL_076
6577,Accessories,C,MPL_077
6578,Service,D,MPL_078
6579,Electrical,E,MPL_079
6580,Engine,A,MPL_080
6581,Parts,B,MPL_081
6582,Accessories,C,MPL_082
6583,Service,D,MPL_083
6584,Electrical,E,MPL_084
6585,Engine,A,MPL_085
6586,Parts,B,MPL_086
6587,Accessories,C,MPL_087
6588,Service,D,MPL_088
6589,Electrical,E,MPL_089
6590,Engine,A,MPL_090
6591,Parts,B,MPL_091
6592,Accessories,C,MPL_092
6593,Service,D,MPL_093
6594,Electrical,E,MPL_094
6595,Engine,A,MPL_095
6596,Parts,B,MPL_096
6597,Accessories,C,MPL_097
6598,Service,D,MPL_098
6599,Electrical,E,MPL_099
6600,Engine,A,MPL_000
6601,Parts,B,MPL_001
6602,Accessories,C,MPL_002
6603,Service,D,MPL_003
6604,Electrical,E,MPL_004
6605,Engine,A,MPL_005
6606,Parts,B,MPL_006
6607,Accessories,C,MPL_007
6608,Service,D,MPL_008
6609,Electrical,E,MPL_009
6610,Engine,A,MPL_010
6611,Parts,B,MPL_011
6612,Accessories,C,MPL_012
6613,Service,D,MPL_013
6614,Electrical,E,MPL_014
6615,Engine,A,MPL_015
6616,Parts,B,MPL_016
6617,Accessories,C,MPL_017
6618,Service,D,MPL_018
6619,Electrical,E,MPL_019
6620,Engine,A,MPL_020
6621,Parts,B,MPL_021
6622,Accessories,C,MPL_022
6623,Service,D,MPL_023
6624,Electrical,E,MPL_024
6625,Engine,A,MPL_025
6626,Parts,B,MPL_026
6627,Accessories,C,MPL_027
6628,Service,D,MPL_028
6629,Electrical,E,MPL_029
6630,Engine,A,MPL_030
6631,Parts,B,MPL_031
6632,Accessories,C,MPL_032
6633,Service,D,MPL_033
6634,Electrical,E,MPL_034
6635,Engine,A,MPL_035
6636,Parts,B,MPL_036
6637,Accessories,C,MPL_037
6638,Service,D,MPL_038
6639,Electrical,E,MPL_039
6640,Engine,A,MPL_040
6641,Parts,B,MPL_041
6642,Accessories,C,MPL_042
6643,Service,D,MPL_043
6644,Electrical,E,MPL_044
6645,Engine,A,MPL_045
6646,Parts,B,MPL_046
6647,Accessories,C,MPL_047
6648,Service,D,MPL_048
6649,Electrical,E,MPL_049
6650,Engine,A,MPL_050
6651,Parts,B,MPL_051
6652,Accessories,C,MPL_052
6653,Service,D,MPL_053
6654,Electrical,E,MPL_054
6655,Engine,A,MPL_055
6656,Parts,B,MPL_056
6657,Accessories,C,MPL_057
6658,Service,D,MPL_058
6659,Electrical,E,MPL_059
6660,Engine,A,MPL_060
6661,Parts,B,MPL_061
6662,Accessories,C,MPL_062
6663,Service,D,MPL_063
6664,Electrical,E,MPL_064
6665,Engine,A,MPL_065
6666,Parts,B,MPL_066
6667,Accessories,C,MPL_067
6668,Service,D,MPL_068
6669,Electrical,E,MPL_069
6670,Engine,A,MPL_070
6671,Parts,B,MPL_071
6672,Accessories,C,MPL_072
6673,Service,D,MPL_073
6674,Electrical,E,MPL_074
6675,Engine,A,MPL_075
6676,Parts,B,MPL_076
6677,Accessories,C,MPL_077
6678,Service,D,MPL_078
6679,Electrical,E,MPL_079
6680,Engine,A,MPL_080
6681,Parts,B,MPL_081
6682,Accessories,C,MPL_082
6683,Service,D,MPL_083
6684,Electrical,E,MPL_084
6685,Engine,A,MPL_085
6686,Parts,B,MPL_086
6687,Accessories,C,MPL_087
6688,Service,D,MPL_088
6689,Electrical,E,MPL_089
6690,Engine,A,MPL_090
6691,Parts,B,MPL_091
6692,Accessories,C,MPL_092
6693,Service,D,MPL_093
6694,Electrical,E,MPL_094
6695,Engine,A,MPL_095
6696,Parts,B,MPL_096
6697,Accessories,C,MPL_097
6698,Service,D,MPL_098
6699,Electrical,E,MPL_099
6700,Engine,A,MPL_000
6701,Parts,B,MPL_001
6702,Accessories,C,MPL_002
6703,Service,D,MPL_003
6704,Electrical,E,MPL_004
6705,Engine,A,MPL_005
6706,Parts,B,MPL_006
6707,Accessories,C,MPL_007
6708,Service,D,MPL_008
6709,Electrical,E,MPL_009
6710,Engine,A,MPL_010
6711,Parts,B,MPL_011
6712,Accessories,C,MPL_012
6713,Service,D,MPL_013
6714,Electrical,E,MPL_014
6715,Engine,A,MPL_015
6716,Parts,B,MPL_016
6717,Accessories,C,MPL_017
6718,Service,D,MPL_018
6719,Electrical,E,MPL_019
6720,Engine,A,MPL_020
6721,Parts,B,MPL_021
6722,Accessories,C,MPL_022
6723,Service,D,MPL_023
6724,Electrical,E,MPL_024
6725,Engine,A,MPL_025
6726,Parts,B,MPL_026
6727,Accessories,C,MPL_027
6728,Service,D,MPL_028
6729,Electrical,E,MPL_029
6730,Engine,A,MPL_030
6731,Parts,B,MPL_031
6732,Accessories,C,MPL_032
6733,Service,D,MPL_033
6734,Electrical,E,MPL_034
6735,Engine,A,MPL_035
6736,Parts,B,MPL_036
6737,Accessories,C,MPL_037
6738,Service,D,MPL_038
6739,Electrical,E,MPL_039
6740,Engine,A,MPL_040
6741,Parts,B,MPL_041
6742,Accessories,C,MPL_042
6743,Service,D,MPL_043
6744,Electrical,E,MPL_044
6745,Engine,A,MPL_045
6746,Parts,B,MPL_046
6747,Accessories,C,MPL_047
6748,Service,D,MPL_048
6749,Electrical,E,MPL_049
6750,Engine,A,MPL_050
6751,Parts,B,MPL_051
6752,Accessories,C,MPL_052
6753,Service,D,MPL_053
6754,Electrical,E,MPL_054
6755,Engine,A,MPL_055
6756,Parts,B,MPL_056
6757,Accessories,C,MPL_057
6758,Service,D,MPL_058
6759,Electrical,E,MPL_059
6760,Engine,A,MPL_060
6761,Parts,B,MPL_061
6762,Accessories,C,MPL_062
6763,Service,D,MPL_063
6764,Electrical,E,MPL_064
6765,Engine,A,MPL_065
6766,Parts,B,MPL_066
6767,Accessories,C,MPL_067
6768,Service,D,MPL_068
6769,Electrical,E,MPL_069
6770,Engine,A,MPL_070
6771,Parts,B,MPL_071
6772,Accessories,C,MPL_072
6773,Service,D,MPL_073
6774,Electrical,E,MPL_074
6775,Engine,A,MPL_075
6776,Parts,B,MPL_076
6777,Accessories,C,MPL_077
6778,Service,D,MPL_078
6779,Electrical,E,MPL_079
6780,Engine,A,MPL_080
6781,Parts,B,MPL_081
6782,Accessories,C,MPL_082
6783,Service,D,MPL_083
6784,Electrical,E,MPL_084
6785,Engine,A,MPL_085
6786,Parts,B,MPL_086
6787,Accessories,C,MPL_087
6788,Service,D,MPL_088
6789,Electrical,E,MPL_089
6790,Engine,A,MPL_090
6791,Parts,B,MPL_091
6792,Accessories,C,MPL_092
6793,Service,D,MPL_093
6794,Electrical,E,MPL_094
6795,Engine,A,MPL_095
6796,Parts,B,MPL_096
6797,Accessories,C,MPL_097
6798,Service,D,MPL_098
6799,Electrical,E,MPL_099
6800,Engine,A,MPL_000
6801,Parts,B,MPL_001
6802,Accessories,C,MPL_002
6803,Service,D,MPL_003
6804,Electrical,E,MPL_004
6805,Engine,A,MPL_005
6806,Parts,B,MPL_006
6807,Accessories,C,MPL_007
6808,Service,D,MPL_008
6809,Electrical,E,MPL_009
6810,Engine,A,MPL_010
6811,Parts,B,MPL_011
6812,Accessories,C,MPL_012
6813,Service,D,MPL_013
6814,Electrical,E,MPL_014
6815,Engine,A,MPL_015
6816,Parts,B,MPL_016
6817,Accessories,C,MPL_017
6818,Service,D,MPL_018
6819,Electrical,E,MPL_019
6820,Engine,A,MPL_020
6821,Parts,B,MPL_021
6822,Accessories,C,MPL_022
6823,Service,D,MPL_023
6824,Electrical,E,MPL_024
6825,Engine,A,MPL_025
6826,Parts,B,MPL_026
6827,Accessories,C,MPL_027
6828,Service,D,MPL_028
6829,Electrical,E,MPL_029
6830,Engine,A,MPL_030
6831,Parts,B,MPL_031
6832,Accessories,C,MPL_032
6833,Service,D,MPL_033
6834,Electrical,E,MPL_034
6835,Engine,A,MPL_035
6836,Parts,B,MPL_036
6837,Accessories,C,MPL_037
6838,Service,D,MPL_038
6839,Electrical,E,MPL_039
6840,Engine,A,MPL_040
6841,Parts,B,MPL_041
6842,Accessories,C,MPL_042
6843,Service,D,MPL_043
6844,Electrical,E,MPL_044
6845,Engine,A,MPL_045
6846,Parts,B,MPL_046
6847,Accessories,C,MPL_047
6848,Service,D,MPL_048
6849,Electrical,E,MPL_049
6850,Engine,A,MPL_050
6851,Parts,B,MPL_051
6852,Accessories,C,MPL_052
6853,Service,D,MPL_053
6854,Electrical,E,MPL_054
6855,Engine,A,MPL_055
6856,Parts,B,MPL_056
6857,Accessories,C,MPL_057
6858,Service,D,MPL_058
6859,Electrical,E,MPL_059
6860,Engine,A,MPL_060
6861,Parts,B,MPL_061
6862,Accessories,C,MPL_062
6863,Service,D,MPL_063
6864,Electrical,E,MPL_064
6865,Engine,A,MPL_065
6866,Parts,B,MPL_066
6867,Accessories,C,MPL_067
6868,Service,D,MPL_068
6869,Electrical,E,MPL_069
6870,Engine,A,MPL_070
6871,Parts,B,MPL_071
6872,Accessories,C,MPL_072
6873,Service,D,MPL_073
6874,Electrical,E,MPL_074
6875,Engine,A,MPL_075
6876,Parts,B,MPL_076
6877,Accessories,C,MPL_077
6878,Service,D,MPL_078
6879,Electrical,E,MPL_079
6880,Engine,A,MPL_080
6881,Parts,B,MPL_081
6882,Accessories,C,MPL_082
6883,Service,D,MPL_083
6884,Electrical,E,MPL_084
6885,Engine,A,MPL_085
6886,Parts,B,MPL_086
6887,Accessories,C,MPL_087
6888,Service,D,MPL_088
6889,Electrical,E,MPL_089
6890,Engine,A,MPL_090
6891,Parts,B,MPL_091
6892,Accessories,C,MPL_092
6893,Service,D,MPL_093
6894,Electrical,E,MPL_094
6895,Engine,A,MPL_095
6896,Parts,B,MPL_096
6897,Accessories,C,MPL_097
6898,Service,D,MPL_098
6899,Electrical,E,MPL_099
6900,Engine,A,MPL_000
6901,Parts,B,MPL_001
6902,Accessories,C,MPL_002
6903,Service,D,MPL_003
6904,Electrical,E,MPL_004
6905,Engine,A,MPL_005
6906,Parts,B,MPL_006
6907,Accessories,C,MPL_007
6908,Service,D,MPL_008
6909,Electrical,E,MPL_009
6910,Engine,A,MPL_010
6911,Parts,B,MPL_011
6912,Accessories,C,MPL_012
6913,Service,D,MPL_013
6914,Electrical,E,MPL_014
6915,Engine,A,MPL_015
6916,Parts,B,MPL_016
6917,Accessories,C,MPL_017
6918,Service,D,MPL_018
6919,Electrical,E,MPL_019
6920,Engine,A,MPL_020
6921,Parts,B,MPL_021
6922,Accessories,C,MPL_022
6923,Service,D,MPL_023
6924,Electrical,E,MPL_024
6925,Engine,A,MPL_025
6926,Parts,B,MPL_026
6927,Accessories,C,MPL_027
6928,Service,D,MPL_028
6929,Electrical,E,MPL_029
6930,Engine,A,MPL_030
6931,Parts,B,MPL_031
6932,Accessories,C,MPL_032
6933,Service,D,MPL_033
6934,Electrical,E,MPL_034
6935,Engine,A,MPL_035
6936,Parts,B,MPL_036
6937,Accessories,C,MPL_037
6938,Service,D,MPL_038
6939,Electrical,E,MPL_039
6940,Engine,A,MPL_040
6941,Parts,B,MPL_041
6942,Accessories,C,MPL_042
6943,Service,D,MPL_043
6944,Electrical,E,MPL_044
6945,Engine,A,MPL_045
6946,Parts,B,MPL_046
6947,Accessories,C,MPL_047
6948,Service,D,MPL_048
6949,Electrical,E,MPL_049
6950,Engine,A,MPL_050
6951,Parts,B,MPL_051
6952,Accessories,C,MPL_052
6953,Service,D,MPL_053
6954,Electrical,E,MPL_054
6955,Engine,A,MPL_055
6956,Parts,B,MPL_056
6957,Accessories,C,MPL_057
6958,Service,D,MPL_058
6959,Electrical,E,MPL_059
6960,Engine,A,MPL_060
6961,Parts,B,MPL_061
6962,Accessories,C,MPL_062
6963,Service,D,MPL_063
6964,Electrical,E,MPL_064
6965,Engine,A,MPL_065
6966,Parts,B,MPL_066
6967,Accessories,C,MPL_067
6968,Service,D,MPL_068
6969,Electrical,E,MPL_069
6970,Engine,A,MPL_070
6971,Parts,B,MPL_071
6972,Accessories,C,MPL_072
6973,Service,D,MPL_073
6974,Electrical,E,MPL_074
6975,Engine,A,MPL_075
6976,Parts,B,MPL_076
6977,Accessories,C,MPL_077
6978,Service,D,MPL_078
6979,Electrical,E,MPL_079
6980,Engine,A,MPL_080
6981,Parts,B,MPL_081
6982,Accessories,C,MPL_082
6983,Service,D,MPL_083
6984,Electrical,E,MPL_084
6985,Engine,A,MPL_085
6986,Parts,B,MPL_086
6987,Accessories,C,MPL_087
6988,Service,D,MPL_088
6989,Electrical,E,MPL_089
6990,Engine,A,MPL_090
6991,Parts,B,MPL_091
6992,Accessories,C,MPL_092
6993,Service,D,MPL_093
6994,Electrical,E,MPL_094
6995,Engine,A,MPL_095
6996,Parts,B,MPL_096
6997,Accessories,C,MPL_097
6998,Service,D,MPL_098
6999,Electrical,E,MPL_099
7000,Engine,A,MPL_000
7001,Parts,B,MPL_001
7002,Accessories,C,MPL_002
7003,Service,D,MPL_003
7004,Electrical,E,MPL_004
7005,Engine,A,MPL_005
7006,Parts,B,MPL_006
7007,Accessories,C,MPL_007
7008,Service,D,MPL_008
7009,Electrical,E,MPL_009
7010,Engine,A,MPL_010
7011,Parts,B,MPL_011
7012,Accessories,C,MPL_012
7013,Service,D,MPL_013
7014,Electrical,E,MPL_014
7015,Engine,A,MPL_015
7016,Parts,B,MPL_016
7017,Accessories,C,MPL_017
7018,Service,D,MPL_018
7019,Electrical,E,MPL_019
7020,Engine,A,MPL_020
7021,Parts,B,MPL_021
7022,Accessories,C,MPL_022
7023,Service,D,MPL_023
7024,Electrical,E,MPL_024
7025,Engine,A,MPL_025
7026,Parts,B,MPL_026
7027,Accessories,C,MPL_027
7028,Service,D,MPL_028
7029,Electrical,E,MPL_029
7030,Engine,A,MPL_030
7031,Parts,B,MPL_031
7032,Accessories,C,MPL_032
7033,Service,D,MPL_033
7034,Electrical,E,MPL_034
7035,Engine,A,MPL_035
7036,Parts,B,MPL_036
7037,Accessories,C,MPL_037
7038,Service,D,MPL_038
7039,Electrical,E,MPL_039
7040,Engine,A,MPL_040
7041,Parts,B,MPL_041
7042,Accessories,C,MPL_042
7043,Service,D,MPL_043
7044,Electrical,E,MPL_044
7045,Engine,A,MPL_045
7046,Parts,B,MPL_046
7047,Accessories,C,MPL_047
7048,Service,D,MPL_048
7049,Electrical,E,MPL_049
7050,Engine,A,MPL_050
7051,Parts,B,MPL_051
7052,Accessories,C,MPL_052
7053,Service,D,MPL_053
7054,Electrical,E,MPL_054
7055,Engine,A,MPL_055
7056,Parts,B,MPL_056
7057,Accessories,C,MPL_057
7058,Service,D,MPL_058
7059,Electrical,E,MPL_059
7060,Engine,A,MPL_060
7061,Parts,B,MPL_061
7062,Accessories,C,MPL_062
7063,Service,D,MPL_063
7064,Electrical,E,MPL_064
7065,Engine,A,MPL_065
7066,Parts,B,MPL_066
7067,Accessories,C,MPL_067
7068,Service,D,MPL_068
7069,Electrical,E,MPL_069
7070,Engine,A,MPL_070
7071,Parts,B,MPL_071
7072,Accessories,C,MPL_072
7073,Service,D,MPL_073
7074,Electrical,E,MPL_074
7075,Engine,A,MPL_075
7076,Parts,B,MPL_076
7077,Accessories,C,MPL_077
7078,Service,D,MPL_078
7079,Electrical,E,MPL_079
7080,Engine,A,MPL_080
7081,Parts,B,MPL_081
7082,Accessories,C,MPL_082
7083,Service,D,MPL_083
7084,Electrical,E,MPL_084
7085,Engine,A,MPL_085
7086,Parts,B,MPL_086
7087,Accessories,C,MPL_087
7088,Service,D,MPL_088
7089,Electrical,E,MPL_089
7090,Engine,A,MPL_090
7091,Parts,B,MPL_091
7092,Accessories,C,MPL_092
7093,Service,D,MPL_093
7094,Electrical,E,MPL_094
7095,Engine,A,MPL_095
7096,Parts,B,MPL_096
7097,Accessories,C,MPL_097
7098,Service,D,MPL_098
7099,Electrical,E,MPL_099
7100,Engine,A,MPL_000
7101,Parts,B,MPL_001
7102,Accessories,C,MPL_002
7103,Service,D,MPL_003
7104,Electrical,E,MPL_004
7105,Engine,A,MPL_005
7106,Parts,B,MPL_006
7107,Accessories,C,MPL_007
7108,Service,D,MPL_008
7109,Electrical,E,MPL_009
7110,Engine,A,MPL_010
7111,Parts,B,MPL_011
7112,Accessories,C,MPL_012
7113,Service,D,MPL_013
7114,Electrical,E,MPL_014
7115,Engine,A,MPL_015
7116,Parts,B,MPL_016
7117,Accessories,C,MPL_017
7118,Service,D,MPL_018
7119,Electrical,E,MPL_019
7120,Engine,A,MPL_020
7121,Parts,B,MPL_021
7122,Accessories,C,MPL_022
7123,Service,D,MPL_023
7124,Electrical,E,MPL_024
7125,Engine,A,MPL_025
7126,Parts,B,MPL_026
7127,Accessories,C,MPL_027
7128,Service,D,MPL_028
7129,Electrical,E,MPL_029
7130,Engine,A,MPL_030
7131,Parts,B,MPL_031
7132,Accessories,C,MPL_032
7133,Service,D,MPL_033
7134,Electrical,E,MPL_034
7135,Engine,A,MPL_035
7136,Parts,B,MPL_036
7137,Accessories,C,MPL_037
7138,Service,D,MPL_038
7139,Electrical,E,MPL_039
7140,Engine,A,MPL_040
7141,Parts,B,MPL_041
7142,Accessories,C,MPL_042
7143,Service,D,MPL_043
7144,Electrical,E,MPL_044
7145,Engine,A,MPL_045
7146,Parts,B,MPL_046
7147,Accessories,C,MPL_047
7148,Service,D,MPL_048
7149,Electrical,E,MPL_049
7150,Engine,A,MPL_050
7151,Parts,B,MPL_051
7152,Accessories,C,MPL_052
7153,Service,D,MPL_053
7154,Electrical,E,MPL_054
7155,Engine,A,MPL_055
7156,Parts,B,MPL_056
7157,Accessories,C,MPL_057
7158,Service,D,MPL_058
7159,Electrical,E,MPL_059
7160,Engine,A,MPL_060
7161,Parts,B,MPL_061
7162,Accessories,C,MPL_062
7163,Service,D,MPL_063
7164,Electrical,E,MPL_064
7165,Engine,A,MPL_065
7166,Parts,B,MPL_066
7167,Accessories,C,MPL_067
7168,Service,D,MPL_068
7169,Electrical,E,MPL_069
7170,Engine,A,MPL_070
7171,Parts,B,MPL_071
7172,Accessories,C,MPL_072
7173,Service,D,MPL_073
7174,Electrical,E,MPL_074
7175,Engine,A,MPL_075
7176,Parts,B,MPL_076
7177,Accessories,C,MPL_077
7178,Service,D,MPL_078
7179,Electrical,E,MPL_079
7180,Engine,A,MPL_080
7181,Parts,B,MPL_081
7182,Accessories,C,MPL_082
7183,Service,D,MPL_083
7184,Electrical,E,MPL_084
7185,Engine,A,MPL_085
7186,Parts,B,MPL_086
7187,Accessories,C,MPL_087
7188,Service,D,MPL_088
7189,Electrical,E,MPL_089
7190,Engine,A,MPL_090
7191,Parts,B,MPL_091
7192,Accessories,C,MPL_092
7193,Service,D,MPL_093
7194,Electrical,E,MPL_094
7195,Engine,A,MPL_095
7196,Parts,B,MPL_096
7197,Accessories,C,MPL_097
7198,Service,D,MPL_098
7199,Electrical,E,MPL_099
7200,Engine,A,MPL_000
7201,Parts,B,MPL_001
7202,Accessories,C,MPL_002
7203,Service,D,MPL_003
7204,Electrical,E,MPL_004
7205,Engine,A,MPL_005
7206,Parts,B,MPL_006
7207,Accessories,C,MPL_007
7208,Service,D,MPL_008
7209,Electrical,E,MPL_009
7210,Engine,A,MPL_010
7211,Parts,B,MPL_011
7212,Accessories,C,MPL_012
7213,Service,D,MPL_013
7214,Electrical,E,MPL_014
7215,Engine,A,MPL_015
7216,Parts,B,MPL_016
7217,Accessories,C,MPL_017
7218,Service,D,MPL_018
7219,Electrical,E,MPL_019
7220,Engine,A,MPL_020
7221,Parts,B,MPL_021
7222,Accessories,C,MPL_022
7223,Service,D,MPL_023
7224,Electrical,E,MPL_024
7225,Engine,A,MPL_025
7226,Parts,B,MPL_026
7227,Accessories,C,MPL_027
7228,Service,D,MPL_028
7229,Electrical,E,MPL_029
7230,Engine,A,MPL_030
7231,Parts,B,MPL_031
7232,Accessories,C,MPL_032
7233,Service,D,MPL_033
7234,Electrical,E,MPL_034
7235,Engine,A,MPL_035
7236,Parts,B,MPL_036
7237,Accessories,C,MPL_037
7238,Service,D,MPL_038
7239,Electrical,E,MPL_039
7240,Engine,A,MPL_040
7241,Parts,B,MPL_041
7242,Accessories,C,MPL_042
7243,Service,D,MPL_043
7244,Electrical,E,MPL_044
7245,Engine,A,MPL_045
7246,Parts,B,MPL_046
7247,Accessories,C,MPL_047
7248,Service,D,MPL_048
7249,Electrical,E,MPL_049
7250,Engine,A,MPL_050
7251,Parts,B,MPL_051
7252,Accessories,C,MPL_052
7253,Service,D,MPL_053
7254,Electrical,E,MPL_054
7255,Engine,A,MPL_055
7256,Parts,B,MPL_056
7257,Accessories,C,MPL_057
7258,Service,D,MPL_058
7259,Electrical,E,MPL_059
7260,Engine,A,MPL_060
7261,Parts,B,MPL_061
7262,Accessories,C,MPL_062
7263,Service,D,MPL_063
7264,Electrical,E,MPL_064
7265,Engine,A,MPL_065
7266,Parts,B,MPL_066
7267,Accessories,C,MPL_067
7268,Service,D,MPL_068
7269,Electrical,E,MPL_069
7270,Engine,A,MPL_070
7271,Parts,B,MPL_071
7272,Accessories,C,MPL_072
7273,Service,D,MPL_073
7274,Electrical,E,MPL_074
7275,Engine,A,MPL_075
7276,Parts,B,MPL_076
7277,Accessories,C,MPL_077
7278,Service,D,MPL_078
7279,Electrical,E,MPL_079
7280,Engine,A,MPL_080
7281,Parts,B,MPL_081
7282,Accessories,C,MPL_082
7283,Service,D,MPL_083
7284,Electrical,E,MPL_084
7285,Engine,A,MPL_085
7286,Parts,B,MPL_086
7287,Accessories,C,MPL_087
7288,Service,D,MPL_088
7289,Electrical,E,MPL_089
7290,Engine,A,MPL_090
7291,Parts,B,MPL_091
7292,Accessories,C,MPL_092
7293,Service,D,MPL_093
7294,Electrical,E,MPL_094
7295,Engine,A,MPL_095
7296,Parts,B,MPL_096
7297,Accessories,C,MPL_097
7298,Service,D,MPL_098
7299,Electrical,E,MPL_099
7300,Engine,A,MPL_000
7301,Parts,B,MPL_001
7302,Accessories,C,MPL_002
7303,Service,D,MPL_003
7304,Electrical,E,MPL_004
7305,Engine,A,MPL_005
7306,Parts,B,MPL_006
7307,Accessories,C,MPL_007
7308,Service,D,MPL_008
7309,Electrical,E,MPL_009
7310,Engine,A,MPL_010
7311,Parts,B,MPL_011
7312,Accessories,C,MPL_012
7313,Service,D,MPL_013
7314,Electrical,E,MPL_014
7315,Engine,A,MPL_015
7316,Parts,B,MPL_016
7317,Accessories,C,MPL_017
7318,Service,D,MPL_018
7319,Electrical,E,MPL_019
7320,Engine,A,MPL_020
7321,Parts,B,MPL_021
7322,Accessories,C,MPL_022
7323,Service,D,MPL_023
7324,Electrical,E,MPL_024
7325,Engine,A,MPL_025
7326,Parts,B,MPL_026
7327,Accessories,C,MPL_027
7328,Service,D,MPL_028
7329,Electrical,E,MPL_029
7330,Engine,A,MPL_030
7331,Parts,B,MPL_031
7332,Accessories,C,MPL_032
7333,Service,D,MPL_033
7334,Electrical,E,MPL_034
7335,Engine,A,MPL_035
7336,Parts,B,MPL_036
7337,Accessories,C,MPL_037
7338,Service,D,MPL_038
7339,Electrical,E,MPL_039
7340,Engine,A,MPL_040
7341,Parts,B,MPL_041
7342,Accessories,C,MPL_042
7343,Service,D,MPL_043
7344,Electrical,E,MPL_044
7345,Engine,A,MPL_045
7346,Parts,B,MPL_046
7347,Accessories,C,MPL_047
7348,Service,D,MPL_048
7349,Electrical,E,MPL_049
7350,Engine,A,MPL_050
7351,Parts,B,MPL_051
7352,Accessories,C,MPL_052
7353,Service,D,MPL_053
7354,Electrical,E,MPL_054
7355,Engine,A,MPL_055
7356,Parts,B,MPL_056
7357,Accessories,C,MPL_057
7358,Service,D,MPL_058
7359,Electrical,E,MPL_059
7360,Engine,A,MPL_060
7361,Parts,B,MPL_061
7362,Accessories,C,MPL_062
7363,Service,D,MPL_063
7364,Electrical,E,MPL_064
7365,Engine,A,MPL_065
7366,Parts,B,MPL_066
7367,Accessories,C,MPL_067
7368,Service,D,MPL_068
7369,Electrical,E,MPL_069
7370,Engine,A,MPL_070
7371,Parts,B,MPL_071
7372,Accessories,C,MPL_072
7373,Service,D,MPL_073
7374,Electrical,E,MPL_074
7375,Engine,A,MPL_075
7376,Parts,B,MPL_076
7377,Accessories,C,MPL_077
7378,Service,D,MPL_078
7379,Electrical,E,MPL_079
7380,Engine,A,MPL_080
7381,Parts,B,MPL_081
7382,Accessories,C,MPL_082
7383,Service,D,MPL_083
7384,Electrical,E,MPL_084
7385,Engine,A,MPL_085
7386,Parts,B,MPL_086
7387,Accessories,C,MPL_087
7388,Service,D,MPL_088
7389,Electrical,E,MPL_089
7390,Engine,A,MPL_090
7391,Parts,B,MPL_091
7392,Accessories,C,MPL_092
7393,Service,D,MPL_093
7394,Electrical,E,MPL_094
7395,Engine,A,MPL_095
7396,Parts,B,MPL_096
7397,Accessories,C,MPL_097
7398,Service,D,MPL_098
7399,Electrical,E,MPL_099
7400,Engine,A,MPL_000
7401,Parts,B,MPL_001
7402,Accessories,C,MPL_002
7403,Service,D,MPL_003
7404,Electrical,E,MPL_004
7405,Engine,A,MPL_005
7406,Parts,B,MPL_006
7407,Accessories,C,MPL_007
7408,Service,D,MPL_008
7409,Electrical,E,MPL_009
7410,Engine,A,MPL_010
7411,Parts,B,MPL_011
7412,Accessories,C,MPL_012
7413,Service,D,MPL_013
7414,Electrical,E,MPL_014
7415,Engine,A,MPL_015
7416,Parts,B,MPL_016
7417,Accessories,C,MPL_017
7418,Service,D,MPL_018
7419,Electrical,E,MPL_019
7420,Engine,A,MPL_020
7421,Parts,B,MPL_021
7422,Accessories,C,MPL_022
7423,Service,D,MPL_023
7424,Electrical,E,MPL_024
7425,Engine,A,MPL_025
7426,Parts,B,MPL_026
7427,Accessories,C,MPL_027
7428,Service,D,MPL_028
7429,Electrical,E,MPL_029
7430,Engine,A,MPL_030
7431,Parts,B,MPL_031
7432,Accessories,C,MPL_032
7433,Service,D,MPL_033
7434,Electrical,E,MPL_034
7435,Engine,A,MPL_035
7436,Parts,B,MPL_036
7437,Accessories,C,MPL_037
7438,Service,D,MPL_038
7439,Electrical,E,MPL_039
7440,Engine,A,MPL_040
7441,Parts,B,MPL_041
7442,Accessories,C,MPL_042
7443,Service,D,MPL_043
7444,Electrical,E,MPL_044
7445,Engine,A,MPL_045
7446,Parts,B,MPL_046
7447,Accessories,C,MPL_047
7448,Service,D,MPL_048
7449,Electrical,E,MPL_049
7450,Engine,A,MPL_050
7451,Parts,B,MPL_051
7452,Accessories,C,MPL_052
7453,Service,D,MPL_053
7454,Electrical,E,MPL_054
7455,Engine,A,MPL_055
7456,Parts,B,MPL_056
7457,Accessories,C,MPL_057
7458,Service,D,MPL_058
7459,Electrical,E,MPL_059
7460,Engine,A,MPL_060
7461,Parts,B,MPL_061
7462,Accessories,C,MPL_062
7463,Service,D,MPL_063
7464,Electrical,E,MPL_064
7465,Engine,A,MPL_065
7466,Parts,B,MPL_066
7467,Accessories,C,MPL_067
7468,Service,D,MPL_068
7469,Electrical,E,MPL_069
7470,Engine,A,MPL_070
7471,Parts,B,MPL_071
7472,Accessories,C,MPL_072
7473,Service,D,MPL_073
7474,Electrical,E,MPL_074
7475,Engine,A,MPL_075
7476,Parts,B,MPL_076
7477,Accessories,C,MPL_077
7478,Service,D,MPL_078
7479,Electrical,E,MPL_079
7480,Engine,A,MPL_080
7481,Parts,B,MPL_081
7482,Accessories,C,MPL_082
7483,Service,D,MPL_083
7484,Electrical,E,MPL_084
7485,Engine,A,MPL_085
7486,Parts,B,MPL_086
7487,Accessories,C,MPL_087
7488,Service,D,MPL_088
7489,Electrical,E,MPL_089
7490,Engine,A,MPL_090
7491,Parts,B,MPL_091
7492,Accessories,C,MPL_092
7493,Service,D,MPL_093
7494,Electrical,E,MPL_094
7495,Engine,A,MPL_095
7496,Parts,B,MPL_096
7497,Accessories,C,MPL_097
7498,Service,D,MPL_098
7499,Electrical,E,MPL_099
7500,Engine,A,MPL_000
7501,Parts,B,MPL_001
7502,Accessories,C,MPL_002
7503,Service,D,MPL_003
7504,Electrical,E,MPL_004
7505,Engine,A,MPL_005
7506,Parts,B,MPL_006
7507,Accessories,C,MPL_007
7508,Service,D,MPL_008
7509,Electrical,E,MPL_009
7510,Engine,A,MPL_010
7511,Parts,B,MPL_011
7512,Accessories,C,MPL_012
7513,Service,D,MPL_013
7514,Electrical,E,MPL_014
7515,Engine,A,MPL_015
7516,Parts,B,MPL_016
7517,Accessories,C,MPL_017
7518,Service,D,MPL_018
7519,Electrical,E,MPL_019
7520,Engine,A,MPL_020
7521,Parts,B,MPL_021
7522,Accessories,C,MPL_022
7523,Service,D,MPL_023
7524,Electrical,E,MPL_024
7525,Engine,A,MPL_025
7526,Parts,B,MPL_026
7527,Accessories,C,MPL_027
7528,Service,D,MPL_028
7529,Electrical,E,MPL_029
7530,Engine,A,MPL_030
7531,Parts,B,MPL_031
7532,Accessories,C,MPL_032
7533,Service,D,MPL_033
7534,Electrical,E,MPL_034
7535,Engine,A,MPL_035
7536,Parts,B,MPL_036
7537,Accessories,C,MPL_037
7538,Service,D,MPL_038
7539,Electrical,E,MPL_039
7540,Engine,A,MPL_040
7541,Parts,B,MPL_041
7542,Accessories,C,MPL_042
7543,Service,D,MPL_043
7544,Electrical,E,MPL_044
7545,Engine,A,MPL_045
7546,Parts,B,MPL_046
7547,Accessories,C,MPL_047
7548,Service,D,MPL_048
7549,Electrical,E,MPL_049
7550,Engine,A,MPL_050
7551,Parts,B,MPL_051
7552,Accessories,C,MPL_052
7553,Service,D,MPL_053
7554,Electrical,E,MPL_054
7555,Engine,A,MPL_055
7556,Parts,B,MPL_056
7557,Accessories,C,MPL_057
7558,Service,D,MPL_058
7559,Electrical,E,MPL_059
7560,Engine,A,MPL_060
7561,Parts,B,MPL_061
7562,Accessories,C,MPL_062
7563,Service,D,MPL_063
7564,Electrical,E,MPL_064
7565,Engine,A,MPL_065
7566,Parts,B,MPL_066
7567,Accessories,C,MPL_067
7568,Service,D,MPL_068
7569,Electrical,E,MPL_069
7570,Engine,A,MPL_070
7571,Parts,B,MPL_071
7572,Accessories,C,MPL_072
7573,Service,D,MPL_073
7574,Electrical,E,MPL_074
7575,Engine,A,MPL_075
7576,Parts,B,MPL_076
7577,Accessories,C,MPL_077
7578,Service,D,MPL_078
7579,Electrical,E,MPL_079
7580,Engine,A,MPL_080
7581,Parts,B,MPL_081
7582,Accessories,C,MPL_082
7583,Service,D,MPL_083
7584,Electrical,E,MPL_084
7585,Engine,A,MPL_085
7586,Parts,B,MPL_086
7587,Accessories,C,MPL_087
7588,Service,D,MPL_088
7589,Electrical,E,MPL_089
7590,Engine,A,MPL_090
7591,Parts,B,MPL_091
7592,Accessories,C,MPL_092
7593,Service,D,MPL_093
7594,Electrical,E,MPL_094
7595,Engine,A,MPL_095
7596,Parts,B,MPL_096
7597,Accessories,C,MPL_097
7598,Service,D,MPL_098
7599,Electrical,E,MPL_099
7600,Engine,A,MPL_000
7601,Parts,B,MPL_001
7602,Accessories,C,MPL_002
7603,Service,D,MPL_003
7604,Electrical,E,MPL_004
7605,Engine,A,MPL_005
7606,Parts,B,MPL_006
7607,Accessories,C,MPL_007
7608,Service,D,MPL_008
7609,Electrical,E,MPL_009
7610,Engine,A,MPL_010
7611,Parts,B,MPL_011
7612,Accessories,C,MPL_012
7613,Service,D,MPL_013
7614,Electrical,E,MPL_014
7615,Engine,A,MPL_015
7616,Parts,B,MPL_016
7617,Accessories,C,MPL_017
7618,Service,D,MPL_018
7619,Electrical,E,MPL_019
7620,Engine,A,MPL_020
7621,Parts,B,MPL_021
7622,Accessories,C,MPL_022
7623,Service,D,MPL_023
7624,Electrical,E,MPL_024
7625,Engine,A,MPL_025
7626,Parts,B,MPL_026
7627,Accessories,C,MPL_027
7628,Service,D,MPL_028
7629,Electrical,E,MPL_029
7630,Engine,A,MPL_030
7631,Parts,B,MPL_031
7632,Accessories,C,MPL_032
7633,Service,D,MPL_033
7634,Electrical,E,MPL_034
7635,Engine,A,MPL_035
7636,Parts,B,MPL_036
7637,Accessories,C,MPL_037
7638,Service,D,MPL_038
7639,Electrical,E,MPL_039
7640,Engine,A,MPL_040
7641,Parts,B,MPL_041
7642,Accessories,C,MPL_042
7643,Service,D,MPL_043
7644,Electrical,E,MPL_044
7645,Engine,A,MPL_045
7646,Parts,B,MPL_046
7647,Accessories,C,MPL_047
7648,Service,D,MPL_048
7649,Electrical,E,MPL_049
7650,Engine,A,MPL_050
7651,Parts,B,MPL_051
7652,Accessories,C,MPL_052
7653,Service,D,MPL_053
7654,Electrical,E,MPL_054
7655,Engine,A,MPL_055
7656,Parts,B,MPL_056
7657,Accessories,C,MPL_057
7658,Service,D,MPL_058
7659,Electrical,E,MPL_059
7660,Engine,A,MPL_060
7661,Parts,B,MPL_061
7662,Accessories,C,MPL_062
7663,Service,D,MPL_063
7664,Electrical,E,MPL_064
7665,Engine,A,MPL_065
7666,Parts,B,MPL_066
7667,Accessories,C,MPL_067
7668,Service,D,MPL_068
7669,Electrical,E,MPL_069
7670,Engine,A,MPL_070
7671,Parts,B,MPL_071
7672,Accessories,C,MPL_072
7673,Service,D,MPL_073
7674,Electrical,E,MPL_074
7675,Engine,A,MPL_075
7676,Parts,B,MPL_076
7677,Accessories,C,MPL_077
7678,Service,D,MPL_078
7679,Electrical,E,MPL_079
7680,Engine,A,MPL_080
7681,Parts,B,MPL_081
7682,Accessories,C,MPL_082
7683,Service,D,MPL_083
7684,Electrical,E,MPL_084
7685,Engine,A,MPL_085
7686,Parts,B,MPL_086
7687,Accessories,C,MPL_087
7688,Service,D,MPL_088
7689,Electrical,E,MPL_089
7690,Engine,A,MPL_090
7691,Parts,B,MPL_091
7692,Accessories,C,MPL_092
7693,Service,D,MPL_093
7694,Electrical,E,MPL_094
7695,Engine,A,MPL_095
7696,Parts,B,MPL_096
7697,Accessories,C,MPL_097
7698,Service,D,MPL_098
7699,Electrical,E,MPL_099
7700,Engine,A,MPL_000
7701,Parts,B,MPL_001
7702,Accessories,C,MPL_002
7703,Service,D,MPL_003
7704,Electrical,E,MPL_004
7705,Engine,A,MPL_005
7706,Parts,B,MPL_006
7707,Accessories,C,MPL_007
7708,Service,D,MPL_008
7709,Electrical,E,MPL_009
7710,Engine,A,MPL_010
7711,Parts,B,MPL_011
7712,Accessories,C,MPL_012
7713,Service,D,MPL_013
7714,Electrical,E,MPL_014
7715,Engine,A,MPL_015
7716,Parts,B,MPL_016
7717,Accessories,C,MPL_017
7718,Service,D,MPL_018
7719,Electrical,E,MPL_019
7720,Engine,A,MPL_020
7721,Parts,B,MPL_021
7722,Accessories,C,MPL_022
7723,Service,D,MPL_023
7724,Electrical,E,MPL_024
7725,Engine,A,MPL_025
7726,Parts,B,MPL_026
7727,Accessories,C,MPL_027
7728,Service,D,MPL_028
7729,Electrical,E,MPL_029
7730,Engine,A,MPL_030
7731,Parts,B,MPL_031
7732,Accessories,C,MPL_032
7733,Service,D,MPL_033
7734,Electrical,E,MPL_034
7735,Engine,A,MPL_035
7736,Parts,B,MPL_036
7737,Accessories,C,MPL_037
7738,Service,D,MPL_038
7739,Electrical,E,MPL_039
7740,Engine,A,MPL_040
7741,Parts,B,MPL_041
7742,Accessories,C,MPL_042
7743,Service,D,MPL_043
7744,Electrical,E,MPL_044
7745,Engine,A,MPL_045
7746,Parts,B,MPL_046
7747,Accessories,C,MPL_047
7748,Service,D,MPL_048
7749,Electrical,E,MPL_049
7750,Engine,A,MPL_050
7751,Parts,B,MPL_051
7752,Accessories,C,MPL_052
7753,Service,D,MPL_053
7754,Electrical,E,MPL_054
7755,Engine,A,MPL_055
7756,Parts,B,MPL_056
7757,Accessories,C,MPL_057
7758,Service,D,MPL_058
7759,Electrical,E,MPL_059
7760,Engine,A,MPL_060
7761,Parts,B,MPL_061
7762,Accessories,C,MPL_062
7763,Service,D,MPL_063
7764,Electrical,E,MPL_064
7765,Engine,A,MPL_065
7766,Parts,B,MPL_066
7767,Accessories,C,MPL_067
7768,Service,D,MPL_068
7769,Electrical,E,MPL_069
7770,Engine,A,MPL_070
7771,Parts,B,MPL_071
7772,Accessories,C,MPL_072
7773,Service,D,MPL_073
7774,Electrical,E,MPL_074
7775,Engine,A,MPL_075
7776,Parts,B,MPL_076
7777,Accessories,C,MPL_077
7778,Service,D,MPL_078
7779,Electrical,E,MPL_079
7780,Engine,A,MPL_080
7781,Parts,B,MPL_081
7782,Accessories,C,MPL_082
7783,Service,D,MPL_083
7784,Electrical,E,MPL_084
7785,Engine,A,MPL_085
7786,Parts,B,MPL_086
7787,Accessories,C,MPL_087
7788,Service,D,MPL_088
7789,Electrical,E,MPL_089
7790,Engine,A,MPL_090
7791,Parts,B,MPL_091
7792,Accessories,C,MPL_092
7793,Service,D,MPL_093
7794,Electrical,E,MPL_094
7795,Engine,A,MPL_095
7796,Parts,B,MPL_096
7797,Accessories,C,MPL_097
7798,Service,D,MPL_098
7799,Electrical,E,MPL_099
7800,Engine,A,MPL_000
7801,Parts,B,MPL_001
7802,Accessories,C,MPL_002
7803,Service,D,MPL_003
7804,Electrical,E,MPL_004
7805,Engine,A,MPL_005
7806,Parts,B,MPL_006
7807,Accessories,C,MPL_007
7808,Service,D,MPL_008
7809,Electrical,E,MPL_009
7810,Engine,A,MPL_010
7811,Parts,B,MPL_011
7812,Accessories,C,MPL_012
7813,Service,D,MPL_013
7814,Electrical,E,MPL_014
7815,Engine,A,MPL_015
7816,Parts,B,MPL_016
7817,Accessories,C,MPL_017
7818,Service,D,MPL_018
7819,Electrical,E,MPL_019
7820,Engine,A,MPL_020
7821,Parts,B,MPL_021
7822,Accessories,C,MPL_022
7823,Service,D,MPL_023
7824,Electrical,E,MPL_024
7825,Engine,A,MPL_025
7826,Parts,B,MPL_026
7827,Accessories,C,MPL_027
7828,Service,D,MPL_028
7829,Electrical,E,MPL_029
7830,Engine,A,MPL_030
7831,Parts,B,MPL_031
7832,Accessories,C,MPL_032
7833,Service,D,MPL_033
7834,Electrical,E,MPL_034
7835,Engine,A,MPL_035
7836,Parts,B,MPL_036
7837,Accessories,C,MPL_037
7838,Service,D,MPL_038
7839,Electrical,E,MPL_039
7840,Engine,A,MPL_040
7841,Parts,B,MPL_041
7842,Accessories,C,MPL_042
7843,Service,D,MPL_043
7844,Electrical,E,MPL_044
7845,Engine,A,MPL_045
7846,Parts,B,MPL_046
7847,Accessories,C,MPL_047
7848,Service,D,MPL_048
7849,Electrical,E,MPL_049
7850,Engine,A,MPL_050
7851,Parts,B,MPL_051
7852,Accessories,C,MPL_052
7853,Service,D,MPL_053
7854,Electrical,E,MPL_054
7855,Engine,A,MPL_055
7856,Parts,B,MPL_056
7857,Accessories,C,MPL_057
7858,Service,D,MPL_058
7859,Electrical,E,MPL_059
7860,Engine,A,MPL_060
7861,Parts,B,MPL_061
7862,Accessories,C,MPL_062
7863,Service,D,MPL_063
7864,Electrical,E,MPL_064
7865,Engine,A,MPL_065
7866,Parts,B,MPL_066
7867,Accessories,C,MPL_067
7868,Service,D,MPL_068
7869,Electrical,E,MPL_069
7870,Engine,A,MPL_070
7871,Parts,B,MPL_071
7872,Accessories,C,MPL_072
7873,Service,D,MPL_073
7874,Electrical,E,MPL_074
7875,Engine,A,MPL_075
7876,Parts,B,MPL_076
7877,Accessories,C,MPL_077
7878,Service,D,MPL_078
7879,Electrical,E,MPL_079
7880,Engine,A,MPL_080
7881,Parts,B,MPL_081
7882,Accessories,C,MPL_082
7883,Service,D,MPL_083
7884,Electrical,E,MPL_084
7885,Engine,A,MPL_085
7886,Parts,B,MPL_086
7887,Accessories,C,MPL_087
7888,Service,D,MPL_088
7889,Electrical,E,MPL_089
7890,Engine,A,MPL_090
7891,Parts,B,MPL_091
7892,Accessories,C,MPL_092
7893,Service,D,MPL_093
7894,Electrical,E,MPL_094
7895,Engine,A,MPL_095
7896,Parts,B,MPL_096
7897,Accessories,C,MPL_097
7898,Service,D,MPL_098
7899,Electrical,E,MPL_099
7900,Engine,A,MPL_000
7901,Parts,B,MPL_001
7902,Accessories,C,MPL_002
7903,Service,D,MPL_003
7904,Electrical,E,MPL_004
7905,Engine,A,MPL_005
7906,Parts,B,MPL_006
7907,Accessories,C,MPL_007
7908,Service,D,MPL_008
7909,Electrical,E,MPL_009
7910,Engine,A,MPL_010
7911,Parts,B,MPL_011
7912,Accessories,C,MPL_012
7913,Service,D,MPL_013
7914,Electrical,E,MPL_014
7915,Engine,A,MPL_015
7916,Parts,B,MPL_016
7917,Accessories,C,MPL_017
7918,Service,D,MPL_018
7919,Electrical,E,MPL_019
7920,Engine,A,MPL_020
7921,Parts,B,MPL_021
7922,Accessories,C,MPL_022
7923,Service,D,MPL_023
7924,Electrical,E,MPL_024
7925,Engine,A,MPL_025
7926,Parts,B,MPL_026
7927,Accessories,C,MPL_027
7928,Service,D,MPL_028
7929,Electrical,E,MPL_029
7930,Engine,A,MPL_030
7931,Parts,B,MPL_031
7932,Accessories,C,MPL_032
7933,Service,D,MPL_033
7934,Electrical,E,MPL_034
7935,Engine,A,MPL_035
7936,Parts,B,MPL_036
7937,Accessories,C,MPL_037
7938,Service,D,MPL_038
7939,Electrical,E,MPL_039
7940,Engine,A,MPL_040
7941,Parts,B,MPL_041
7942,Accessories,C,MPL_042
7943,Service,D,MPL_043
7944,Electrical,E,MPL_044
7945,Engine,A,MPL_045
7946,Parts,B,MPL_046
7947,Accessories,C,MPL_047
7948,Service,D,MPL_048
7949,Electrical,E,MPL_049
7950,Engine,A,MPL_050
7951,Parts,B,MPL_051
7952,Accessories,C,MPL_052
7953,Service,D,MPL_053
7954,Electrical,E,MPL_054
7955,Engine,A,MPL_055
7956,Parts,B,MPL_056
7957,Accessories,C,MPL_057
7958,Service,D,MPL_058
7959,Electrical,E,MPL_059
7960,Engine,A,MPL_060
7961,Parts,B,MPL_061
7962,Accessories,C,MPL_062
7963,Service,D,MPL_063
7964,Electrical,E,MPL_064
7965,Engine,A,MPL_065
7966,Parts,B,MPL_066
7967,Accessories,C,MPL_067
7968,Service,D,MPL_068
7969,Electrical,E,MPL_069
7970,Engine,A,MPL_070
7971,Parts,B,MPL_071
7972,Accessories,C,MPL_072
7973,Service,D,MPL_073
7974,Electrical,E,MPL_074
7975,Engine,A,MPL_075
7976,Parts,B,MPL_076
7977,Accessories,C,MPL_077
7978,Service,D,MPL_078
7979,Electrical,E,MPL_079
7980,Engine,A,MPL_080
7981,Parts,B,MPL_081
7982,Accessories,C,MPL_082
7983,Service,D,MPL_083
7984,Electrical,E,MPL_084
7985,Engine,A,MPL_085
7986,Parts,B,MPL_086
7987,Accessories,C,MPL_087
7988,Service,D,MPL_088
7989,Electrical,E,MPL_089
7990,Engine,A,MPL_090
7991,Parts,B,MPL_091
7992,Accessories,C,MPL_092
7993,Service,D,MPL_093
7994,Electrical,E,MPL_094
7995,Engine,A,MPL_095
7996,Parts,B,MPL_096
7997,Accessories,C,MPL_097
7998,Service,D,MPL_098
7999,Electrical,E,MPL_099
8000,Engine,A,MPL_000
8001,Parts,B,MPL_001
8002,Accessories,C,MPL_002
8003,Service,D,MPL_003
8004,Electrical,E,MPL_004
8005,Engine,A,MPL_005
8006,Parts,B,MPL_006
8007,Accessories,C,MPL_007
8008,Service,D,MPL_008
8009,Electrical,E,MPL_009
8010,Engine,A,MPL_010
8011,Parts,B,MPL_011
8012,Accessories,C,MPL_012
8013,Service,D,MPL_013
8014,Electrical,E,MPL_014
8015,Engine,A,MPL_015
8016,Parts,B,MPL_016
8017,Accessories,C,MPL_017
8018,Service,D,MPL_018
8019,Electrical,E,MPL_019
8020,Engine,A,MPL_020
8021,Parts,B,MPL_021
8022,Accessories,C,MPL_022
8023,Service,D,MPL_023
8024,Electrical,E,MPL_024
8025,Engine,A,MPL_025
8026,Parts,B,MPL_026
8027,Accessories,C,MPL_027
8028,Service,D,MPL_028
8029,Electrical,E,MPL_029
8030,Engine,A,MPL_030
8031,Parts,B,MPL_031
8032,Accessories,C,MPL_032
8033,Service,D,MPL_033
8034,Electrical,E,MPL_034
8035,Engine,A,MPL_035
8036,Parts,B,MPL_036
8037,Accessories,C,MPL_037
8038,Service,D,MPL_038
8039,Electrical,E,MPL_039
8040,Engine,A,MPL_040
8041,Parts,B,MPL_041
8042,Accessories,C,MPL_042
8043,Service,D,MPL_043
8044,Electrical,E,MPL_044
8045,Engine,A,MPL_045
8046,Parts,B,MPL_046
8047,Accessories,C,MPL_047
8048,Service,D,MPL_048
8049,Electrical,E,MPL_049
8050,Engine,A,MPL_050
8051,Parts,B,MPL_051
8052,Accessories,C,MPL_052
8053,Service,D,MPL_053
8054,Electrical,E,MPL_054
8055,Engine,A,MPL_055
8056,Parts,B,MPL_056
8057,Accessories,C,MPL_057
8058,Service,D,MPL_058
8059,Electrical,E,MPL_059
8060,Engine,A,MPL_060
8061,Parts,B,MPL_061
8062,Accessories,C,MPL_062
8063,Service,D,MPL_063
8064,Electrical,E,MPL_064
8065,Engine,A,MPL_065
8066,Parts,B,MPL_066
8067,Accessories,C,MPL_067
8068,Service,D,MPL_068
8069,Electrical,E,MPL_069
8070,Engine,A,MPL_070
8071,Parts,B,MPL_071
8072,Accessories,C,MPL_072
8073,Service,D,MPL_073
8074,Electrical,E,MPL_074
8075,Engine,A,MPL_075
8076,Parts,B,MPL_076
8077,Accessories,C,MPL_077
8078,Service,D,MPL_078
8079,Electrical,E,MPL_079
8080,Engine,A,MPL_080
8081,Parts,B,MPL_081
8082,Accessories,C,MPL_082
8083,Service,D,MPL_083
8084,Electrical,E,MPL_084
8085,Engine,A,MPL_085
8086,Parts,B,MPL_086
8087,Accessories,C,MPL_087
8088,Service,D,MPL_088
8089,Electrical,E,MPL_089
8090,Engine,A,MPL_090
8091,Parts,B,MPL_091
8092,Accessories,C,MPL_092
8093,Service,D,MPL_093
8094,Electrical,E,MPL_094
8095,Engine,A,MPL_095
8096,Parts,B,MPL_096
8097,Accessories,C,MPL_097
8098,Service,D,MPL_098
8099,Electrical,E,MPL_099
8100,Engine,A,MPL_000
8101,Parts,B,MPL_001
8102,Accessories,C,MPL_002
8103,Service,D,MPL_003
8104,Electrical,E,MPL_004
8105,Engine,A,MPL_005
8106,Parts,B,MPL_006
8107,Accessories,C,MPL_007
8108,Service,D,MPL_008
8109,Electrical,E,MPL_009
8110,Engine,A,MPL_010
8111,Parts,B,MPL_011
8112,Accessories,C,MPL_012
8113,Service,D,MPL_013
8114,Electrical,E,MPL_014
8115,Engine,A,MPL_015
8116,Parts,B,MPL_016
8117,Accessories,C,MPL_017
8118,Service,D,MPL_018
8119,Electrical,E,MPL_019
8120,Engine,A,MPL_020
8121,Parts,B,MPL_021
8122,Accessories,C,MPL_022
8123,Service,D,MPL_023
8124,Electrical,E,MPL_024
8125,Engine,A,MPL_025
8126,Parts,B,MPL_026
8127,Accessories,C,MPL_027
8128,Service,D,MPL_028
8129,Electrical,E,MPL_029
8130,Engine,A,MPL_030
8131,Parts,B,MPL_031
8132,Accessories,C,MPL_032
8133,Service,D,MPL_033
8134,Electrical,E,MPL_034
8135,Engine,A,MPL_035
8136,Parts,B,MPL_036
8137,Accessories,C,MPL_037
8138,Service,D,MPL_038
8139,Electrical,E,MPL_039
8140,Engine,A,MPL_040
8141,Parts,B,MPL_041
8142,Accessories,C,MPL_042
8143,Service,D,MPL_043
8144,Electrical,E,MPL_044
8145,Engine,A,MPL_045
8146,Parts,B,MPL_046
8147,Accessories,C,MPL_047
8148,Service,D,MPL_048
8149,Electrical,E,MPL_049
8150,Engine,A,MPL_050
8151,Parts,B,MPL_051
8152,Accessories,C,MPL_052
8153,Service,D,MPL_053
8154,Electrical,E,MPL_054
8155,Engine,A,MPL_055
8156,Parts,B,MPL_056
8157,Accessories,C,MPL_057
8158,Service,D,MPL_058
8159,Electrical,E,MPL_059
8160,Engine,A,MPL_060
8161,Parts,B,MPL_061
8162,Accessories,C,MPL_062
8163,Service,D,MPL_063
8164,Electrical,E,MPL_064
8165,Engine,A,MPL_065
8166,Parts,B,MPL_066
8167,Accessories,C,MPL_067
8168,Service,D,MPL_068
8169,Electrical,E,MPL_069
8170,Engine,A,MPL_070
8171,Parts,B,MPL_071
8172,Accessories,C,MPL_072
8173,Service,D,MPL_073
8174,Electrical,E,MPL_074
8175,Engine,A,MPL_075
8176,Parts,B,MPL_076
8177,Accessories,C,MPL_077
8178,Service,D,MPL_078
8179,Electrical,E,MPL_079
8180,Engine,A,MPL_080
8181,Parts,B,MPL_081
8182,Accessories,C,MPL_082
8183,Service,D,MPL_083
8184,Electrical,E,MPL_084
8185,Engine,A,MPL_085
8186,Parts,B,MPL_086
8187,Accessories,C,MPL_087
8188,Service,D,MPL_088
8189,Electrical,E,MPL_089
8190,Engine,A,MPL_090
8191,Parts,B,MPL_091
8192,Accessories,C,MPL_092
8193,Service,D,MPL_093
8194,Electrical,E,MPL_094
8195,Engine,A,MPL_095
8196,Parts,B,MPL_096
8197,Accessories,C,MPL_097
8198,Service,D,MPL_098
8199,Electrical,E,MPL_099
8200,Engine,A,MPL_000
8201,Parts,B,MPL_001
8202,Accessories,C,MPL_002
8203,Service,D,MPL_003
8204,Electrical,E,MPL_004
8205,Engine,A,MPL_005
8206,Parts,B,MPL_006
8207,Accessories,C,MPL_007
8208,Service,D,MPL_008
8209,Electrical,E,MPL_009
8210,Engine,A,MPL_010
8211,Parts,B,MPL_011
8212,Accessories,C,MPL_012
8213,Service,D,MPL_013
8214,Electrical,E,MPL_014
8215,Engine,A,MPL_015
8216,Parts,B,MPL_016
8217,Accessories,C,MPL_017
8218,Service,D,MPL_018
8219,Electrical,E,MPL_019
8220,Engine,A,MPL_020
8221,Parts,B,MPL_021
8222,Accessories,C,MPL_022
8223,Service,D,MPL_023
8224,Electrical,E,MPL_024
8225,Engine,A,MPL_025
8226,Parts,B,MPL_026
8227,Accessories,C,MPL_027
8228,Service,D,MPL_028
8229,Electrical,E,MPL_029
8230,Engine,A,MPL_030
8231,Parts,B,MPL_031
8232,Accessories,C,MPL_032
8233,Service,D,MPL_033
8234,Electrical,E,MPL_034
8235,Engine,A,MPL_035
8236,Parts,B,MPL_036
8237,Accessories,C,MPL_037
8238,Service,D,MPL_038
8239,Electrical,E,MPL_039
8240,Engine,A,MPL_040
8241,Parts,B,MPL_041
8242,Accessories,C,MPL_042
8243,Service,D,MPL_043
8244,Electrical,E,MPL_044
8245,Engine,A,MPL_045
8246,Parts,B,MPL_046
8247,Accessories,C,MPL_047
8248,Service,D,MPL_048
8249,Electrical,E,MPL_049
8250,Engine,A,MPL_050
8251,Parts,B,MPL_051
8252,Accessories,C,MPL_052
8253,Service,D,MPL_053
8254,Electrical,E,MPL_054
8255,Engine,A,MPL_055
8256,Parts,B,MPL_056
8257,Accessories,C,MPL_057
8258,Service,D,MPL_058
8259,Electrical,E,MPL_059
8260,Engine,A,MPL_060
8261,Parts,B,MPL_061
8262,Accessories,C,MPL_062
8263,Service,D,MPL_063
8264,Electrical,E,MPL_064
8265,Engine,A,MPL_065
8266,Parts,B,MPL_066
8267,Accessories,C,MPL_067
8268,Service,D,MPL_068
8269,Electrical,E,MPL_069
8270,Engine,A,MPL_070
8271,Parts,B,MPL_071
8272,Accessories,C,MPL_072
8273,Service,D,MPL_073
8274,Electrical,E,MPL_074
8275,Engine,A,MPL_075
8276,Parts,B,MPL_076
8277,Accessories,C,MPL_077
8278,Service,D,MPL_078
8279,Electrical,E,MPL_079
8280,Engine,A,MPL_080
8281,Parts,B,MPL_081
8282,Accessories,C,MPL_082
8283,Service,D,MPL_083
8284,Electrical,E,MPL_084
8285,Engine,A,MPL_085
8286,Parts,B,MPL_086
8287,Accessories,C,MPL_087
8288,Service,D,MPL_088
8289,Electrical,E,MPL_089
8290,Engine,A,MPL_090
8291,Parts,B,MPL_091
8292,Accessories,C,MPL_092
8293,Service,D,MPL_093
8294,Electrical,E,MPL_094
8295,Engine,A,MPL_095
8296,Parts,B,MPL_096
8297,Accessories,C,MPL_097
8298,Service,D,MPL_098
8299,Electrical,E,MPL_099
8300,Engine,A,MPL_000
8301,Parts,B,MPL_001
8302,Accessories,C,MPL_002
8303,Service,D,MPL_003
8304,Electrical,E,MPL_004
8305,Engine,A,MPL_005
8306,Parts,B,MPL_006
8307,Accessories,C,MPL_007
8308,Service,D,MPL_008
8309,Electrical,E,MPL_009
8310,Engine,A,MPL_010
8311,Parts,B,MPL_011
8312,Accessories,C,MPL_012
8313,Service,D,MPL_013
8314,Electrical,E,MPL_014
8315,Engine,A,MPL_015
8316,Parts,B,MPL_016
8317,Accessories,C,MPL_017
8318,Service,D,MPL_018
8319,Electrical,E,MPL_019
8320,Engine,A,MPL_020
8321,Parts,B,MPL_021
8322,Accessories,C,MPL_022
8323,Service,D,MPL_023
8324,Electrical,E,MPL_024
8325,Engine,A,MPL_025
8326,Parts,B,MPL_026
8327,Accessories,C,MPL_027
8328,Service,D,MPL_028
8329,Electrical,E,MPL_029
8330,Engine,A,MPL_030
8331,Parts,B,MPL_031
8332,Accessories,C,MPL_032
8333,Service,D,MPL_033
8334,Electrical,E,MPL_034
8335,Engine,A,MPL_035
8336,Parts,B,MPL_036
8337,Accessories,C,MPL_037
8338,Service,D,MPL_038
8339,Electrical,E,MPL_039
8340,Engine,A,MPL_040
8341,Parts,B,MPL_041
8342,Accessories,C,MPL_042
8343,Service,D,MPL_043
8344,Electrical,E,MPL_044
8345,Engine,A,MPL_045
8346,Parts,B,MPL_046
8347,Accessories,C,MPL_047
8348,Service,D,MPL_048
8349,Electrical,E,MPL_049
8350,Engine,A,MPL_050
8351,Parts,B,MPL_051
8352,Accessories,C,MPL_052
8353,Service,D,MPL_053
8354,Electrical,E,MPL_054
8355,Engine,A,MPL_055
8356,Parts,B,MPL_056
8357,Accessories,C,MPL_057
8358,Service,D,MPL_058
8359,Electrical,E,MPL_059
8360,Engine,A,MPL_060
8361,Parts,B,MPL_061
8362,Accessories,C,MPL_062
8363,Service,D,MPL_063
8364,Electrical,E,MPL_064
8365,Engine,A,MPL_065
8366,Parts,B,MPL_066
8367,Accessories,C,MPL_067
8368,Service,D,MPL_068
8369,Electrical,E,MPL_069
8370,Engine,A,MPL_070
8371,Parts,B,MPL_071
8372,Accessories,C,MPL_072
8373,Service,D,MPL_073
8374,Electrical,E,MPL_074
8375,Engine,A,MPL_075
8376,Parts,B,MPL_076
8377,Accessories,C,MPL_077
8378,Service,D,MPL_078
8379,Electrical,E,MPL_079
8380,Engine,A,MPL_080
8381,Parts,B,MPL_081
8382,Accessories,C,MPL_082
8383,Service,D,MPL_083
8384,Electrical,E,MPL_084
8385,Engine,A,MPL_085
8386,Parts,B,MPL_086
8387,Accessories,C,MPL_087
8388,Service,D,MPL_088
8389,Electrical,E,MPL_089
8390,Engine,A,MPL_090
8391,Parts,B,MPL_091
8392,Accessories,C,MPL_092
8393,Service,D,MPL_093
8394,Electrical,E,MPL_094
8395,Engine,A,MPL_095
8396,Parts,B,MPL_096
8397,Accessories,C,MPL_097
8398,Service,D,MPL_098
8399,Electrical,E,MPL_099
8400,Engine,A,MPL_000
8401,Parts,B,MPL_001
8402,Accessories,C,MPL_002
8403,Service,D,MPL_003
8404,Electrical,E,MPL_004
8405,Engine,A,MPL_005
8406,Parts,B,MPL_006
8407,Accessories,C,MPL_007
8408,Service,D,MPL_008
8409,Electrical,E,MPL_009
8410,Engine,A,MPL_010
8411,Parts,B,MPL_011
8412,Accessories,C,MPL_012
8413,Service,D,MPL_013
8414,Electrical,E,MPL_014
8415,Engine,A,MPL_015
8416,Parts,B,MPL_016
8417,Accessories,C,MPL_017
8418,Service,D,MPL_018
8419,Electrical,E,MPL_019
8420,Engine,A,MPL_020
8421,Parts,B,MPL_021
8422,Accessories,C,MPL_022
8423,Service,D,MPL_023
8424,Electrical,E,MPL_024
8425,Engine,A,MPL_025
8426,Parts,B,MPL_026
8427,Accessories,C,MPL_027
8428,Service,D,MPL_028
8429,Electrical,E,MPL_029
8430,Engine,A,MPL_030
8431,Parts,B,MPL_031
8432,Accessories,C,MPL_032
8433,Service,D,MPL_033
8434,Electrical,E,MPL_034
8435,Engine,A,MPL_035
8436,Parts,B,MPL_036
8437,Accessories,C,MPL_037
8438,Service,D,MPL_038
8439,Electrical,E,MPL_039
8440,Engine,A,MPL_040
8441,Parts,B,MPL_041
8442,Accessories,C,MPL_042
8443,Service,D,MPL_043
8444,Electrical,E,MPL_044
8445,Engine,A,MPL_045
8446,Parts,B,MPL_046
8447,Accessories,C,MPL_047
8448,Service,D,MPL_048
8449,Electrical,E,MPL_049
8450,Engine,A,MPL_050
8451,Parts,B,MPL_051
8452,Accessories,C,MPL_052
8453,Service,D,MPL_053
8454,Electrical,E,MPL_054
8455,Engine,A,MPL_055
8456,Parts,B,MPL_056
8457,Accessories,C,MPL_057
8458,Service,D,MPL_058
8459,Electrical,E,MPL_059
8460,Engine,A,MPL_060
8461,Parts,B,MPL_061
8462,Accessories,C,MPL_062
8463,Service,D,MPL_063
8464,Electrical,E,MPL_064
8465,Engine,A,MPL_065
8466,Parts,B,MPL_066
8467,Accessories,C,MPL_067
8468,Service,D,MPL_068
8469,Electrical,E,MPL_069
8470,Engine,A,MPL_070
8471,Parts,B,MPL_071
8472,Accessories,C,MPL_072
8473,Service,D,MPL_073
8474,Electrical,E,MPL_074
8475,Engine,A,MPL_075
8476,Parts,B,MPL_076
8477,Accessories,C,MPL_077
8478,Service,D,MPL_078
8479,Electrical,E,MPL_079
8480,Engine,A,MPL_080
8481,Parts,B,MPL_081
8482,Accessories,C,MPL_082
8483,Service,D,MPL_083
8484,Electrical,E,MPL_084
8485,Engine,A,MPL_085
8486,Parts,B,MPL_086
8487,Accessories,C,MPL_087
8488,Service,D,MPL_088
8489,Electrical,E,MPL_089
8490,Engine,A,MPL_090
8491,Parts,B,MPL_091
8492,Accessories,C,MPL_092
8493,Service,D,MPL_093
8494,Electrical,E,MPL_094
8495,Engine,A,MPL_095
8496,Parts,B,MPL_096
8497,Accessories,C,MPL_097
8498,Service,D,MPL_098
8499,Electrical,E,MPL_099
8500,Engine,A,MPL_000
8501,Parts,B,MPL_001
8502,Accessories,C,MPL_002
8503,Service,D,MPL_003
8504,Electrical,E,MPL_004
8505,Engine,A,MPL_005
8506,Parts,B,MPL_006
8507,Accessories,C,MPL_007
8508,Service,D,MPL_008
8509,Electrical,E,MPL_009
8510,Engine,A,MPL_010
8511,Parts,B,MPL_011
8512,Accessories,C,MPL_012
8513,Service,D,MPL_013
8514,Electrical,E,MPL_014
8515,Engine,A,MPL_015
8516,Parts,B,MPL_016
8517,Accessories,C,MPL_017
8518,Service,D,MPL_018
8519,Electrical,E,MPL_019
8520,Engine,A,MPL_020
8521,Parts,B,MPL_021
8522,Accessories,C,MPL_022
8523,Service,D,MPL_023
8524,Electrical,E,MPL_024
8525,Engine,A,MPL_025
8526,Parts,B,MPL_026
8527,Accessories,C,MPL_027
8528,Service,D,MPL_028
8529,Electrical,E,MPL_029
8530,Engine,A,MPL_030
8531,Parts,B,MPL_031
8532,Accessories,C,MPL_032
8533,Service,D,MPL_033
8534,Electrical,E,MPL_034
8535,Engine,A,MPL_035
8536,Parts,B,MPL_036
8537,Accessories,C,MPL_037
8538,Service,D,MPL_038
8539,Electrical,E,MPL_039
8540,Engine,A,MPL_040
8541,Parts,B,MPL_041
8542,Accessories,C,MPL_042
8543,Service,D,MPL_043
8544,Electrical,E,MPL_044
8545,Engine,A,MPL_045
8546,Parts,B,MPL_046
8547,Accessories,C,MPL_047
8548,Service,D,MPL_048
8549,Electrical,E,MPL_049
8550,Engine,A,MPL_050
8551,Parts,B,MPL_051
8552,Accessories,C,MPL_052
8553,Service,D,MPL_053
8554,Electrical,E,MPL_054
8555,Engine,A,MPL_055
8556,Parts,B,MPL_056
8557,Accessories,C,MPL_057
8558,Service,D,MPL_058
8559,Electrical,E,MPL_059
8560,Engine,A,MPL_060
8561,Parts,B,MPL_061
8562,Accessories,C,MPL_062
8563,Service,D,MPL_063
8564,Electrical,E,MPL_064
8565,Engine,A,MPL_065
8566,Parts,B,MPL_066
8567,Accessories,C,MPL_067
8568,Service,D,MPL_068
8569,Electrical,E,MPL_069
8570,Engine,A,MPL_070
8571,Parts,B,MPL_071
8572,Accessories,C,MPL_072
8573,Service,D,MPL_073
8574,Electrical,E,MPL_074
8575,Engine,A,MPL_075
8576,Parts,B,MPL_076
8577,Accessories,C,MPL_077
8578,Service,D,MPL_078
8579,Electrical,E,MPL_079
8580,Engine,A,MPL_080
8581,Parts,B,MPL_081
8582,Accessories,C,MPL_082
8583,Service,D,MPL_083
8584,Electrical,E,MPL_084
8585,Engine,A,MPL_085
8586,Parts,B,MPL_086
8587,Accessories,C,MPL_087
8588,Service,D,MPL_088
8589,Electrical,E,MPL_089
8590,Engine,A,MPL_090
8591,Parts,B,MPL_091
8592,Accessories,C,MPL_092
8593,Service,D,MPL_093
8594,Electrical,E,MPL_094
8595,Engine,A,MPL_095
8596,Parts,B,MPL_096
8597,Accessories,C,MPL_097
8598,Service,D,MPL_098
8599,Electrical,E,MPL_099
8600,Engine,A,MPL_000
8601,Parts,B,MPL_001
8602,Accessories,C,MPL_002
8603,Service,D,MPL_003
8604,Electrical,E,MPL_004
8605,Engine,A,MPL_005
8606,Parts,B,MPL_006
8607,Accessories,C,MPL_007
8608,Service,D,MPL_008
8609,Electrical,E,MPL_009
8610,Engine,A,MPL_010
8611,Parts,B,MPL_011
8612,Accessories,C,MPL_012
8613,Service,D,MPL_013
8614,Electrical,E,MPL_014
8615,Engine,A,MPL_015
8616,Parts,B,MPL_016
8617,Accessories,C,MPL_017
8618,Service,D,MPL_018
8619,Electrical,E,MPL_019
8620,Engine,A,MPL_020
8621,Parts,B,MPL_021
8622,Accessories,C,MPL_022
8623,Service,D,MPL_023
8624,Electrical,E,MPL_024
8625,Engine,A,MPL_025
8626,Parts,B,MPL_026
8627,Accessories,C,MPL_027
8628,Service,D,MPL_028
8629,Electrical,E,MPL_029
8630,Engine,A,MPL_030
8631,Parts,B,MPL_031
8632,Accessories,C,MPL_032
8633,Service,D,MPL_033
8634,Electrical,E,MPL_034
8635,Engine,A,MPL_035
8636,Parts,B,MPL_036
8637,Accessories,C,MPL_037
8638,Service,D,MPL_038
8639,Electrical,E,MPL_039
8640,Engine,A,MPL_040
8641,Parts,B,MPL_041
8642,Accessories,C,MPL_042
8643,Service,D,MPL_043
8644,Electrical,E,MPL_044
8645,Engine,A,MPL_045
8646,Parts,B,MPL_046
8647,Accessories,C,MPL_047
8648,Service,D,MPL_048
8649,Electrical,E,MPL_049
8650,Engine,A,MPL_050
8651,Parts,B,MPL_051
8652,Accessories,C,MPL_052
8653,Service,D,MPL_053
8654,Electrical,E,MPL_054
8655,Engine,A,MPL_055
8656,Parts,B,MPL_056
8657,Accessories,C,MPL_057
8658,Service,D,MPL_058
8659,Electrical,E,MPL_059
8660,Engine,A,MPL_060
8661,Parts,B,MPL_061
8662,Accessories,C,MPL_062
8663,Service,D,MPL_063
8664,Electrical,E,MPL_064
8665,Engine,A,MPL_065
8666,Parts,B,MPL_066
8667,Accessories,C,MPL_067
8668,Service,D,MPL_068
8669,Electrical,E,MPL_069
8670,Engine,A,MPL_070
8671,Parts,B,MPL_071
8672,Accessories,C,MPL_072
8673,Service,D,MPL_073
8674,Electrical,E,MPL_074
8675,Engine,A,MPL_075
8676,Parts,B,MPL_076
8677,Accessories,C,MPL_077
8678,Service,D,MPL_078
8679,Electrical,E,MPL_079
8680,Engine,A,MPL_080
8681,Parts,B,MPL_081
8682,Accessories,C,MPL_082
8683,Service,D,MPL_083
8684,Electrical,E,MPL_084
8685,Engine,A,MPL_085
8686,Parts,B,MPL_086
8687,Accessories,C,MPL_087
8688,Service,D,MPL_088
8689,Electrical,E,MPL_089
8690,Engine,A,MPL_090
8691,Parts,B,MPL_091
8692,Accessories,C,MPL_092
8693,Service,D,MPL_093
8694,Electrical,E,MPL_094
8695,Engine,A,MPL_095
8696,Parts,B,MPL_096
8697,Accessories,C,MPL_097
8698,Service,D,MPL_098
8699,Electrical,E,MPL_099
8700,Engine,A,MPL_000
8701,Parts,B,MPL_001
8702,Accessories,C,MPL_002
8703,Service,D,MPL_003
8704,Electrical,E,MPL_004
8705,Engine,A,MPL_005
8706,Parts,B,MPL_006
8707,Accessories,C,MPL_007
8708,Service,D,MPL_008
8709,Electrical,E,MPL_009
8710,Engine,A,MPL_010
8711,Parts,B,MPL_011
8712,Accessories,C,MPL_012
8713,Service,D,MPL_013
8714,Electrical,E,MPL_014
8715,Engine,A,MPL_015
8716,Parts,B,MPL_016
8717,Accessories,C,MPL_017
8718,Service,D,MPL_018
8719,Electrical,E,MPL_019
8720,Engine,A,MPL_020
8721,Parts,B,MPL_021
8722,Accessories,C,MPL_022
8723,Service,D,MPL_023
8724,Electrical,E,MPL_024
8725,Engine,A,MPL_025
8726,Parts,B,MPL_026
8727,Accessories,C,MPL_027
8728,Service,D,MPL_028
8729,Electrical,E,MPL_029
8730,Engine,A,MPL_030
8731,Parts,B,MPL_031
8732,Accessories,C,MPL_032
8733,Service,D,MPL_033
8734,Electrical,E,MPL_034
8735,Engine,A,MPL_035
8736,Parts,B,MPL_036
8737,Accessories,C,MPL_037
8738,Service,D,MPL_038
8739,Electrical,E,MPL_039
8740,Engine,A,MPL_040
8741,Parts,B,MPL_041
8742,Accessories,C,MPL_042
8743,Service,D,MPL_043
8744,Electrical,E,MPL_044
8745,Engine,A,MPL_045
8746,Parts,B,MPL_046
8747,Accessories,C,MPL_047
8748,Service,D,MPL_048
8749,Electrical,E,MPL_049
8750,Engine,A,MPL_050
8751,Parts,B,MPL_051
8752,Accessories,C,MPL_052
8753,Service,D,MPL_053
8754,Electrical,E,MPL_054
8755,Engine,A,MPL_055
8756,Parts,B,MPL_056
8757,Accessories,C,MPL_057
8758,Service,D,MPL_058
8759,Electrical,E,MPL_059
8760,Engine,A,MPL_060
8761,Parts,B,MPL_061
8762,Accessories,C,MPL_062
8763,Service,D,MPL_063
8764,Electrical,E,MPL_064
8765,Engine,A,MPL_065
8766,Parts,B,MPL_066
8767,Accessories,C,MPL_067
8768,Service,D,MPL_068
8769,Electrical,E,MPL_069
8770,Engine,A,MPL_070
8771,Parts,B,MPL_071
8772,Accessories,C,MPL_072
8773,Service,D,MPL_073
8774,Electrical,E,MPL_074
8775,Engine,A,MPL_075
8776,Parts,B,MPL_076
8777,Accessories,C,MPL_077
8778,Service,D,MPL_078
8779,Electrical,E,MPL_079
8780,Engine,A,MPL_080
8781,Parts,B,MPL_081
8782,Accessories,C,MPL_082
8783,Service,D,MPL_083
8784,Electrical,E,MPL_084
8785,Engine,A,MPL_085
8786,Parts,B,MPL_086
8787,Accessories,C,MPL_087
8788,Service,D,MPL_088
8789,Electrical,E,MPL_089
8790,Engine,A,MPL_090
8791,Parts,B,MPL_091
8792,Accessories,C,MPL_092
8793,Service,D,MPL_093
8794,Electrical,E,MPL_094
8795,Engine,A,MPL_095
8796,Parts,B,MPL_096
8797,Accessories,C,MPL_097
8798,Service,D,MPL_098
8799,Electrical,E,MPL_099
8800,Engine,A,MPL_000
8801,Parts,B,MPL_001
8802,Accessories,C,MPL_002
8803,Service,D,MPL_003
8804,Electrical,E,MPL_004
8805,Engine,A,MPL_005
8806,Parts,B,MPL_006
8807,Accessories,C,MPL_007
8808,Service,D,MPL_008
8809,Electrical,E,MPL_009
8810,Engine,A,MPL_010
8811,Parts,B,MPL_011
8812,Accessories,C,MPL_012
8813,Service,D,MPL_013
8814,Electrical,E,MPL_014
8815,Engine,A,MPL_015
8816,Parts,B,MPL_016
8817,Accessories,C,MPL_017
8818,Service,D,MPL_018
8819,Electrical,E,MPL_019
8820,Engine,A,MPL_020
8821,Parts,B,MPL_021
8822,Accessories,C,MPL_022
8823,Service,D,MPL_023
8824,Electrical,E,MPL_024
8825,Engine,A,MPL_025
8826,Parts,B,MPL_026
8827,Accessories,C,MPL_027
8828,Service,D,MPL_028
8829,Electrical,E,MPL_029
8830,Engine,A,MPL_030
8831,Parts,B,MPL_031
8832,Accessories,C,MPL_032
8833,Service,D,MPL_033
8834,Electrical,E,MPL_034
8835,Engine,A,MPL_035
8836,Parts,B,MPL_036
8837,Accessories,C,MPL_037
8838,Service,D,MPL_038
8839,Electrical,E,MPL_039
8840,Engine,A,MPL_040
8841,Parts,B,MPL_041
8842,Accessories,C,MPL_042
8843,Service,D,MPL_043
8844,Electrical,E,MPL_044
8845,Engine,A,MPL_045
8846,Parts,B,MPL_046
8847,Accessories,C,MPL_047
8848,Service,D,MPL_048
8849,Electrical,E,MPL_049
8850,Engine,A,MPL_050
8851,Parts,B,MPL_051
8852,Accessories,C,MPL_052
8853,Service,D,MPL_053
8854,Electrical,E,MPL_054
8855,Engine,A,MPL_055
8856,Parts,B,MPL_056
8857,Accessories,C,MPL_057
8858,Service,D,MPL_058
8859,Electrical,E,MPL_059
8860,Engine,A,MPL_060
8861,Parts,B,MPL_061
8862,Accessories,C,MPL_062
8863,Service,D,MPL_063
8864,Electrical,E,MPL_064
8865,Engine,A,MPL_065
8866,Parts,B,MPL_066
8867,Accessories,C,MPL_067
8868,Service,D,MPL_068
8869,Electrical,E,MPL_069
8870,Engine,A,MPL_070
8871,Parts,B,MPL_071
8872,Accessories,C,MPL_072
8873,Service,D,MPL_073
8874,Electrical,E,MPL_074
8875,Engine,A,MPL_075
8876,Parts,B,MPL_076
8877,Accessories,C,MPL_077
8878,Service,D,MPL_078
8879,Electrical,E,MPL_079
8880,Engine,A,MPL_080
8881,Parts,B,MPL_081
8882,Accessories,C,MPL_082
8883,Service,D,MPL_083
8884,Electrical,E,MPL_084
8885,Engine,A,MPL_085
8886,Parts,B,MPL_086
8887,Accessories,C,MPL_087
8888,Service,D,MPL_088
8889,Electrical,E,MPL_089
8890,Engine,A,MPL_090
8891,Parts,B,MPL_091
8892,Accessories,C,MPL_092
8893,Service,D,MPL_093
8894,Electrical,E,MPL_094
8895,Engine,A,MPL_095
8896,Parts,B,MPL_096
8897,Accessories,C,MPL_097
8898,Service,D,MPL_098
8899,Electrical,E,MPL_099
8900,Engine,A,MPL_000
8901,Parts,B,MPL_001
8902,Accessories,C,MPL_002
8903,Service,D,MPL_003
8904,Electrical,E,MPL_004
8905,Engine,A,MPL_005
8906,Parts,B,MPL_006
8907,Accessories,C,MPL_007
8908,Service,D,MPL_008
8909,Electrical,E,MPL_009
8910,Engine,A,MPL_010
8911,Parts,B,MPL_011
8912,Accessories,C,MPL_012
8913,Service,D,MPL_013
8914,Electrical,E,MPL_014
8915,Engine,A,MPL_015
8916,Parts,B,MPL_016
8917,Accessories,C,MPL_017
8918,Service,D,MPL_018
8919,Electrical,E,MPL_019
8920,Engine,A,MPL_020
8921,Parts,B,MPL_021
8922,Accessories,C,MPL_022
8923,Service,D,MPL_023
8924,Electrical,E,MPL_024
8925,Engine,A,MPL_025
8926,Parts,B,MPL_026
8927,Accessories,C,MPL_027
8928,Service,D,MPL_028
8929,Electrical,E,MPL_029
8930,Engine,A,MPL_030
8931,Parts,B,MPL_031
8932,Accessories,C,MPL_032
8933,Service,D,MPL_033
8934,Electrical,E,MPL_034
8935,Engine,A,MPL_035
8936,Parts,B,MPL_036
8937,Accessories,C,MPL_037
8938,Service,D,MPL_038
8939,Electrical,E,MPL_039
8940,Engine,A,MPL_040
8941,Parts,B,MPL_041
8942,Accessories,C,MPL_042
8943,Service,D,MPL_043
8944,Electrical,E,MPL_044
8945,Engine,A,MPL_045
8946,Parts,B,MPL_046
8947,Accessories,C,MPL_047
8948,Service,D,MPL_048
8949,Electrical,E,MPL_049
8950,Engine,A,MPL_050
8951,Parts,B,MPL_051
8952,Accessories,C,MPL_052
8953,Service,D,MPL_053
8954,Electrical,E,MPL_054
8955,Engine,A,MPL_055
8956,Parts,B,MPL_056
8957,Accessories,C,MPL_057
8958,Service,D,MPL_058
8959,Electrical,E,MPL_059
8960,Engine,A,MPL_060
8961,Parts,B,MPL_061
8962,Accessories,C,MPL_062
8963,Service,D,MPL_063
8964,Electrical,E,MPL_064
8965,Engine,A,MPL_065
8966,Parts,B,MPL_066
8967,Accessories,C,MPL_067
8968,Service,D,MPL_068
8969,Electrical,E,MPL_069
8970,Engine,A,MPL_070
8971,Parts,B,MPL_071
8972,Accessories,C,MPL_072
8973,Service,D,MPL_073
8974,Electrical,E,MPL_074
8975,Engine,A,MPL_075
8976,Parts,B,MPL_076
8977,Accessories,C,MPL_077
8978,Service,D,MPL_078
8979,Electrical,E,MPL_079
8980,Engine,A,MPL_080
8981,Parts,B,MPL_081
8982,Accessories,C,MPL_082
8983,Service,D,MPL_083
8984,Electrical,E,MPL_084
8985,Engine,A,MPL_085
8986,Parts,B,MPL_086
8987,Accessories,C,MPL_087
8988,Service,D,MPL_088
8989,Electrical,E,MPL_089
8990,Engine,A,MPL_090
8991,Parts,B,MPL_091
8992,Accessories,C,MPL_092
8993,Service,D,MPL_093
8994,Electrical,E,MPL_094
8995,Engine,A,MPL_095
8996,Parts,B,MPL_096
8997,Accessories,C,MPL_097
8998,Service,D,MPL_098
8999,Electrical,E,MPL_099
9000,Engine,A,MPL_000
9001,Parts,B,MPL_001
9002,Accessories,C,MPL_002
9003,Service,D,MPL_003
9004,Electrical,E,MPL_004
9005,Engine,A,MPL_005
9006,Parts,B,MPL_006
9007,Accessories,C,MPL_007
9008,Service,D,MPL_008
9009,Electrical,E,MPL_009
9010,Engine,A,MPL_010
9011,Parts,B,MPL_011
9012,Accessories,C,MPL_012
9013,Service,D,MPL_013
9014,Electrical,E,MPL_014
9015,Engine,A,MPL_015
9016,Parts,B,MPL_016
9017,Accessories,C,MPL_017
9018,Service,D,MPL_018
9019,Electrical,E,MPL_019
9020,Engine,A,MPL_020
9021,Parts,B,MPL_021
9022,Accessories,C,MPL_022
9023,Service,D,MPL_023
9024,Electrical,E,MPL_024
9025,Engine,A,MPL_025
9026,Parts,B,MPL_026
9027,Accessories,C,MPL_027
9028,Service,D,MPL_028
9029,Electrical,E,MPL_029
9030,Engine,A,MPL_030
9031,Parts,B,MPL_031
9032,Accessories,C,MPL_032
9033,Service,D,MPL_033
9034,Electrical,E,MPL_034
9035,Engine,A,MPL_035
9036,Parts,B,MPL_036
9037,Accessories,C,MPL_037
9038,Service,D,MPL_038
9039,Electrical,E,MPL_039
9040,Engine,A,MPL_040
9041,Parts,B,MPL_041
9042,Accessories,C,MPL_042
9043,Service,D,MPL_043
9044,Electrical,E,MPL_044
9045,Engine,A,MPL_045
9046,Parts,B,MPL_046
9047,Accessories,C,MPL_047
9048,Service,D,MPL_048
9049,Electrical,E,MPL_049
9050,Engine,A,MPL_050
9051,Parts,B,MPL_051
9052,Accessories,C,MPL_052
9053,Service,D,MPL_053
9054,Electrical,E,MPL_054
9055,Engine,A,MPL_055
9056,Parts,B,MPL_056
9057,Accessories,C,MPL_057
9058,Service,D,MPL_058
9059,Electrical,E,MPL_059
9060,Engine,A,MPL_060
9061,Parts,B,MPL_061
9062,Accessories,C,MPL_062
9063,Service,D,MPL_063
9064,Electrical,E,MPL_064
9065,Engine,A,MPL_065
9066,Parts,B,MPL_066
9067,Accessories,C,MPL_067
9068,Service,D,MPL_068
9069,Electrical,E,MPL_069
9070,Engine,A,MPL_070
9071,Parts,B,MPL_071
9072,Accessories,C,MPL_072
9073,Service,D,MPL_073
9074,Electrical,E,MPL_074
9075,Engine,A,MPL_075
9076,Parts,B,MPL_076
9077,Accessories,C,MPL_077
9078,Service,D,MPL_078
9079,Electrical,E,MPL_079
9080,Engine,A,MPL_080
9081,Parts,B,MPL_081
9082,Accessories,C,MPL_082
9083,Service,D,MPL_083
9084,Electrical,E,MPL_084
9085,Engine,A,MPL_085
9086,Parts,B,MPL_086
9087,Accessories,C,MPL_087
9088,Service,D,MPL_088
9089,Electrical,E,MPL_089
9090,Engine,A,MPL_090
9091,Parts,B,MPL_091
9092,Accessories,C,MPL_092
9093,Service,D,MPL_093
9094,Electrical,E,MPL_094
9095,Engine,A,MPL_095
9096,Parts,B,MPL_096
9097,Accessories,C,MPL_097
9098,Service,D,MPL_098
9099,Electrical,E,MPL_099
9100,Engine,A,MPL_000
9101,Parts,B,MPL_001
9102,Accessories,C,MPL_002
9103,Service,D,MPL_003
9104,Electrical,E,MPL_004
9105,Engine,A,MPL_005
9106,Parts,B,MPL_006
9107,Accessories,C,MPL_007
9108,Service,D,MPL_008
9109,Electrical,E,MPL_009
9110,Engine,A,MPL_010
9111,Parts,B,MPL_011
9112,Accessories,C,MPL_012
9113,Service,D,MPL_013
9114,Electrical,E,MPL_014
9115,Engine,A,MPL_015
9116,Parts,B,MPL_016
9117,Accessories,C,MPL_017
9118,Service,D,MPL_018
9119,Electrical,E,MPL_019
9120,Engine,A,MPL_020
9121,Parts,B,MPL_021
9122,Accessories,C,MPL_022
9123,Service,D,MPL_023
9124,Electrical,E,MPL_024
9125,Engine,A,MPL_025
9126,Parts,B,MPL_026
9127,Accessories,C,MPL_027
9128,Service,D,MPL_028
9129,Electrical,E,MPL_029
9130,Engine,A,MPL_030
9131,Parts,B,MPL_031
9132,Accessories,C,MPL_032
9133,Service,D,MPL_033
9134,Electrical,E,MPL_034
9135,Engine,A,MPL_035
9136,Parts,B,MPL_036
9137,Accessories,C,MPL_037
9138,Service,D,MPL_038
9139,Electrical,E,MPL_039
9140,Engine,A,MPL_040
9141,Parts,B,MPL_041
9142,Accessories,C,MPL_042
9143,Service,D,MPL_043
9144,Electrical,E,MPL_044
9145,Engine,A,MPL_045
9146,Parts,B,MPL_046
9147,Accessories,C,MPL_047
9148,Service,D,MPL_048
9149,Electrical,E,MPL_049
9150,Engine,A,MPL_050
9151,Parts,B,MPL_051
9152,Accessories,C,MPL_052
9153,Service,D,MPL_053
9154,Electrical,E,MPL_054
9155,Engine,A,MPL_055
9156,Parts,B,MPL_056
9157,Accessories,C,MPL_057
9158,Service,D,MPL_058
9159,Electrical,E,MPL_059
9160,Engine,A,MPL_060
9161,Parts,B,MPL_061
9162,Accessories,C,MPL_062
9163,Service,D,MPL_063
9164,Electrical,E,MPL_064
9165,Engine,A,MPL_065
9166,Parts,B,MPL_066
9167,Accessories,C,MPL_067
9168,Service,D,MPL_068
9169,Electrical,E,MPL_069
9170,Engine,A,MPL_070
9171,Parts,B,MPL_071
9172,Accessories,C,MPL_072
9173,Service,D,MPL_073
9174,Electrical,E,MPL_074
9175,Engine,A,MPL_075
9176,Parts,B,MPL_076
9177,Accessories,C,MPL_077
9178,Service,D,MPL_078
9179,Electrical,E,MPL_079
9180,Engine,A,MPL_080
9181,Parts,B,MPL_081
9182,Accessories,C,MPL_082
9183,Service,D,MPL_083
9184,Electrical,E,MPL_084
9185,Engine,A,MPL_085
9186,Parts,B,MPL_086
9187,Accessories,C,MPL_087
9188,Service,D,MPL_088
9189,Electrical,E,MPL_089
9190,Engine,A,MPL_090
9191,Parts,B,MPL_091
9192,Accessories,C,MPL_092
9193,Service,D,MPL_093
9194,Electrical,E,MPL_094
9195,Engine,A,MPL_095
9196,Parts,B,MPL_096
9197,Accessories,C,MPL_097
9198,Service,D,MPL_098
9199,Electrical,E,MPL_099
9200,Engine,A,MPL_000
9201,Parts,B,MPL_001
9202,Accessories,C,MPL_002
9203,Service,D,MPL_003
9204,Electrical,E,MPL_004
9205,Engine,A,MPL_005
9206,Parts,B,MPL_006
9207,Accessories,C,MPL_007
9208,Service,D,MPL_008
9209,Electrical,E,MPL_009
9210,Engine,A,MPL_010
9211,Parts,B,MPL_011
9212,Accessories,C,MPL_012
9213,Service,D,MPL_013
9214,Electrical,E,MPL_014
9215,Engine,A,MPL_015
9216,Parts,B,MPL_016
9217,Accessories,C,MPL_017
9218,Service,D,MPL_018
9219,Electrical,E,MPL_019
9220,Engine,A,MPL_020
9221,Parts,B,MPL_021
9222,Accessories,C,MPL_022
9223,Service,D,MPL_023
9224,Electrical,E,MPL_024
9225,Engine,A,MPL_025
9226,Parts,B,MPL_026
9227,Accessories,C,MPL_027
9228,Service,D,MPL_028
9229,Electrical,E,MPL_029
9230,Engine,A,MPL_030
9231,Parts,B,MPL_031
9232,Accessories,C,MPL_032
9233,Service,D,MPL_033
9234,Electrical,E,MPL_034
9235,Engine,A,MPL_035
9236,Parts,B,MPL_036
9237,Accessories,C,MPL_037
9238,Service,D,MPL_038
9239,Electrical,E,MPL_039
9240,Engine,A,MPL_040
9241,Parts,B,MPL_041
9242,Accessories,C,MPL_042
9243,Service,D,MPL_043
9244,Electrical,E,MPL_044
9245,Engine,A,MPL_045
9246,Parts,B,MPL_046
9247,Accessories,C,MPL_047
9248,Service,D,MPL_048
9249,Electrical,E,MPL_049
9250,Engine,A,MPL_050
9251,Parts,B,MPL_051
9252,Accessories,C,MPL_052
9253,Service,D,MPL_053
9254,Electrical,E,MPL_054
9255,Engine,A,MPL_055
9256,Parts,B,MPL_056
9257,Accessories,C,MPL_057
9258,Service,D,MPL_058
9259,Electrical,E,MPL_059
9260,Engine,A,MPL_060
9261,Parts,B,MPL_061
9262,Accessories,C,MPL_062
9263,Service,D,MPL_063
9264,Electrical,E,MPL_064
9265,Engine,A,MPL_065
9266,Parts,B,MPL_066
9267,Accessories,C,MPL_067
9268,Service,D,MPL_068
9269,Electrical,E,MPL_069
9270,Engine,A,MPL_070
9271,Parts,B,MPL_071
9272,Accessories,C,MPL_072
9273,Service,D,MPL_073
9274,Electrical,E,MPL_074
9275,Engine,A,MPL_075
9276,Parts,B,MPL_076
9277,Accessories,C,MPL_077
9278,Service,D,MPL_078
9279,Electrical,E,MPL_079
9280,Engine,A,MPL_080
9281,Parts,B,MPL_081
9282,Accessories,C,MPL_082
9283,Service,D,MPL_083
9284,Electrical,E,MPL_084
9285,Engine,A,MPL_085
9286,Parts,B,MPL_086
9287,Accessories,C,MPL_087
9288,Service,D,MPL_088
9289,Electrical,E,MPL_089
9290,Engine,A,MPL_090
9291,Parts,B,MPL_091
9292,Accessories,C,MPL_092
9293,Service,D,MPL_093
9294,Electrical,E,MPL_094
9295,Engine,A,MPL_095
9296,Parts,B,MPL_096
9297,Accessories,C,MPL_097
9298,Service,D,MPL_098
9299,Electrical,E,MPL_099
9300,Engine,A,MPL_000
9301,Parts,B,MPL_001
9302,Accessories,C,MPL_002
9303,Service,D,MPL_003
9304,Electrical,E,MPL_004
9305,Engine,A,MPL_005
9306,Parts,B,MPL_006
9307,Accessories,C,MPL_007
9308,Service,D,MPL_008
9309,Electrical,E,MPL_009
9310,Engine,A,MPL_010
9311,Parts,B,MPL_011
9312,Accessories,C,MPL_012
9313,Service,D,MPL_013
9314,Electrical,E,MPL_014
9315,Engine,A,MPL_015
9316,Parts,B,MPL_016
9317,Accessories,C,MPL_017
9318,Service,D,MPL_018
9319,Electrical,E,MPL_019
9320,Engine,A,MPL_020
9321,Parts,B,MPL_021
9322,Accessories,C,MPL_022
9323,Service,D,MPL_023
9324,Electrical,E,MPL_024
9325,Engine,A,MPL_025
9326,Parts,B,MPL_026
9327,Accessories,C,MPL_027
9328,Service,D,MPL_028
9329,Electrical,E,MPL_029
9330,Engine,A,MPL_030
9331,Parts,B,MPL_031
9332,Accessories,C,MPL_032
9333,Service,D,MPL_033
9334,Electrical,E,MPL_034
9335,Engine,A,MPL_035
9336,Parts,B,MPL_036
9337,Accessories,C,MPL_037
9338,Service,D,MPL_038
9339,Electrical,E,MPL_039
9340,Engine,A,MPL_040
9341,Parts,B,MPL_041
9342,Accessories,C,MPL_042
9343,Service,D,MPL_043
9344,Electrical,E,MPL_044
9345,Engine,A,MPL_045
9346,Parts,B,MPL_046
9347,Accessories,C,MPL_047
9348,Service,D,MPL_048
9349,Electrical,E,MPL_049
9350,Engine,A,MPL_050
9351,Parts,B,MPL_051
9352,Accessories,C,MPL_052
9353,Service,D,MPL_053
9354,Electrical,E,MPL_054
9355,Engine,A,MPL_055
9356,Parts,B,MPL_056
9357,Accessories,C,MPL_057
9358,Service,D,MPL_058
9359,Electrical,E,MPL_059
9360,Engine,A,MPL_060
9361,Parts,B,MPL_061
9362,Accessories,C,MPL_062
9363,Service,D,MPL_063
9364,Electrical,E,MPL_064
9365,Engine,A,MPL_065
9366,Parts,B,MPL_066
9367,Accessories,C,MPL_067
9368,Service,D,MPL_068
9369,Electrical,E,MPL_069
9370,Engine,A,MPL_070
9371,Parts,B,MPL_071
9372,Accessories,C,MPL_072
9373,Service,D,MPL_073
9374,Electrical,E,MPL_074
9375,Engine,A,MPL_075
9376,Parts,B,MPL_076
9377,Accessories,C,MPL_077
9378,Service,D,MPL_078
9379,Electrical,E,MPL_079
9380,Engine,A,MPL_080
9381,Parts,B,MPL_081
9382,Accessories,C,MPL_082
9383,Service,D,MPL_083
9384,Electrical,E,MPL_084
9385,Engine,A,MPL_085
9386,Parts,B,MPL_086
9387,Accessories,C,MPL_087
9388,Service,D,MPL_088
9389,Electrical,E,MPL_089
9390,Engine,A,MPL_090
9391,Parts,B,MPL_091
9392,Accessories,C,MPL_092
9393,Service,D,MPL_093
9394,Electrical,E,MPL_094
9395,Engine,A,MPL_095
9396,Parts,B,MPL_096
9397,Accessories,C,MPL_097
9398,Service,D,MPL_098
9399,Electrical,E,MPL_099
9400,Engine,A,MPL_000
9401,Parts,B,MPL_001
9402,Accessories,C,MPL_002
9403,Service,D,MPL_003
9404,Electrical,E,MPL_004
9405,Engine,A,MPL_005
9406,Parts,B,MPL_006
9407,Accessories,C,MPL_007
9408,Service,D,MPL_008
9409,Electrical,E,MPL_009
9410,Engine,A,MPL_010
9411,Parts,B,MPL_011
9412,Accessories,C,MPL_012
9413,Service,D,MPL_013
9414,Electrical,E,MPL_014
9415,Engine,A,MPL_015
9416,Parts,B,MPL_016
9417,Accessories,C,MPL_017
9418,Service,D,MPL_018
9419,Electrical,E,MPL_019
9420,Engine,A,MPL_020
9421,Parts,B,MPL_021
9422,Accessories,C,MPL_022
9423,Service,D,MPL_023
9424,Electrical,E,MPL_024
9425,Engine,A,MPL_025
9426,Parts,B,MPL_026
9427,Accessories,C,MPL_027
9428,Service,D,MPL_028
9429,Electrical,E,MPL_029
9430,Engine,A,MPL_030
9431,Parts,B,MPL_031
9432,Accessories,C,MPL_032
9433,Service,D,MPL_033
9434,Electrical,E,MPL_034
9435,Engine,A,MPL_035
9436,Parts,B,MPL_036
9437,Accessories,C,MPL_037
9438,Service,D,MPL_038
9439,Electrical,E,MPL_039
9440,Engine,A,MPL_040
9441,Parts,B,MPL_041
9442,Accessories,C,MPL_042
9443,Service,D,MPL_043
9444,Electrical,E,MPL_044
9445,Engine,A,MPL_045
9446,Parts,B,MPL_046
9447,Accessories,C,MPL_047
9448,Service,D,MPL_048
9449,Electrical,E,MPL_049
9450,Engine,A,MPL_050
9451,Parts,B,MPL_051
9452,Accessories,C,MPL_052
9453,Service,D,MPL_053
9454,Electrical,E,MPL_054
9455,Engine,A,MPL_055
9456,Parts,B,MPL_056
9457,Accessories,C,MPL_057
9458,Service,D,MPL_058
9459,Electrical,E,MPL_059
9460,Engine,A,MPL_060
9461,Parts,B,MPL_061
9462,Accessories,C,MPL_062
9463,Service,D,MPL_063
9464,Electrical,E,MPL_064
9465,Engine,A,MPL_065
9466,Parts,B,MPL_066
9467,Accessories,C,MPL_067
9468,Service,D,MPL_068
9469,Electrical,E,MPL_069
9470,Engine,A,MPL_070
9471,Parts,B,MPL_071
9472,Accessories,C,MPL_072
9473,Service,D,MPL_073
9474,Electrical,E,MPL_074
9475,Engine,A,MPL_075
9476,Parts,B,MPL_076
9477,Accessories,C,MPL_077
9478,Service,D,MPL_078
9479,Electrical,E,MPL_079
9480,Engine,A,MPL_080
9481,Parts,B,MPL_081
9482,Accessories,C,MPL_082
9483,Service,D,MPL_083
9484,Electrical,E,MPL_084
9485,Engine,A,MPL_085
9486,Parts,B,MPL_086
9487,Accessories,C,MPL_087
9488,Service,D,MPL_088
9489,Electrical,E,MPL_089
9490,Engine,A,MPL_090
9491,Parts,B,MPL_091
9492,Accessories,C,MPL_092
9493,Service,D,MPL_093
9494,Electrical,E,MPL_094
9495,Engine,A,MPL_095
9496,Parts,B,MPL_096
9497,Accessories,C,MPL_097
9498,Service,D,MPL_098
9499,Electrical,E,MPL_099
9500,Engine,A,MPL_000
9501,Parts,B,MPL_001
9502,Accessories,C,MPL_002
9503,Service,D,MPL_003
9504,Electrical,E,MPL_004
9505,Engine,A,MPL_005
9506,Parts,B,MPL_006
9507,Accessories,C,MPL_007
9508,Service,D,MPL_008
9509,Electrical,E,MPL_009
9510,Engine,A,MPL_010
9511,Parts,B,MPL_011
9512,Accessories,C,MPL_012
9513,Service,D,MPL_013
9514,Electrical,E,MPL_014
9515,Engine,A,MPL_015
9516,Parts,B,MPL_016
9517,Accessories,C,MPL_017
9518,Service,D,MPL_018
9519,Electrical,E,MPL_019
9520,Engine,A,MPL_020
9521,Parts,B,MPL_021
9522,Accessories,C,MPL_022
9523,Service,D,MPL_023
9524,Electrical,E,MPL_024
9525,Engine,A,MPL_025
9526,Parts,B,MPL_026
9527,Accessories,C,MPL_027
9528,Service,D,MPL_028
9529,Electrical,E,MPL_029
9530,Engine,A,MPL_030
9531,Parts,B,MPL_031
9532,Accessories,C,MPL_032
9533,Service,D,MPL_033
9534,Electrical,E,MPL_034
9535,Engine,A,MPL_035
9536,Parts,B,MPL_036
9537,Accessories,C,MPL_037
9538,Service,D,MPL_038
9539,Electrical,E,MPL_039
9540,Engine,A,MPL_040
9541,Parts,B,MPL_041
9542,Accessories,C,MPL_042
9543,Service,D,MPL_043
9544,Electrical,E,MPL_044
9545,Engine,A,MPL_045
9546,Parts,B,MPL_046
9547,Accessories,C,MPL_047
9548,Service,D,MPL_048
9549,Electrical,E,MPL_049
9550,Engine,A,MPL_050
9551,Parts,B,MPL_051
9552,Accessories,C,MPL_052
9553,Service,D,MPL_053
9554,Electrical,E,MPL_054
9555,Engine,A,MPL_055
9556,Parts,B,MPL_056
9557,Accessories,C,MPL_057
9558,Service,D,MPL_058
9559,Electrical,E,MPL_059
9560,Engine,A,MPL_060
9561,Parts,B,MPL_061
9562,Accessories,C,MPL_062
9563,Service,D,MPL_063
9564,Electrical,E,MPL_064
9565,Engine,A,MPL_065
9566,Parts,B,MPL_066
9567,Accessories,C,MPL_067
9568,Service,D,MPL_068
9569,Electrical,E,MPL_069
9570,Engine,A,MPL_070
9571,Parts,B,MPL_071
9572,Accessories,C,MPL_072
9573,Service,D,MPL_073
9574,Electrical,E,MPL_074
9575,Engine,A,MPL_075
9576,Parts,B,MPL_076
9577,Accessories,C,MPL_077
9578,Service,D,MPL_078
9579,Electrical,E,MPL_079
9580,Engine,A,MPL_080
9581,Parts,B,MPL_081
9582,Accessories,C,MPL_082
9583,Service,D,MPL_083
9584,Electrical,E,MPL_084
9585,Engine,A,MPL_085
9586,Parts,B,MPL_086
9587,Accessories,C,MPL_087
9588,Service,D,MPL_088
9589,Electrical,E,MPL_089
9590,Engine,A,MPL_090
9591,Parts,B,MPL_091
9592,Accessories,C,MPL_092
9593,Service,D,MPL_093
9594,Electrical,E,MPL_094
9595,Engine,A,MPL_095
9596,Parts,B,MPL_096
9597,Accessories,C,MPL_097
9598,Service,D,MPL_098
9599,Electrical,E,MPL_099
9600,Engine,A,MPL_000
9601,Parts,B,MPL_001
9602,Accessories,C,MPL_002
9603,Service,D,MPL_003
9604,Electrical,E,MPL_004
9605,Engine,A,MPL_005
9606,Parts,B,MPL_006
9607,Accessories,C,MPL_007
9608,Service,D,MPL_008
9609,Electrical,E,MPL_009
9610,Engine,A,MPL_010
9611,Parts,B,MPL_011
9612,Accessories,C,MPL_012
9613,Service,D,MPL_013
9614,Electrical,E,MPL_014
9615,Engine,A,MPL_015
9616,Parts,B,MPL_016
9617,Accessories,C,MPL_017
9618,Service,D,MPL_018
9619,Electrical,E,MPL_019
9620,Engine,A,MPL_020
9621,Parts,B,MPL_021
9622,Accessories,C,MPL_022
9623,Service,D,MPL_023
9624,Electrical,E,MPL_024
9625,Engine,A,MPL_025
9626,Parts,B,MPL_026
9627,Accessories,C,MPL_027
9628,Service,D,MPL_028
9629,Electrical,E,MPL_029
9630,Engine,A,MPL_030
9631,Parts,B,MPL_031
9632,Accessories,C,MPL_032
9633,Service,D,MPL_033
9634,Electrical,E,MPL_034
9635,Engine,A,MPL_035
9636,Parts,B,MPL_036
9637,Accessories,C,MPL_037
9638,Service,D,MPL_038
9639,Electrical,E,MPL_039
9640,Engine,A,MPL_040
9641,Parts,B,MPL_041
9642,Accessories,C,MPL_042
9643,Service,D,MPL_043
9644,Electrical,E,MPL_044
9645,Engine,A,MPL_045
9646,Parts,B,MPL_046
9647,Accessories,C,MPL_047
9648,Service,D,MPL_048
9649,Electrical,E,MPL_049
9650,Engine,A,MPL_050
9651,Parts,B,MPL_051
9652,Accessories,C,MPL_052
9653,Service,D,MPL_053
9654,Electrical,E,MPL_054
9655,Engine,A,MPL_055
9656,Parts,B,MPL_056
9657,Accessories,C,MPL_057
9658,Service,D,MPL_058
9659,Electrical,E,MPL_059
9660,Engine,A,MPL_060
9661,Parts,B,MPL_061
9662,Accessories,C,MPL_062
9663,Service,D,MPL_063
9664,Electrical,E,MPL_064
9665,Engine,A,MPL_065
9666,Parts,B,MPL_066
9667,Accessories,C,MPL_067
9668,Service,D,MPL_068
9669,Electrical,E,MPL_069
9670,Engine,A,MPL_070
9671,Parts,B,MPL_071
9672,Accessories,C,MPL_072
9673,Service,D,MPL_073
9674,Electrical,E,MPL_074
9675,Engine,A,MPL_075
9676,Parts,B,MPL_076
9677,Accessories,C,MPL_077
9678,Service,D,MPL_078
9679,Electrical,E,MPL_079
9680,Engine,A,MPL_080
9681,Parts,B,MPL_081
9682,Accessories,C,MPL_082
9683,Service,D,MPL_083
9684,Electrical,E,MPL_084
9685,Engine,A,MPL_085
9686,Parts,B,MPL_086
9687,Accessories,C,MPL_087
9688,Service,D,MPL_088
9689,Electrical,E,MPL_089
9690,Engine,A,MPL_090
9691,Parts,B,MPL_091
9692,Accessories,C,MPL_092
9693,Service,D,MPL_093
9694,Electrical,E,MPL_094
9695,Engine,A,MPL_095
9696,Parts,B,MPL_096
9697,Accessories,C,MPL_097
9698,Service,D,MPL_098
9699,Electrical,E,MPL_099
9700,Engine,A,MPL_000
9701,Parts,B,MPL_001
9702,Accessories,C,MPL_002
9703,Service,D,MPL_003
9704,Electrical,E,MPL_004
9705,Engine,A,MPL_005
9706,Parts,B,MPL_006
9707,Accessories,C,MPL_007
9708,Service,D,MPL_008
9709,Electrical,E,MPL_009
9710,Engine,A,MPL_010
9711,Parts,B,MPL_011
9712,Accessories,C,MPL_012
9713,Service,D,MPL_013
9714,Electrical,E,MPL_014
9715,Engine,A,MPL_015
9716,Parts,B,MPL_016
9717,Accessories,C,MPL_017
9718,Service,D,MPL_018
9719,Electrical,E,MPL_019
9720,Engine,A,MPL_020
9721,Parts,B,MPL_021
9722,Accessories,C,MPL_022
9723,Service,D,MPL_023
9724,Electrical,E,MPL_024
9725,Engine,A,MPL_025
9726,Parts,B,MPL_026
9727,Accessories,C,MPL_027
9728,Service,D,MPL_028
9729,Electrical,E,MPL_029
9730,Engine,A,MPL_030
9731,Parts,B,MPL_031
9732,Accessories,C,MPL_032
9733,Service,D,MPL_033
9734,Electrical,E,MPL_034
9735,Engine,A,MPL_035
9736,Parts,B,MPL_036
9737,Accessories,C,MPL_037
9738,Service,D,MPL_038
9739,Electrical,E,MPL_039
9740,Engine,A,MPL_040
9741,Parts,B,MPL_041
9742,Accessories,C,MPL_042
9743,Service,D,MPL_043
9744,Electrical,E,MPL_044
9745,Engine,A,MPL_045
9746,Parts,B,MPL_046
9747,Accessories,C,MPL_047
9748,Service,D,MPL_048
9749,Electrical,E,MPL_049
9750,Engine,A,MPL_050
9751,Parts,B,MPL_051
9752,Accessories,C,MPL_052
9753,Service,D,MPL_053
9754,Electrical,E,MPL_054
9755,Engine,A,MPL_055
9756,Parts,B,MPL_056
9757,Accessories,C,MPL_057
9758,Service,D,MPL_058
9759,Electrical,E,MPL_059
9760,Engine,A,MPL_060
9761,Parts,B,MPL_061
9762,Accessories,C,MPL_062
9763,Service,D,MPL_063
9764,Electrical,E,MPL_064
9765,Engine,A,MPL_065
9766,Parts,B,MPL_066
9767,Accessories,C,MPL_067
9768,Service,D,MPL_068
9769,Electrical,E,MPL_069
9770,Engine,A,MPL_070
9771,Parts,B,MPL_071
9772,Accessories,C,MPL_072
9773,Service,D,MPL_073
9774,Electrical,E,MPL_074
9775,Engine,A,MPL_075
9776,Parts,B,MPL_076
9777,Accessories,C,MPL_077
9778,Service,D,MPL_078
9779,Electrical,E,MPL_079
9780,Engine,A,MPL_080
9781,Parts,B,MPL_081
9782,Accessories,C,MPL_082
9783,Service,D,MPL_083
9784,Electrical,E,MPL_084
9785,Engine,A,MPL_085
9786,Parts,B,MPL_086
9787,Accessories,C,MPL_087
9788,Service,D,MPL_088
9789,Electrical,E,MPL_089
9790,Engine,A,MPL_090
9791,Parts,B,MPL_091
9792,Accessories,C,MPL_092
9793,Service,D,MPL_093
9794,Electrical,E,MPL_094
9795,Engine,A,MPL_095
9796,Parts,B,MPL_096
9797,Accessories,C,MPL_097
9798,Service,D,MPL_098
9799,Electrical,E,MPL_099
9800,Engine,A,MPL_000
9801,Parts,B,MPL_001
9802,Accessories,C,MPL_002
9803,Service,D,MPL_003
9804,Electrical,E,MPL_004
9805,Engine,A,MPL_005
9806,Parts,B,MPL_006
9807,Accessories,C,MPL_007
9808,Service,D,MPL_008
9809,Electrical,E,MPL_009
9810,Engine,A,MPL_010
9811,Parts,B,MPL_011
9812,Accessories,C,MPL_012
9813,Service,D,MPL_013
9814,Electrical,E,MPL_014
9815,Engine,A,MPL_015
9816,Parts,B,MPL_016
9817,Accessories,C,MPL_017
9818,Service,D,MPL_018
9819,Electrical,E,MPL_019
9820,Engine,A,MPL_020
9821,Parts,B,MPL_021
9822,Accessories,C,MPL_022
9823,Service,D,MPL_023
9824,Electrical,E,MPL_024
9825,Engine,A,MPL_025
9826,Parts,B,MPL_026
9827,Accessories,C,MPL_027
9828,Service,D,MPL_028
9829,Electrical,E,MPL_029
9830,Engine,A,MPL_030
9831,Parts,B,MPL_031
9832,Accessories,C,MPL_032
9833,Service,D,MPL_033
9834,Electrical,E,MPL_034
9835,Engine,A,MPL_035
9836,Parts,B,MPL_036
9837,Accessories,C,MPL_037
9838,Service,D,MPL_038
9839,Electrical,E,MPL_039
9840,Engine,A,MPL_040
9841,Parts,B,MPL_041
9842,Accessories,C,MPL_042
9843,Service,D,MPL_043
9844,Electrical,E,MPL_044
9845,Engine,A,MPL_045
9846,Parts,B,MPL_046
9847,Accessories,C,MPL_047
9848,Service,D,MPL_048
9849,Electrical,E,MPL_049
9850,Engine,A,MPL_050
9851,Parts,B,MPL_051
9852,Accessories,C,MPL_052
9853,Service,D,MPL_053
9854,Electrical,E,MPL_054
9855,Engine,A,MPL_055
9856,Parts,B,MPL_056
9857,Accessories,C,MPL_057
9858,Service,D,MPL_058
9859,Electrical,E,MPL_059
9860,Engine,A,MPL_060
9861,Parts,B,MPL_061
9862,Accessories,C,MPL_062
9863,Service,D,MPL_063
9864,Electrical,E,MPL_064
9865,Engine,A,MPL_065
9866,Parts,B,MPL_066
9867,Accessories,C,MPL_067
9868,Service,D,MPL_068
9869,Electrical,E,MPL_069
9870,Engine,A,MPL_070
9871,Parts,B,MPL_071
9872,Accessories,C,MPL_072
9873,Service,D,MPL_073
9874,Electrical,E,MPL_074
9875,Engine,A,MPL_075
9876,Parts,B,MPL_076
9877,Accessories,C,MPL_077
9878,Service,D,MPL_078
9879,Electrical,E,MPL_079
9880,Engine,A,MPL_080
9881,Parts,B,MPL_081
9882,Accessories,C,MPL_082
9883,Service,D,MPL_083
9884,Electrical,E,MPL_084
9885,Engine,A,MPL_085
9886,Parts,B,MPL_086
9887,Accessories,C,MPL_087
9888,Service,D,MPL_088
9889,Electrical,E,MPL_089
9890,Engine,A,MPL_090
9891,Parts,B,MPL_091
9892,Accessories,C,MPL_092
9893,Service,D,MPL_093
9894,Electrical,E,MPL_094
9895,Engine,A,MPL_095
9896,Parts,B,MPL_096
9897,Accessories,C,MPL_097
9898,Service,D,MPL_098
9899,Electrical,E,MPL_099
9900,Engine,A,MPL_000
9901,Parts,B,MPL_001
9902,Accessories,C,MPL_002
9903,Service,D,MPL_003
9904,Electrical,E,MPL_004
9905,Engine,A,MPL_005
9906,Parts,B,MPL_006
9907,Accessories,C,MPL_007
9908,Service,D,MPL_008
9909,Electrical,E,MPL_009
9910,Engine,A,MPL_010
9911,Parts,B,MPL_011
9912,Accessories,C,MPL_012
9913,Service,D,MPL_013
9914,Electrical,E,MPL_014
9915,Engine,A,MPL_015
9916,Parts,B,MPL_016
9917,Accessories,C,MPL_017
9918,Service,D,MPL_018
9919,Electrical,E,MPL_019
9920,Engine,A,MPL_020
9921,Parts,B,MPL_021
9922,Accessories,C,MPL_022
9923,Service,D,MPL_023
9924,Electrical,E,MPL_024
9925,Engine,A,MPL_025
9926,Parts,B,MPL_026
9927,Accessories,C,MPL_027
9928,Service,D,MPL_028
9929,Electrical,E,MPL_029
9930,Engine,A,MPL_030
9931,Parts,B,MPL_031
9932,Accessories,C,MPL_032
9933,Service,D,MPL_033
9934,Electrical,E,MPL_034
9935,Engine,A,MPL_035
9936,Parts,B,MPL_036
9937,Accessories,C,MPL_037
9938,Service,D,MPL_038
9939,Electrical,E,MPL_039
9940,Engine,A,MPL_040
9941,Parts,B,MPL_041
9942,Accessories,C,MPL_042
9943,Service,D,MPL_043
9944,Electrical,E,MPL_044
9945,Engine,A,MPL_045
9946,Parts,B,MPL_046
9947,Accessories,C,MPL_047
9948,Service,D,MPL_048
9949,Electrical,E,MPL_049
9950,Engine,A,MPL_050
9951,Parts,B,MPL_051
9952,Accessories,C,MPL_052
9953,Service,D,MPL_053
9954,Electrical,E,MPL_054
9955,Engine,A,MPL_055
9956,Parts,B,MPL_056
9957,Accessories,C,MPL_057
9958,Service,D,MPL_058
9959,Electrical,E,MPL_059
9960,Engine,A,MPL_060
9961,Parts,B,MPL_061
9962,Accessories,C,MPL_062
9963,Service,D,MPL_063
9964,Electrical,E,MPL_064
9965,Engine,A,MPL_065
9966,Parts,B,MPL_066
9967,Accessories,C,MPL_067
9968,Service,D,MPL_068
9969,Electrical,E,MPL_069
9970,Engine,A,MPL_070
9971,Parts,B,MPL_071
9972,Accessories,C,MPL_072
9973,Service,D,MPL_073
9974,Electrical,E,MPL_074
9975,Engine,A,MPL_075
9976,Parts,B,MPL_076
9977,Accessories,C,MPL_077
9978,Service,D,MPL_078
9979,Electrical,E,MPL_079
9980,Engine,A,MPL_080
9981,Parts,B,MPL_081
9982,Accessories,C,MPL_082
9983,Service,D,MPL_083
9984,Electrical,E,MPL_084
9985,Engine,A,MPL_085
9986,Parts,B,MPL_086
9987,Accessories,C,MPL_087
9988,Service,D,MPL_088
9989,Electrical,E,MPL_089
9990,Engine,A,MPL_090
9991,Parts,B,MPL_091
9992,Accessories,C,MPL_092
9993,Service,D,MPL_093
9994,Electrical,E,MPL_094
9995,Engine,A,MPL_095
9996,Parts,B,MPL_096
9997,Accessories,C,MPL_097
9998,Service,D,MPL_098
9999,Electrical,E,MPL_099
10000,Engine,A,MPL_000
10001,Parts,B,MPL_001
10002,Accessories,C,MPL_002
10003,Service,D,MPL_003
10004,Electrical,E,MPL_004
10005,Engine,A,MPL_005
10006,Parts,B,MPL_006
10007,Accessories,C,MPL_007
10008,Service,D,MPL_008
10009,Electrical,E,MPL_009
10010,Engine,A,MPL_010
10011,Parts,B,MPL_011
10012,Accessories,C,MPL_012
10013,Service,D,MPL_013
10014,Electrical,E,MPL_014
10015,Engine,A,MPL_015
10016,Parts,B,MPL_016
10017,Accessories,C,MPL_017
10018,Service,D,MPL_018
10019,Electrical,E,MPL_019
10020,Engine,A,MPL_020
10021,Parts,B,MPL_021
10022,Accessories,C,MPL_022
10023,Service,D,MPL_023
10024,Electrical,E,MPL_024
10025,Engine,A,MPL_025
10026,Parts,B,MPL_026
10027,Accessories,C,MPL_027
10028,Service,D,MPL_028
10029,Electrical,E,MPL_029
10030,Engine,A,MPL_030
10031,Parts,B,MPL_031
10032,Accessories,C,MPL_032
10033,Service,D,MPL_033
10034,Electrical,E,MPL_034
10035,Engine,A,MPL_035
10036,Parts,B,MPL_036
10037,Accessories,C,MPL_037
10038,Service,D,MPL_038
10039,Electrical,E,MPL_039
10040,Engine,A,MPL_040
10041,Parts,B,MPL_041
10042,Accessories,C,MPL_042
10043,Service,D,MPL_043
10044,Electrical,E,MPL_044
10045,Engine,A,MPL_045
10046,Parts,B,MPL_046
10047,Accessories,C,MPL_047
10048,Service,D,MPL_048
10049,Electrical,E,MPL_049
10050,Engine,A,MPL_050
10051,Parts,B,MPL_051
10052,Accessories,C,MPL_052
10053,Service,D,MPL_053
10054,Electrical,E,MPL_054
10055,Engine,A,MPL_055
10056,Parts,B,MPL_056
10057,Accessories,C,MPL_057
10058,Service,D,MPL_058
10059,Electrical,E,MPL_059
10060,Engine,A,MPL_060
10061,Parts,B,MPL_061
10062,Accessories,C,MPL_062
10063,Service,D,MPL_063
10064,Electrical,E,MPL_064
10065,Engine,A,MPL_065
10066,Parts,B,MPL_066
10067,Accessories,C,MPL_067
10068,Service,D,MPL_068
10069,Electrical,E,MPL_069
10070,Engine,A,MPL_070
10071,Parts,B,MPL_071
10072,Accessories,C,MPL_072
10073,Service,D,MPL_073
10074,Electrical,E,MPL_074
10075,Engine,A,MPL_075
10076,Parts,B,MPL_076
10077,Accessories,C,MPL_077
10078,Service,D,MPL_078
10079,Electrical,E,MPL_079
10080,Engine,A,MPL_080
10081,Parts,B,MPL_081
10082,Accessories,C,MPL_082
10083,Service,D,MPL_083
10084,Electrical,E,MPL_084
10085,Engine,A,MPL_085
10086,Parts,B,MPL_086
10087,Accessories,C,MPL_087
10088,Service,D,MPL_088
10089,Electrical,E,MPL_089
10090,Engine,A,MPL_090
10091,Parts,B,MPL_091
10092,Accessories,C,MPL_092
10093,Service,D,MPL_093
10094,Electrical,E,MPL_094
10095,Engine,A,MPL_095
10096,Parts,B,MPL_096
10097,Accessories,C,MPL_097
10098,Service,D,MPL_098
10099,Electrical,E,MPL_099
10100,Engine,A,MPL_000
10101,Parts,B,MPL_001
10102,Accessories,C,MPL_002
10103,Service,D,MPL_003
10104,Electrical,E,MPL_004
10105,Engine,A,MPL_005
10106,Parts,B,MPL_006
10107,Accessories,C,MPL_007
10108,Service,D,MPL_008
10109,Electrical,E,MPL_009
10110,Engine,A,MPL_010
10111,Parts,B,MPL_011
10112,Accessories,C,MPL_012
10113,Service,D,MPL_013
10114,Electrical,E,MPL_014
10115,Engine,A,MPL_015
10116,Parts,B,MPL_016
10117,Accessories,C,MPL_017
10118,Service,D,MPL_018
10119,Electrical,E,MPL_019
10120,Engine,A,MPL_020
10121,Parts,B,MPL_021
10122,Accessories,C,MPL_022
10123,Service,D,MPL_023
10124,Electrical,E,MPL_024
10125,Engine,A,MPL_025
10126,Parts,B,MPL_026
10127,Accessories,C,MPL_027
10128,Service,D,MPL_028
10129,Electrical,E,MPL_029
10130,Engine,A,MPL_030
10131,Parts,B,MPL_031
10132,Accessories,C,MPL_032
10133,Service,D,MPL_033
10134,Electrical,E,MPL_034
10135,Engine,A,MPL_035
10136,Parts,B,MPL_036
10137,Accessories,C,MPL_037
10138,Service,D,MPL_038
10139,Electrical,E,MPL_039
10140,Engine,A,MPL_040
10141,Parts,B,MPL_041
10142,Accessories,C,MPL_042
10143,Service,D,MPL_043
10144,Electrical,E,MPL_044
10145,Engine,A,MPL_045
10146,Parts,B,MPL_046
10147,Accessories,C,MPL_047
10148,Service,D,MPL_048
10149,Electrical,E,MPL_049
10150,Engine,A,MPL_050
10151,Parts,B,MPL_051
10152,Accessories,C,MPL_052
10153,Service,D,MPL_053
10154,Electrical,E,MPL_054
10155,Engine,A,MPL_055
10156,Parts,B,MPL_056
10157,Accessories,C,MPL_057
10158,Service,D,MPL_058
10159,Electrical,E,MPL_059
10160,Engine,A,MPL_060
10161,Parts,B,MPL_061
10162,Accessories,C,MPL_062
10163,Service,D,MPL_063
10164,Electrical,E,MPL_064
10165,Engine,A,MPL_065
10166,Parts,B,MPL_066
10167,Accessories,C,MPL_067
10168,Service,D,MPL_068
10169,Electrical,E,MPL_069
10170,Engine,A,MPL_070
10171,Parts,B,MPL_071
10172,Accessories,C,MPL_072
10173,Service,D,MPL_073
10174,Electrical,E,MPL_074
10175,Engine,A,MPL_075
10176,Parts,B,MPL_076
10177,Accessories,C,MPL_077
10178,Service,D,MPL_078
10179,Electrical,E,MPL_079
10180,Engine,A,MPL_080
10181,Parts,B,MPL_081
10182,Accessories,C,MPL_082
10183,Service,D,MPL_083
10184,Electrical,E,MPL_084
10185,Engine,A,MPL_085
10186,Parts,B,MPL_086
10187,Accessories,C,MPL_087
10188,Service,D,MPL_088
10189,Electrical,E,MPL_089
10190,Engine,A,MPL_090
10191,Parts,B,MPL_091
10192,Accessories,C,MPL_092
10193,Service,D,MPL_093
10194,Electrical,E,MPL_094
10195,Engine,A,MPL_095
10196,Parts,B,MPL_096
10197,Accessories,C,MPL_097
10198,Service,D,MPL_098
10199,Electrical,E,MPL_099
10200,Engine,A,MPL_000
10201,Parts,B,MPL_001
10202,Accessories,C,MPL_002
10203,Service,D,MPL_003
10204,Electrical,E,MPL_004
10205,Engine,A,MPL_005
10206,Parts,B,MPL_006
10207,Accessories,C,MPL_007
10208,Service,D,MPL_008
10209,Electrical,E,MPL_009
10210,Engine,A,MPL_010
10211,Parts,B,MPL_011
10212,Accessories,C,MPL_012
10213,Service,D,MPL_013
10214,Electrical,E,MPL_014
10215,Engine,A,MPL_015
10216,Parts,B,MPL_016
10217,Accessories,C,MPL_017
10218,Service,D,MPL_018
10219,Electrical,E,MPL_019
10220,Engine,A,MPL_020
10221,Parts,B,MPL_021
10222,Accessories,C,MPL_022
10223,Service,D,MPL_023
10224,Electrical,E,MPL_024
10225,Engine,A,MPL_025
10226,Parts,B,MPL_026
10227,Accessories,C,MPL_027
10228,Service,D,MPL_028
10229,Electrical,E,MPL_029
10230,Engine,A,MPL_030
10231,Parts,B,MPL_031
10232,Accessories,C,MPL_032
10233,Service,D,MPL_033
10234,Electrical,E,MPL_034
10235,Engine,A,MPL_035
10236,Parts,B,MPL_036
10237,Accessories,C,MPL_037
10238,Service,D,MPL_038
10239,Electrical,E,MPL_039
10240,Engine,A,MPL_040
10241,Parts,B,MPL_041
10242,Accessories,C,MPL_042
10243,Service,D,MPL_043
10244,Electrical,E,MPL_044
10245,Engine,A,MPL_045
10246,Parts,B,MPL_046
10247,Accessories,C,MPL_047
10248,Service,D,MPL_048
10249,Electrical,E,MPL_049
10250,Engine,A,MPL_050
10251,Parts,B,MPL_051
10252,Accessories,C,MPL_052
10253,Service,D,MPL_053
10254,Electrical,E,MPL_054
10255,Engine,A,MPL_055
10256,Parts,B,MPL_056
10257,Accessories,C,MPL_057
10258,Service,D,MPL_058
10259,Electrical,E,MPL_059
10260,Engine,A,MPL_060
10261,Parts,B,MPL_061
10262,Accessories,C,MPL_062
10263,Service,D,MPL_063
10264,Electrical,E,MPL_064
10265,Engine,A,MPL_065
10266,Parts,B,MPL_066
10267,Accessories,C,MPL_067
10268,Service,D,MPL_068
10269,Electrical,E,MPL_069
10270,Engine,A,MPL_070
10271,Parts,B,MPL_071
10272,Accessories,C,MPL_072
10273,Service,D,MPL_073
10274,Electrical,E,MPL_074
10275,Engine,A,MPL_075
10276,Parts,B,MPL_076
10277,Accessories,C,MPL_077
10278,Service,D,MPL_078
10279,Electrical,E,MPL_079
10280,Engine,A,MPL_080
10281,Parts,B,MPL_081
10282,Accessories,C,MPL_082
10283,Service,D,MPL_083
10284,Electrical,E,MPL_084
10285,Engine,A,MPL_085
10286,Parts,B,MPL_086
10287,Accessories,C,MPL_087
10288,Service,D,MPL_088
10289,Electrical,E,MPL_089
10290,Engine,A,MPL_090
10291,Parts,B,MPL_091
10292,Accessories,C,MPL_092
10293,Service,D,MPL_093
10294,Electrical,E,MPL_094
10295,Engine,A,MPL_095
10296,Parts,B,MPL_096
10297,Accessories,C,MPL_097
10298,Service,D,MPL_098
10299,Electrical,E,MPL_099
10300,Engine,A,MPL_000
10301,Parts,B,MPL_001
10302,Accessories,C,MPL_002
10303,Service,D,MPL_003
10304,Electrical,E,MPL_004
10305,Engine,A,MPL_005
10306,Parts,B,MPL_006
10307,Accessories,C,MPL_007
10308,Service,D,MPL_008
10309,Electrical,E,MPL_009
10310,Engine,A,MPL_010
10311,Parts,B,MPL_011
10312,Accessories,C,MPL_012
10313,Service,D,MPL_013
10314,Electrical,E,MPL_014
10315,Engine,A,MPL_015
10316,Parts,B,MPL_016
10317,Accessories,C,MPL_017
10318,Service,D,MPL_018
10319,Electrical,E,MPL_019
10320,Engine,A,MPL_020
10321,Parts,B,MPL_021
10322,Accessories,C,MPL_022
10323,Service,D,MPL_023
10324,Electrical,E,MPL_024
10325,Engine,A,MPL_025
10326,Parts,B,MPL_026
10327,Accessories,C,MPL_027
10328,Service,D,MPL_028
10329,Electrical,E,MPL_029
10330,Engine,A,MPL_030
10331,Parts,B,MPL_031
10332,Accessories,C,MPL_032
10333,Service,D,MPL_033
10334,Electrical,E,MPL_034
10335,Engine,A,MPL_035
10336,Parts,B,MPL_036
10337,Accessories,C,MPL_037
10338,Service,D,MPL_038
10339,Electrical,E,MPL_039
10340,Engine,A,MPL_040
10341,Parts,B,MPL_041
10342,Accessories,C,MPL_042
10343,Service,D,MPL_043
10344,Electrical,E,MPL_044
10345,Engine,A,MPL_045
10346,Parts,B,MPL_046
10347,Accessories,C,MPL_047
10348,Service,D,MPL_048
10349,Electrical,E,MPL_049
10350,Engine,A,MPL_050
10351,Parts,B,MPL_051
10352,Accessories,C,MPL_052
10353,Service,D,MPL_053
10354,Electrical,E,MPL_054
10355,Engine,A,MPL_055
10356,Parts,B,MPL_056
10357,Accessories,C,MPL_057
10358,Service,D,MPL_058
10359,Electrical,E,MPL_059
10360,Engine,A,MPL_060
10361,Parts,B,MPL_061
10362,Accessories,C,MPL_062
10363,Service,D,MPL_063
10364,Electrical,E,MPL_064
10365,Engine,A,MPL_065
10366,Parts,B,MPL_066
10367,Accessories,C,MPL_067
10368,Service,D,MPL_068
10369,Electrical,E,MPL_069
10370,Engine,A,MPL_070
10371,Parts,B,MPL_071
10372,Accessories,C,MPL_072
10373,Service,D,MPL_073
10374,Electrical,E,MPL_074
10375,Engine,A,MPL_075
10376,Parts,B,MPL_076
10377,Accessories,C,MPL_077
10378,Service,D,MPL_078
10379,Electrical,E,MPL_079
10380,Engine,A,MPL_080
10381,Parts,B,MPL_081
10382,Accessories,C,MPL_082
10383,Service,D,MPL_083
10384,Electrical,E,MPL_084
10385,Engine,A,MPL_085
10386,Parts,B,MPL_086
10387,Accessories,C,MPL_087
10388,Service,D,MPL_088
10389,Electrical,E,MPL_089
10390,Engine,A,MPL_090
10391,Parts,B,MPL_091
10392,Accessories,C,MPL_092
10393,Service,D,MPL_093
10394,Electrical,E,MPL_094
10395,Engine,A,MPL_095
10396,Parts,B,MPL_096
10397,Accessories,C,MPL_097
10398,Service,D,MPL_098
10399,Electrical,E,MPL_099
10400,Engine,A,MPL_000
10401,Parts,B,MPL_001
10402,Accessories,C,MPL_002
10403,Service,D,MPL_003
10404,Electrical,E,MPL_004
10405,Engine,A,MPL_005
10406,Parts,B,MPL_006
10407,Accessories,C,MPL_007
10408,Service,D,MPL_008
10409,Electrical,E,MPL_009
10410,Engine,A,MPL_010
10411,Parts,B,MPL_011
10412,Accessories,C,MPL_012
10413,Service,D,MPL_013
10414,Electrical,E,MPL_014
10415,Engine,A,MPL_015
10416,Parts,B,MPL_016
10417,Accessories,C,MPL_017
10418,Service,D,MPL_018
10419,Electrical,E,MPL_019
10420,Engine,A,MPL_020
10421,Parts,B,MPL_021
10422,Accessories,C,MPL_022
10423,Service,D,MPL_023
10424,Electrical,E,MPL_024
10425,Engine,A,MPL_025
10426,Parts,B,MPL_026
10427,Accessories,C,MPL_027
10428,Service,D,MPL_028
10429,Electrical,E,MPL_029
10430,Engine,A,MPL_030
10431,Parts,B,MPL_031
10432,Accessories,C,MPL_032
10433,Service,D,MPL_033
10434,Electrical,E,MPL_034
10435,Engine,A,MPL_035
10436,Parts,B,MPL_036
10437,Accessories,C,MPL_037
10438,Service,D,MPL_038
10439,Electrical,E,MPL_039
10440,Engine,A,MPL_040
10441,Parts,B,MPL_041
10442,Accessories,C,MPL_042
10443,Service,D,MPL_043
10444,Electrical,E,MPL_044
10445,Engine,A,MPL_045
10446,Parts,B,MPL_046
10447,Accessories,C,MPL_047
10448,Service,D,MPL_048
10449,Electrical,E,MPL_049
10450,Engine,A,MPL_050
10451,Parts,B,MPL_051
10452,Accessories,C,MPL_052
10453,Service,D,MPL_053
10454,Electrical,E,MPL_054
10455,Engine,A,MPL_055
10456,Parts,B,MPL_056
10457,Accessories,C,MPL_057
10458,Service,D,MPL_058
10459,Electrical,E,MPL_059
10460,Engine,A,MPL_060
10461,Parts,B,MPL_061
10462,Accessories,C,MPL_062
10463,Service,D,MPL_063
10464,Electrical,E,MPL_064
10465,Engine,A,MPL_065
10466,Parts,B,MPL_066
10467,Accessories,C,MPL_067
10468,Service,D,MPL_068
10469,Electrical,E,MPL_069
10470,Engine,A,MPL_070
10471,Parts,B,MPL_071
10472,Accessories,C,MPL_072
10473,Service,D,MPL_073
10474,Electrical,E,MPL_074
10475,Engine,A,MPL_075
10476,Parts,B,MPL_076
10477,Accessories,C,MPL_077
10478,Service,D,MPL_078
10479,Electrical,E,MPL_079
10480,Engine,A,MPL_080
10481,Parts,B,MPL_081
10482,Accessories,C,MPL_082
10483,Service,D,MPL_083
10484,Electrical,E,MPL_084
10485,Engine,A,MPL_085
10486,Parts,B,MPL_086
10487,Accessories,C,MPL_087
10488,Service,D,MPL_088
10489,Electrical,E,MPL_089
10490,Engine,A,MPL_090
10491,Parts,B,MPL_091
10492,Accessories,C,MPL_092
10493,Service,D,MPL_093
10494,Electrical,E,MPL_094
10495,Engine,A,MPL_095
10496,Parts,B,MPL_096
10497,Accessories,C,MPL_097
10498,Service,D,MPL_098
10499,Electrical,E,MPL_099
10500,Engine,A,MPL_000
10501,Parts,B,MPL_001
10502,Accessories,C,MPL_002
10503,Service,D,MPL_003
10504,Electrical,E,MPL_004
10505,Engine,A,MPL_005
10506,Parts,B,MPL_006
10507,Accessories,C,MPL_007
10508,Service,D,MPL_008
10509,Electrical,E,MPL_009
10510,Engine,A,MPL_010
10511,Parts,B,MPL_011
10512,Accessories,C,MPL_012
10513,Service,D,MPL_013
10514,Electrical,E,MPL_014
10515,Engine,A,MPL_015
10516,Parts,B,MPL_016
10517,Accessories,C,MPL_017
10518,Service,D,MPL_018
10519,Electrical,E,MPL_019
10520,Engine,A,MPL_020
10521,Parts,B,MPL_021
10522,Accessories,C,MPL_022
10523,Service,D,MPL_023
10524,Electrical,E,MPL_024
10525,Engine,A,MPL_025
10526,Parts,B,MPL_026
10527,Accessories,C,MPL_027
10528,Service,D,MPL_028
10529,Electrical,E,MPL_029
10530,Engine,A,MPL_030
10531,Parts,B,MPL_031
10532,Accessories,C,MPL_032
10533,Service,D,MPL_033
10534,Electrical,E,MPL_034
10535,Engine,A,MPL_035
10536,Parts,B,MPL_036
10537,Accessories,C,MPL_037
10538,Service,D,MPL_038
10539,Electrical,E,MPL_039
10540,Engine,A,MPL_040
10541,Parts,B,MPL_041
10542,Accessories,C,MPL_042
10543,Service,D,MPL_043
10544,Electrical,E,MPL_044
10545,Engine,A,MPL_045
10546,Parts,B,MPL_046
10547,Accessories,C,MPL_047
10548,Service,D,MPL_048
10549,Electrical,E,MPL_049
10550,Engine,A,MPL_050
10551,Parts,B,MPL_051
10552,Accessories,C,MPL_052
10553,Service,D,MPL_053
10554,Electrical,E,MPL_054
10555,Engine,A,MPL_055
10556,Parts,B,MPL_056
10557,Accessories,C,MPL_057
10558,Service,D,MPL_058
10559,Electrical,E,MPL_059
10560,Engine,A,MPL_060
10561,Parts,B,MPL_061
10562,Accessories,C,MPL_062
10563,Service,D,MPL_063
10564,Electrical,E,MPL_064
10565,Engine,A,MPL_065
10566,Parts,B,MPL_066
10567,Accessories,C,MPL_067
10568,Service,D,MPL_068
10569,Electrical,E,MPL_069
10570,Engine,A,MPL_070
10571,Parts,B,MPL_071
10572,Accessories,C,MPL_072
10573,Service,D,MPL_073
10574,Electrical,E,MPL_074
10575,Engine,A,MPL_075
10576,Parts,B,MPL_076
10577,Accessories,C,MPL_077
10578,Service,D,MPL_078
10579,Electrical,E,MPL_079
10580,Engine,A,MPL_080
10581,Parts,B,MPL_081
10582,Accessories,C,MPL_082
10583,Service,D,MPL_083
10584,Electrical,E,MPL_084
10585,Engine,A,MPL_085
10586,Parts,B,MPL_086
10587,Accessories,C,MPL_087
10588,Service,D,MPL_088
10589,Electrical,E,MPL_089
10590,Engine,A,MPL_090
10591,Parts,B,MPL_091
10592,Accessories,C,MPL_092
10593,Service,D,MPL_093
10594,Electrical,E,MPL_094
10595,Engine,A,MPL_095
10596,Parts,B,MPL_096
10597,Accessories,C,MPL_097
10598,Service,D,MPL_098
10599,Electrical,E,MPL_099
10600,Engine,A,MPL_000
10601,Parts,B,MPL_001
10602,Accessories,C,MPL_002
10603,Service,D,MPL_003
10604,Electrical,E,MPL_004
10605,Engine,A,MPL_005
10606,Parts,B,MPL_006
10607,Accessories,C,MPL_007
10608,Service,D,MPL_008
10609,Electrical,E,MPL_009
10610,Engine,A,MPL_010
10611,Parts,B,MPL_011
10612,Accessories,C,MPL_012
10613,Service,D,MPL_013
10614,Electrical,E,MPL_014
10615,Engine,A,MPL_015
10616,Parts,B,MPL_016
10617,Accessories,C,MPL_017
10618,Service,D,MPL_018
10619,Electrical,E,MPL_019
10620,Engine,A,MPL_020
10621,Parts,B,MPL_021
10622,Accessories,C,MPL_022
10623,Service,D,MPL_023
10624,Electrical,E,MPL_024
10625,Engine,A,MPL_025
10626,Parts,B,MPL_026
10627,Accessories,C,MPL_027
10628,Service,D,MPL_028
10629,Electrical,E,MPL_029
10630,Engine,A,MPL_030
10631,Parts,B,MPL_031
10632,Accessories,C,MPL_032
10633,Service,D,MPL_033
10634,Electrical,E,MPL_034
10635,Engine,A,MPL_035
10636,Parts,B,MPL_036
10637,Accessories,C,MPL_037
10638,Service,D,MPL_038
10639,Electrical,E,MPL_039
10640,Engine,A,MPL_040
10641,Parts,B,MPL_041
10642,Accessories,C,MPL_042
10643,Service,D,MPL_043
10644,Electrical,E,MPL_044
10645,Engine,A,MPL_045
10646,Parts,B,MPL_046
10647,Accessories,C,MPL_047
10648,Service,D,MPL_048
10649,Electrical,E,MPL_049
10650,Engine,A,MPL_050
10651,Parts,B,MPL_051
10652,Accessories,C,MPL_052
10653,Service,D,MPL_053
10654,Electrical,E,MPL_054
10655,Engine,A,MPL_055
10656,Parts,B,MPL_056
10657,Accessories,C,MPL_057
10658,Service,D,MPL_058
10659,Electrical,E,MPL_059
10660,Engine,A,MPL_060
10661,Parts,B,MPL_061
10662,Accessories,C,MPL_062
10663,Service,D,MPL_063
10664,Electrical,E,MPL_064
10665,Engine,A,MPL_065
10666,Parts,B,MPL_066
10667,Accessories,C,MPL_067
10668,Service,D,MPL_068
10669,Electrical,E,MPL_069
10670,Engine,A,MPL_070
10671,Parts,B,MPL_071
10672,Accessories,C,MPL_072
10673,Service,D,MPL_073
10674,Electrical,E,MPL_074
10675,Engine,A,MPL_075
10676,Parts,B,MPL_076
10677,Accessories,C,MPL_077
10678,Service,D,MPL_078
10679,Electrical,E,MPL_079
10680,Engine,A,MPL_080
10681,Parts,B,MPL_081
10682,Accessories,C,MPL_082
10683,Service,D,MPL_083
10684,Electrical,E,MPL_084
10685,Engine,A,MPL_085
10686,Parts,B,MPL_086
10687,Accessories,C,MPL_087
10688,Service,D,MPL_088
10689,Electrical,E,MPL_089
10690,Engine,A,MPL_090
10691,Parts,B,MPL_091
10692,Accessories,C,MPL_092
10693,Service,D,MPL_093
10694,Electrical,E,MPL_094
10695,Engine,A,MPL_095
10696,Parts,B,MPL_096
10697,Accessories,C,MPL_097
10698,Service,D,MPL_098
10699,Electrical,E,MPL_099
10700,Engine,A,MPL_000
10701,Parts,B,MPL_001
10702,Accessories,C,MPL_002
10703,Service,D,MPL_003
10704,Electrical,E,MPL_004
10705,Engine,A,MPL_005
10706,Parts,B,MPL_006
10707,Accessories,C,MPL_007
10708,Service,D,MPL_008
10709,Electrical,E,MPL_009
10710,Engine,A,MPL_010
10711,Parts,B,MPL_011
10712,Accessories,C,MPL_012
10713,Service,D,MPL_013
10714,Electrical,E,MPL_014
10715,Engine,A,MPL_015
10716,Parts,B,MPL_016
10717,Accessories,C,MPL_017
10718,Service,D,MPL_018
10719,Electrical,E,MPL_019
10720,Engine,A,MPL_020
10721,Parts,B,MPL_021
10722,Accessories,C,MPL_022
10723,Service,D,MPL_023
10724,Electrical,E,MPL_024
10725,Engine,A,MPL_025
10726,Parts,B,MPL_026
10727,Accessories,C,MPL_027
10728,Service,D,MPL_028
10729,Electrical,E,MPL_029
10730,Engine,A,MPL_030
10731,Parts,B,MPL_031
10732,Accessories,C,MPL_032
10733,Service,D,MPL_033
10734,Electrical,E,MPL_034
10735,Engine,A,MPL_035
10736,Parts,B,MPL_036
10737,Accessories,C,MPL_037
10738,Service,D,MPL_038
10739,Electrical,E,MPL_039
10740,Engine,A,MPL_040
10741,Parts,B,MPL_041
10742,Accessories,C,MPL_042
10743,Service,D,MPL_043
10744,Electrical,E,MPL_044
10745,Engine,A,MPL_045
10746,Parts,B,MPL_046
10747,Accessories,C,MPL_047
10748,Service,D,MPL_048
10749,Electrical,E,MPL_049
10750,Engine,A,MPL_050
10751,Parts,B,MPL_051
10752,Accessories,C,MPL_052
10753,Service,D,MPL_053
10754,Electrical,E,MPL_054
10755,Engine,A,MPL_055
10756,Parts,B,MPL_056
10757,Accessories,C,MPL_057
10758,Service,D,MPL_058
10759,Electrical,E,MPL_059
10760,Engine,A,MPL_060
10761,Parts,B,MPL_061
10762,Accessories,C,MPL_062
10763,Service,D,MPL_063
10764,Electrical,E,MPL_064
10765,Engine,A,MPL_065
10766,Parts,B,MPL_066
10767,Accessories,C,MPL_067
10768,Service,D,MPL_068
10769,Electrical,E,MPL_069
10770,Engine,A,MPL_070
10771,Parts,B,MPL_071
10772,Accessories,C,MPL_072
10773,Service,D,MPL_073
10774,Electrical,E,MPL_074
10775,Engine,A,MPL_075
10776,Parts,B,MPL_076
10777,Accessories,C,MPL_077
10778,Service,D,MPL_078
10779,Electrical,E,MPL_079
10780,Engine,A,MPL_080
10781,Parts,B,MPL_081
10782,Accessories,C,MPL_082
10783,Service,D,MPL_083
10784,Electrical,E,MPL_084
10785,Engine,A,MPL_085
10786,Parts,B,MPL_086
10787,Accessories,C,MPL_087
10788,Service,D,MPL_088
10789,Electrical,E,MPL_089
10790,Engine,A,MPL_090
10791,Parts,B,MPL_091
10792,Accessories,C,MPL_092
10793,Service,D,MPL_093
10794,Electrical,E,MPL_094
10795,Engine,A,MPL_095
10796,Parts,B,MPL_096
10797,Accessories,C,MPL_097
10798,Service,D,MPL_098
10799,Electrical,E,MPL_099
10800,Engine,A,MPL_000
10801,Parts,B,MPL_001
10802,Accessories,C,MPL_002
10803,Service,D,MPL_003
10804,Electrical,E,MPL_004
10805,Engine,A,MPL_005
10806,Parts,B,MPL_006
10807,Accessories,C,MPL_007
10808,Service,D,MPL_008
10809,Electrical,E,MPL_009
10810,Engine,A,MPL_010
10811,Parts,B,MPL_011
10812,Accessories,C,MPL_012
10813,Service,D,MPL_013
10814,Electrical,E,MPL_014
10815,Engine,A,MPL_015
10816,Parts,B,MPL_016
10817,Accessories,C,MPL_017
10818,Service,D,MPL_018
10819,Electrical,E,MPL_019
10820,Engine,A,MPL_020
10821,Parts,B,MPL_021
10822,Accessories,C,MPL_022
10823,Service,D,MPL_023
10824,Electrical,E,MPL_024
10825,Engine,A,MPL_025
10826,Parts,B,MPL_026
10827,Accessories,C,MPL_027
10828,Service,D,MPL_028
10829,Electrical,E,MPL_029
10830,Engine,A,MPL_030
10831,Parts,B,MPL_031
10832,Accessories,C,MPL_032
10833,Service,D,MPL_033
10834,Electrical,E,MPL_034
10835,Engine,A,MPL_035
10836,Parts,B,MPL_036
10837,Accessories,C,MPL_037
10838,Service,D,MPL_038
10839,Electrical,E,MPL_039
10840,Engine,A,MPL_040
10841,Parts,B,MPL_041
10842,Accessories,C,MPL_042
10843,Service,D,MPL_043
10844,Electrical,E,MPL_044
10845,Engine,A,MPL_045
10846,Parts,B,MPL_046
10847,Accessories,C,MPL_047
10848,Service,D,MPL_048
10849,Electrical,E,MPL_049
10850,Engine,A,MPL_050
10851,Parts,B,MPL_051
10852,Accessories,C,MPL_052
10853,Service,D,MPL_053
10854,Electrical,E,MPL_054
10855,Engine,A,MPL_055
10856,Parts,B,MPL_056
10857,Accessories,C,MPL_057
10858,Service,D,MPL_058
10859,Electrical,E,MPL_059
10860,Engine,A,MPL_060
10861,Parts,B,MPL_061
10862,Accessories,C,MPL_062
10863,Service,D,MPL_063
10864,Electrical,E,MPL_064
10865,Engine,A,MPL_065
10866,Parts,B,MPL_066
10867,Accessories,C,MPL_067
10868,Service,D,MPL_068
10869,Electrical,E,MPL_069
10870,Engine,A,MPL_070
10871,Parts,B,MPL_071
10872,Accessories,C,MPL_072
10873,Service,D,MPL_073
10874,Electrical,E,MPL_074
10875,Engine,A,MPL_075
10876,Parts,B,MPL_076
10877,Accessories,C,MPL_077
10878,Service,D,MPL_078
10879,Electrical,E,MPL_079
10880,Engine,A,MPL_080
10881,Parts,B,MPL_081
10882,Accessories,C,MPL_082
10883,Service,D,MPL_083
10884,Electrical,E,MPL_084
10885,Engine,A,MPL_085
10886,Parts,B,MPL_086
10887,Accessories,C,MPL_087
10888,Service,D,MPL_088
10889,Electrical,E,MPL_089
10890,Engine,A,MPL_090
10891,Parts,B,MPL_091
10892,Accessories,C,MPL_092
10893,Service,D,MPL_093
10894,Electrical,E,MPL_094
10895,Engine,A,MPL_095
10896,Parts,B,MPL_096
10897,Accessories,C,MPL_097
10898,Service,D,MPL_098
10899,Electrical,E,MPL_099
10900,Engine,A,MPL_000
10901,Parts,B,MPL_001
10902,Accessories,C,MPL_002
10903,Service,D,MPL_003
10904,Electrical,E,MPL_004
10905,Engine,A,MPL_005
10906,Parts,B,MPL_006
10907,Accessories,C,MPL_007
10908,Service,D,MPL_008
10909,Electrical,E,MPL_009
10910,Engine,A,MPL_010
10911,Parts,B,MPL_011
10912,Accessories,C,MPL_012
10913,Service,D,MPL_013
10914,Electrical,E,MPL_014
10915,Engine,A,MPL_015
10916,Parts,B,MPL_016
10917,Accessories,C,MPL_017
10918,Service,D,MPL_018
10919,Electrical,E,MPL_019
10920,Engine,A,MPL_020
10921,Parts,B,MPL_021
10922,Accessories,C,MPL_022
10923,Service,D,MPL_023
10924,Electrical,E,MPL_024
10925,Engine,A,MPL_025
10926,Parts,B,MPL_026
10927,Accessories,C,MPL_027
10928,Service,D,MPL_028
10929,Electrical,E,MPL_029
10930,Engine,A,MPL_030
10931,Parts,B,MPL_031
10932,Accessories,C,MPL_032
10933,Service,D,MPL_033
10934,Electrical,E,MPL_034
10935,Engine,A,MPL_035
10936,Parts,B,MPL_036
10937,Accessories,C,MPL_037
10938,Service,D,MPL_038
10939,Electrical,E,MPL_039
10940,Engine,A,MPL_040
10941,Parts,B,MPL_041
10942,Accessories,C,MPL_042
10943,Service,D,MPL_043
10944,Electrical,E,MPL_044
10945,Engine,A,MPL_045
10946,Parts,B,MPL_046
10947,Accessories,C,MPL_047
10948,Service,D,MPL_048
10949,Electrical,E,MPL_049
10950,Engine,A,MPL_050
10951,Parts,B,MPL_051
10952,Accessories,C,MPL_052
10953,Service,D,MPL_053
10954,Electrical,E,MPL_054
10955,Engine,A,MPL_055
10956,Parts,B,MPL_056
10957,Accessories,C,MPL_057
10958,Service,D,MPL_058
10959,Electrical,E,MPL_059
10960,Engine,A,MPL_060
10961,Parts,B,MPL_061
10962,Accessories,C,MPL_062
10963,Service,D,MPL_063
10964,Electrical,E,MPL_064
10965,Engine,A,MPL_065
10966,Parts,B,MPL_066
10967,Accessories,C,MPL_067
10968,Service,D,MPL_068
10969,Electrical,E,MPL_069
10970,Engine,A,MPL_070
10971,Parts,B,MPL_071
10972,Accessories,C,MPL_072
10973,Service,D,MPL_073
10974,Electrical,E,MPL_074
10975,Engine,A,MPL_075
10976,Parts,B,MPL_076
10977,Accessories,C,MPL_077
10978,Service,D,MPL_078
10979,Electrical,E,MPL_079
10980,Engine,A,MPL_080
10981,Parts,B,MPL_081
10982,Accessories,C,MPL_082
10983,Service,D,MPL_083
10984,Electrical,E,MPL_084
10985,Engine,A,MPL_085
10986,Parts,B,MPL_086
10987,Accessories,C,MPL_087
10988,Service,D,MPL_088
10989,Electrical,E,MPL_089
10990,Engine,A,MPL_090
10991,Parts,B,MPL_091
10992,Accessories,C,MPL_092
10993,Service,D,MPL_093
10994,Electrical,E,MPL_094
10995,Engine,A,MPL_095
10996,Parts,B,MPL_096
10997,Accessories,C,MPL_097
10998,Service,D,MPL_098
10999,Electrical,E,MPL_099
