Market,DealerCode,MLI,Month,Qty,Revenue
HU,D00000,1000,1,1,100
NL,D00001,1001,2,2,200
DE,D00002,1002,3,3,300
FR,D00003,1003,4,4,400
HU,D00004,1004,5,5,500
NL,D00005,1005,6,6,600
DE,D00006,1006,7,7,700
FR,D00007,1007,8,8,800
HU,D00008,1008,9,9,900
NL,D00009,1009,10,10,1000
DE,D00010,1010,11,11,1100
FR,D00011,1011,12,12,1200
HU,D00012,1012,1,13,1300
NL,D00013,1013,2,14,1400
DE,D00014,1014,3,15,1500
FR,D00015,1015,4,16,1600
HU,D00016,1016,5,17,1700
NL,D00017,1017,6,18,1800
DE,D00018,1018,7,19,1900
FR,D00019,1019,8,20,2000
HU,D00020,1020,9,21,2100
NL,D00021,1021,10,22,2200
DE,D00022,1022,11,23,2300
FR,D00023,1023,12,24,2400
HU,D00024,1024,1,25,2500
NL,D00025,1025,2,26,2600
DE,D00026,1026,3,27,2700
FR,D00027,1027,4,28,2800
HU,D00028,1028,5,29,2900
NL,D00029,1029,6,30,3000
DE,D00030,1030,7,31,3100
FR,D00031,1031,8,32,3200
HU,D00032,1032,9,33,3300
NL,D00033,1033,10,34,3400
DE,D00034,1034,11,35,3500
FR,D00035,1035,12,36,3600
HU,D00036,1036,1,37,3700
NL,D00037,1037,2,38,3800
DE,D00038,1038,3,39,3900
FR,D00039,1039,4,40,4000
HU,D00040,1040,5,41,4100
NL,D00041,1041,6,42,4200
DE,D00042,1042,7,43,4300
FR,D00043,1043,8,44,4400
HU,D00044,1044,9,45,4500
NL,D00045,1045,10,46,4600
DE,D00046,1046,11,47,4700
FR,D00047,1047,12,48,4800
HU,D00048,1048,1,49,4900
NL,D00049,1049,2,50,5000
DE,D00050,1050,3,1,100
FR,D00051,1051,4,2,200
HU,D00052,1052,5,3,300
NL,D00053,1053,6,4,400
DE,D00054,1054,7,5,500
FR,D00055,1055,8,6,600
HU,D00056,1056,9,7,700
NL,D00057,1057,10,8,800
DE,D00058,1058,11,9,900
FR,D00059,1059,12,10,1000
HU,D00060,1060,1,11,1100
NL,D00061,1061,2,12,1200
DE,D00062,1062,3,13,1300
FR,D00063,1063,4,14,1400
HU,D00064,1064,5,15,1500
NL,D00065,1065,6,16,1600
DE,D00066,1066,7,17,1700
FR,D00067,1067,8,18,1800
HU,D00068,1068,9,19,1900
NL,D00069,1069,10,20,2000
DE,D00070,1070,11,21,2100
FR,D00071,1071,12,22,2200
HU,D00072,1072,1,23,2300
NL,D00073,1073,2,24,2400
DE,D00074,1074,3,25,2500
FR,D00075,1075,4,26,2600
HU,D00076,1076,5,27,2700
NL,D00077,1077,6,28,2800
DE,D00078,1078,7,29,2900
FR,D00079,1079,8,30,3000
HU,D00080,1080,9,31,3100
NL,D00081,1081,10,32,3200
DE,D00082,1082,11,33,3300
FR,D00083,1083,12,34,3400
HU,D00084,1084,1,35,3500
NL,D00085,1085,2,36,3600
DE,D00086,1086,3,37,3700
FR,D00087,1087,4,38,3800
HU,D00088,1088,5,39,3900
NL,D00089,1089,6,40,4000
DE,D00090,1090,7,41,4100
FR,D00091,1091,8,42,4200
HU,D00092,1092,9,43,4300
NL,D00093,1093,10,44,4400
DE,D00094,1094,11,45,4500
FR,D00095,1095,12,46,4600
HU,D00096,1096,1,47,4700
NL,D00097,1097,2,48,4800
DE,D00098,1098,3,49,4900
FR,D00099,1099,4,50,5000
HU,D00100,1100,5,1,100
NL,D00101,1101,6,2,200
DE,D00102,1102,7,3,300
FR,D00103,1103,8,4,400
HU,D00104,1104,9,5,500
NL,D00105,1105,10,6,600
DE,D00106,1106,11,7,700
FR,D00107,1107,12,8,800
HU,D00108,1108,1,9,900
NL,D00109,1109,2,10,1000
DE,D00110,1110,3,11,1100
FR,D00111,1111,4,12,1200
HU,D00112,1112,5,13,1300
NL,D00113,1113,6,14,1400
DE,D00114,1114,7,15,1500
FR,D00115,1115,8,16,1600
HU,D00116,1116,9,17,1700
NL,D00117,1117,10,18,1800
DE,D00118,1118,11,19,1900
FR,D00119,1119,12,20,2000
HU,D00120,1120,1,21,2100
NL,D00121,1121,2,22,2200
DE,D00122,1122,3,23,2300
FR,D00123,1123,4,24,2400
HU,D00124,1124,5,25,2500
NL,D00125,1125,6,26,2600
DE,D00126,1126,7,27,2700
FR,D00127,1127,8,28,2800
HU,D00128,1128,9,29,2900
NL,D00129,1129,10,30,3000
DE,D00130,1130,11,31,3100
FR,D00131,1131,12,32,3200
HU,D00132,1132,1,33,3300
NL,D00133,1133,2,34,3400
DE,D00134,1134,3,35,3500
FR,D00135,1135,4,36,3600
HU,D00136,1136,5,37,3700
NL,D00137,1137,6,38,3800
DE,D00138,1138,7,39,3900
FR,D00139,1139,8,40,4000
HU,D00140,1140,9,41,4100
NL,D00141,1141,10,42,4200
DE,D00142,1142,11,43,4300
FR,D00143,1143,12,44,4400
HU,D00144,1144,1,45,4500
NL,D00145,1145,2,46,4600
DE,D00146,1146,3,47,4700
FR,D00147,1147,4,48,4800
HU,D00148,1148,5,49,4900
NL,D00149,1149,6,50,5000
DE,D00150,1150,7,1,100
FR,D00151,1151,8,2,200
HU,D00152,1152,9,3,300
NL,D00153,1153,10,4,400
DE,D00154,1154,11,5,500
FR,D00155,1155,12,6,600
HU,D00156,1156,1,7,700
NL,D00157,1157,2,8,800
DE,D00158,1158,3,9,900
FR,D00159,1159,4,10,1000
HU,D00160,1160,5,11,1100
NL,D00161,1161,6,12,1200
DE,D00162,1162,7,13,1300
FR,D00163,1163,8,14,1400
HU,D00164,1164,9,15,1500
NL,D00165,1165,10,16,1600
DE,D00166,1166,11,17,1700
FR,D00167,1167,12,18,1800
HU,D00168,1168,1,19,1900
NL,D00169,1169,2,20,2000
DE,D00170,1170,3,21,2100
FR,D00171,1171,4,22,2200
HU,D00172,1172,5,23,2300
NL,D00173,1173,6,24,2400
DE,D00174,1174,7,25,2500
FR,D00175,1175,8,26,2600
HU,D00176,1176,9,27,2700
NL,D00177,1177,10,28,2800
DE,D00178,1178,11,29,2900
FR,D00179,1179,12,30,3000
HU,D00180,1180,1,31,3100
NL,D00181,1181,2,32,3200
DE,D00182,1182,3,33,3300
FR,D00183,1183,4,34,3400
HU,D00184,1184,5,35,3500
NL,D00185,1185,6,36,3600
DE,D00186,1186,7,37,3700
FR,D00187,1187,8,38,3800
HU,D00188,1188,9,39,3900
NL,D00189,1189,10,40,4000
DE,D00190,1190,11,41,4100
FR,D00191,1191,12,42,4200
HU,D00192,1192,1,43,4300
NL,D00193,1193,2,44,4400
DE,D00194,1194,3,45,4500
FR,D00195,1195,4,46,4600
HU,D00196,1196,5,47,4700
NL,D00197,1197,6,48,4800
DE,D00198,1198,7,49,4900
FR,D00199,1199,8,50,5000
HU,D00200,1200,9,1,100
NL,D00201,1201,10,2,200
DE,D00202,1202,11,3,300
FR,D00203,1203,12,4,400
HU,D00204,1204,1,5,500
NL,D00205,1205,2,6,600
DE,D00206,1206,3,7,700
FR,D00207,1207,4,8,800
HU,D00208,1208,5,9,900
NL,D00209,1209,6,10,1000
DE,D00210,1210,7,11,1100
FR,D00211,1211,8,12,1200
HU,D00212,1212,9,13,1300
NL,D00213,1213,10,14,1400
DE,D00214,1214,11,15,1500
FR,D00215,1215,12,16,1600
HU,D00216,1216,1,17,1700
NL,D00217,1217,2,18,1800
DE,D00218,1218,3,19,1900
FR,D00219,1219,4,20,2000
HU,D00220,1220,5,21,2100
NL,D00221,1221,6,22,2200
DE,D00222,1222,7,23,2300
FR,D00223,1223,8,24,2400
HU,D00224,1224,9,25,2500
NL,D00225,1225,10,26,2600
DE,D00226,1226,11,27,2700
FR,D00227,1227,12,28,2800
HU,D00228,1228,1,29,2900
NL,D00229,1229,2,30,3000
DE,D00230,1230,3,31,3100
FR,D00231,1231,4,32,3200
HU,D00232,1232,5,33,3300
NL,D00233,1233,6,34,3400
DE,D00234,1234,7,35,3500
FR,D00235,1235,8,36,3600
HU,D00236,1236,9,37,3700
NL,D00237,1237,10,38,3800
DE,D00238,1238,11,39,3900
FR,D00239,1239,12,40,4000
HU,D00240,1240,1,41,4100
NL,D00241,1241,2,42,4200
DE,D00242,1242,3,43,4300
FR,D00243,1243,4,44,4400
HU,D00244,1244,5,45,4500
NL,D00245,1245,6,46,4600
DE,D00246,1246,7,47,4700
FR,D00247,1247,8,48,4800
HU,D00248,1248,9,49,4900
NL,D00249,1249,10,50,5000
DE,D00250,1250,11,1,100
FR,D00251,1251,12,2,200
HU,D00252,1252,1,3,300
NL,D00253,1253,2,4,400
DE,D00254,1254,3,5,500
FR,D00255,1255,4,6,600
HU,D00256,1256,5,7,700
NL,D00257,1257,6,8,800
DE,D00258,1258,7,9,900
FR,D00259,1259,8,10,1000
HU,D00260,1260,9,11,1100
NL,D00261,1261,10,12,1200
DE,D00262,1262,11,13,1300
FR,D00263,1263,12,14,1400
HU,D00264,1264,1,15,1500
NL,D00265,1265,2,16,1600
DE,D00266,1266,3,17,1700
FR,D00267,1267,4,18,1800
HU,D00268,1268,5,19,1900
NL,D00269,1269,6,20,2000
DE,D00270,1270,7,21,2100
FR,D00271,1271,8,22,2200
HU,D00272,1272,9,23,2300
NL,D00273,1273,10,24,2400
DE,D00274,1274,11,25,2500
FR,D00275,1275,12,26,2600
HU,D00276,1276,1,27,2700
NL,D00277,1277,2,28,2800
DE,D00278,1278,3,29,2900
FR,D00279,1279,4,30,3000
HU,D00280,1280,5,31,3100
NL,D00281,1281,6,32,3200
DE,D00282,1282,7,33,3300
FR,D00283,1283,8,34,3400
HU,D00284,1284,9,35,3500
NL,D00285,1285,10,36,3600
DE,D00286,1286,11,37,3700
FR,D00287,1287,12,38,3800
HU,D00288,1288,1,39,3900
NL,D00289,1289,2,40,4000
DE,D00290,1290,3,41,4100
FR,D00291,1291,4,42,4200
HU,D00292,1292,5,43,4300
NL,D00293,1293,6,44,4400
DE,D00294,1294,7,45,4500
FR,D00295,1295,8,46,4600
HU,D00296,1296,9,47,4700
NL,D00297,1297,10,48,4800
DE,D00298,1298,11,49,4900
FR,D00299,1299,12,50,5000
HU,D00300,1300,1,1,100
NL,D00301,1301,2,2,200
DE,D00302,1302,3,3,300
FR,D00303,1303,4,4,400
HU,D00304,1304,5,5,500
NL,D00305,1305,6,6,600
DE,D00306,1306,7,7,700
FR,D00307,1307,8,8,800
HU,D00308,1308,9,9,900
NL,D00309,1309,10,10,1000
DE,D00310,1310,11,11,1100
FR,D00311,1311,12,12,1200
HU,D00312,1312,1,13,1300
NL,D00313,1313,2,14,1400
DE,D00314,1314,3,15,1500
FR,D00315,1315,4,16,1600
HU,D00316,1316,5,17,1700
NL,D00317,1317,6,18,1800
DE,D00318,1318,7,19,1900
FR,D00319,1319,8,20,2000
HU,D00320,1320,9,21,2100
NL,D00321,1321,10,22,2200
DE,D00322,1322,11,23,2300
FR,D00323,1323,12,24,2400
HU,D00324,1324,1,25,2500
NL,D00325,1325,2,26,2600
DE,D00326,1326,3,27,2700
FR,D00327,1327,4,28,2800
HU,D00328,1328,5,29,2900
NL,D00329,1329,6,30,3000
DE,D00330,1330,7,31,3100
FR,D00331,1331,8,32,3200
HU,D00332,1332,9,33,3300
NL,D00333,1333,10,34,3400
DE,D00334,1334,11,35,3500
FR,D00335,1335,12,36,3600
HU,D00336,1336,1,37,3700
NL,D00337,1337,2,38,3800
DE,D00338,1338,3,39,3900
FR,D00339,1339,4,40,4000
HU,D00340,1340,5,41,4100
NL,D00341,1341,6,42,4200
DE,D00342,1342,7,43,4300
FR,D00343,1343,8,44,4400
HU,D00344,1344,9,45,4500
NL,D00345,1345,10,46,4600
DE,D00346,1346,11,47,4700
FR,D00347,1347,12,48,4800
HU,D00348,1348,1,49,4900
NL,D00349,1349,2,50,5000
DE,D00350,1350,3,1,100
FR,D00351,1351,4,2,200
HU,D00352,1352,5,3,300
NL,D00353,1353,6,4,400
DE,D00354,1354,7,5,500
FR,D00355,1355,8,6,600
HU,D00356,1356,9,7,700
NL,D00357,1357,10,8,800
DE,D00358,1358,11,9,900
FR,D00359,1359,12,10,1000
HU,D00360,1360,1,11,1100
NL,D00361,1361,2,12,1200
DE,D00362,1362,3,13,1300
FR,D00363,1363,4,14,1400
HU,D00364,1364,5,15,1500
NL,D00365,1365,6,16,1600
DE,D00366,1366,7,17,1700
FR,D00367,1367,8,18,1800
HU,D00368,1368,9,19,1900
NL,D00369,1369,10,20,2000
DE,D00370,1370,11,21,2100
FR,D00371,1371,12,22,2200
HU,D00372,1372,1,23,2300
NL,D00373,1373,2,24,2400
DE,D00374,1374,3,25,2500
FR,D00375,1375,4,26,2600
HU,D00376,1376,5,27,2700
NL,D00377,1377,6,28,2800
DE,D00378,1378,7,29,2900
FR,D00379,1379,8,30,3000
HU,D00380,1380,9,31,3100
NL,D00381,1381,10,32,3200
DE,D00382,1382,11,33,3300
FR,D00383,1383,12,34,3400
HU,D00384,1384,1,35,3500
NL,D00385,1385,2,36,3600
DE,D00386,1386,3,37,3700
FR,D00387,1387,4,38,3800
HU,D00388,1388,5,39,3900
NL,D00389,1389,6,40,4000
DE,D00390,1390,7,41,4100
FR,D00391,1391,8,42,4200
HU,D00392,1392,9,43,4300
NL,D00393,1393,10,44,4400
DE,D00394,1394,11,45,4500
FR,D00395,1395,12,46,4600
HU,D00396,1396,1,47,4700
NL,D00397,1397,2,48,4800
DE,D00398,1398,3,49,4900
FR,D00399,1399,4,50,5000
HU,D00400,1400,5,1,100
NL,D00401,1401,6,2,200
DE,D00402,1402,7,3,300
FR,D00403,1403,8,4,400
HU,D00404,1404,9,5,500
NL,D00405,1405,10,6,600
DE,D00406,1406,11,7,700
FR,D00407,1407,12,8,800
HU,D00408,1408,1,9,900
NL,D00409,1409,2,10,1000
DE,D00410,1410,3,11,1100
FR,D00411,1411,4,12,1200
HU,D00412,1412,5,13,1300
NL,D00413,1413,6,14,1400
DE,D00414,1414,7,15,1500
FR,D00415,1415,8,16,1600
HU,D00416,1416,9,17,1700
NL,D00417,1417,10,18,1800
DE,D00418,1418,11,19,1900
FR,D00419,1419,12,20,2000
HU,D00420,1420,1,21,2100
NL,D00421,1421,2,22,2200
DE,D00422,1422,3,23,2300
FR,D00423,1423,4,24,2400
HU,D00424,1424,5,25,2500
NL,D00425,1425,6,26,2600
DE,D00426,1426,7,27,2700
FR,D00427,1427,8,28,2800
HU,D00428,1428,9,29,2900
NL,D00429,1429,10,30,3000
DE,D00430,1430,11,31,3100
FR,D00431,1431,12,32,3200
HU,D00432,1432,1,33,3300
NL,D00433,1433,2,34,3400
DE,D00434,1434,3,35,3500
FR,D00435,1435,4,36,3600
HU,D00436,1436,5,37,3700
NL,D00437,1437,6,38,3800
DE,D00438,1438,7,39,3900
FR,D00439,1439,8,40,4000
HU,D00440,1440,9,41,4100
NL,D00441,1441,10,42,4200
DE,D00442,1442,11,43,4300
FR,D00443,1443,12,44,4400
HU,D00444,1444,1,45,4500
NL,D00445,1445,2,46,4600
DE,D00446,1446,3,47,4700
FR,D00447,1447,4,48,4800
HU,D00448,1448,5,49,4900
NL,D00449,1449,6,50,5000
DE,D00450,1450,7,1,100
FR,D00451,1451,8,2,200
HU,D00452,1452,9,3,300
NL,D00453,1453,10,4,400
DE,D00454,1454,11,5,500
FR,D00455,1455,12,6,600
HU,D00456,1456,1,7,700
NL,D00457,1457,2,8,800
DE,D00458,1458,3,9,900
FR,D00459,1459,4,10,1000
HU,D00460,1460,5,11,1100
NL,D00461,1461,6,12,1200
DE,D00462,1462,7,13,1300
FR,D00463,1463,8,14,1400
HU,D00464,1464,9,15,1500
NL,D00465,1465,10,16,1600
DE,D00466,1466,11,17,1700
FR,D00467,1467,12,18,1800
HU,D00468,1468,1,19,1900
NL,D00469,1469,2,20,2000
DE,D00470,1470,3,21,2100
FR,D00471,1471,4,22,2200
HU,D00472,1472,5,23,2300
NL,D00473,1473,6,24,2400
DE,D00474,1474,7,25,2500
FR,D00475,1475,8,26,2600
HU,D00476,1476,9,27,2700
NL,D00477,1477,10,28,2800
DE,D00478,1478,11,29,2900
FR,D00479,1479,12,30,3000
HU,D00480,1480,1,31,3100
NL,D00481,1481,2,32,3200
DE,D00482,1482,3,33,3300
FR,D00483,1483,4,34,3400
HU,D00484,1484,5,35,3500
NL,D00485,1485,6,36,3600
DE,D00486,1486,7,37,3700
FR,D00487,1487,8,38,3800
HU,D00488,1488,9,39,3900
NL,D00489,1489,10,40,4000
DE,D00490,1490,11,41,4100
FR,D00491,1491,12,42,4200
HU,D00492,1492,1,43,4300
NL,D00493,1493,2,44,4400
DE,D00494,1494,3,45,4500
FR,D00495,1495,4,46,4600
HU,D00496,1496,5,47,4700
NL,D00497,1497,6,48,4800
DE,D00498,1498,7,49,4900
FR,D00499,1499,8,50,5000
HU,D00500,1500,9,1,100
NL,D00501,1501,10,2,200
DE,D00502,1502,11,3,300
FR,D00503,1503,12,4,400
HU,D00504,1504,1,5,500
NL,D00505,1505,2,6,600
DE,D00506,1506,3,7,700
FR,D00507,1507,4,8,800
HU,D00508,1508,5,9,900
NL,D00509,1509,6,10,1000
DE,D00510,1510,7,11,1100
FR,D00511,1511,8,12,1200
HU,D00512,1512,9,13,1300
NL,D00513,1513,10,14,1400
DE,D00514,1514,11,15,1500
FR,D00515,1515,12,16,1600
HU,D00516,1516,1,17,1700
NL,D00517,1517,2,18,1800
DE,D00518,1518,3,19,1900
FR,D00519,1519,4,20,2000
HU,D00520,1520,5,21,2100
NL,D00521,1521,6,22,2200
DE,D00522,1522,7,23,2300
FR,D00523,1523,8,24,2400
HU,D00524,1524,9,25,2500
NL,D00525,1525,10,26,2600
DE,D00526,1526,11,27,2700
FR,D00527,1527,12,28,2800
HU,D00528,1528,1,29,2900
NL,D00529,1529,2,30,3000
DE,D00530,1530,3,31,3100
FR,D00531,1531,4,32,3200
HU,D00532,1532,5,33,3300
NL,D00533,1533,6,34,3400
DE,D00534,1534,7,35,3500
FR,D00535,1535,8,36,3600
HU,D00536,1536,9,37,3700
NL,D00537,1537,10,38,3800
DE,D00538,1538,11,39,3900
FR,D00539,1539,12,40,4000
HU,D00540,1540,1,41,4100
NL,D00541,1541,2,42,4200
DE,D00542,1542,3,43,4300
FR,D00543,1543,4,44,4400
HU,D00544,1544,5,45,4500
NL,D00545,1545,6,46,4600
DE,D00546,1546,7,47,4700
FR,D00547,1547,8,48,4800
HU,D00548,1548,9,49,4900
NL,D00549,1549,10,50,5000
DE,D00550,1550,11,1,100
FR,D00551,1551,12,2,200
HU,D00552,1552,1,3,300
NL,D00553,1553,2,4,400
DE,D00554,1554,3,5,500
FR,D00555,1555,4,6,600
HU,D00556,1556,5,7,700
NL,D00557,1557,6,8,800
DE,D00558,1558,7,9,900
FR,D00559,1559,8,10,1000
HU,D00560,1560,9,11,1100
NL,D00561,1561,10,12,1200
DE,D00562,1562,11,13,1300
FR,D00563,1563,12,14,1400
HU,D00564,1564,1,15,1500
NL,D00565,1565,2,16,1600
DE,D00566,1566,3,17,1700
FR,D00567,1567,4,18,1800
HU,D00568,1568,5,19,1900
NL,D00569,1569,6,20,2000
DE,D00570,1570,7,21,2100
FR,D00571,1571,8,22,2200
HU,D00572,1572,9,23,2300
NL,D00573,1573,10,24,2400
DE,D00574,1574,11,25,2500
FR,D00575,1575,12,26,2600
HU,D00576,1576,1,27,2700
NL,D00577,1577,2,28,2800
DE,D00578,1578,3,29,2900
FR,D00579,1579,4,30,3000
HU,D00580,1580,5,31,3100
NL,D00581,1581,6,32,3200
DE,D00582,1582,7,33,3300
FR,D00583,1583,8,34,3400
HU,D00584,1584,9,35,3500
NL,D00585,1585,10,36,3600
DE,D00586,1586,11,37,3700
FR,D00587,1587,12,38,3800
HU,D00588,1588,1,39,3900
NL,D00589,1589,2,40,4000
DE,D00590,1590,3,41,4100
FR,D00591,1591,4,42,4200
HU,D00592,1592,5,43,4300
NL,D00593,1593,6,44,4400
DE,D00594,1594,7,45,4500
FR,D00595,1595,8,46,4600
HU,D00596,1596,9,47,4700
NL,D00597,1597,10,48,4800
DE,D00598,1598,11,49,4900
FR,D00599,1599,12,50,5000
HU,D00600,1600,1,1,100
NL,D00601,1601,2,2,200
DE,D00602,1602,3,3,300
FR,D00603,1603,4,4,400
HU,D00604,1604,5,5,500
NL,D00605,1605,6,6,600
DE,D00606,1606,7,7,700
FR,D00607,1607,8,8,800
HU,D00608,1608,9,9,900
NL,D00609,1609,10,10,1000
DE,D00610,1610,11,11,1100
FR,D00611,1611,12,12,1200
HU,D00612,1612,1,13,1300
NL,D00613,1613,2,14,1400
DE,D00614,1614,3,15,1500
FR,D00615,1615,4,16,1600
HU,D00616,1616,5,17,1700
NL,D00617,1617,6,18,1800
DE,D00618,1618,7,19,1900
FR,D00619,1619,8,20,2000
HU,D00620,1620,9,21,2100
NL,D00621,1621,10,22,2200
DE,D00622,1622,11,23,2300
FR,D00623,1623,12,24,2400
HU,D00624,1624,1,25,2500
NL,D00625,1625,2,26,2600
DE,D00626,1626,3,27,2700
FR,D00627,1627,4,28,2800
HU,D00628,1628,5,29,2900
NL,D00629,1629,6,30,3000
DE,D00630,1630,7,31,3100
FR,D00631,1631,8,32,3200
HU,D00632,1632,9,33,3300
NL,D00633,1633,10,34,3400
DE,D00634,1634,11,35,3500
FR,D00635,1635,12,36,3600
HU,D00636,1636,1,37,3700
NL,D00637,1637,2,38,3800
DE,D00638,1638,3,39,3900
FR,D00639,1639,4,40,4000
HU,D00640,1640,5,41,4100
NL,D00641,1641,6,42,4200
DE,D00642,1642,7,43,4300
FR,D00643,1643,8,44,4400
HU,D00644,1644,9,45,4500
NL,D00645,1645,10,46,4600
DE,D00646,1646,11,47,4700
FR,D00647,1647,12,48,4800
HU,D00648,1648,1,49,4900
NL,D00649,1649,2,50,5000
DE,D00650,1650,3,1,100
FR,D00651,1651,4,2,200
HU,D00652,1652,5,3,300
NL,D00653,1653,6,4,400
DE,D00654,1654,7,5,500
FR,D00655,1655,8,6,600
HU,D00656,1656,9,7,700
NL,D00657,1657,10,8,800
DE,D00658,1658,11,9,900
FR,D00659,1659,12,10,1000
HU,D00660,1660,1,11,1100
NL,D00661,1661,2,12,1200
DE,D00662,1662,3,13,1300
FR,D00663,1663,4,14,1400
HU,D00664,1664,5,15,1500
NL,D00665,1665,6,16,1600
DE,D00666,1666,7,17,1700
FR,D00667,1667,8,18,1800
HU,D00668,1668,9,19,1900
NL,D00669,1669,10,20,2000
DE,D00670,1670,11,21,2100
FR,D00671,1671,12,22,2200
HU,D00672,1672,1,23,2300
NL,D00673,1673,2,24,2400
DE,D00674,1674,3,25,2500
FR,D00675,1675,4,26,2600
HU,D00676,1676,5,27,2700
NL,D00677,1677,6,28,2800
DE,D00678,1678,7,29,2900
FR,D00679,1679,8,30,3000
HU,D00680,1680,9,31,3100
NL,D00681,1681,10,32,3200
DE,D00682,1682,11,33,3300
FR,D00683,1683,12,34,3400
HU,D00684,1684,1,35,3500
NL,D00685,1685,2,36,3600
DE,D00686,1686,3,37,3700
FR,D00687,1687,4,38,3800
HU,D00688,1688,5,39,3900
NL,D00689,1689,6,40,4000
DE,D00690,1690,7,41,4100
FR,D00691,1691,8,42,4200
HU,D00692,1692,9,43,4300
NL,D00693,1693,10,44,4400
DE,D00694,1694,11,45,4500
FR,D00695,1695,12,46,4600
HU,D00696,1696,1,47,4700
NL,D00697,1697,2,48,4800
DE,D00698,1698,3,49,4900
FR,D00699,1699,4,50,5000
HU,D00700,1700,5,1,100
NL,D00701,1701,6,2,200
DE,D00702,1702,7,3,300
FR,D00703,1703,8,4,400
HU,D00704,1704,9,5,500
NL,D00705,1705,10,6,600
DE,D00706,1706,11,7,700
FR,D00707,1707,12,8,800
HU,D00708,1708,1,9,900
NL,D00709,1709,2,10,1000
DE,D00710,1710,3,11,1100
FR,D00711,1711,4,12,1200
HU,D00712,1712,5,13,1300
NL,D00713,1713,6,14,1400
DE,D00714,1714,7,15,1500
FR,D00715,1715,8,16,1600
HU,D00716,1716,9,17,1700
NL,D00717,1717,10,18,1800
DE,D00718,1718,11,19,1900
FR,D00719,1719,12,20,2000
HU,D00720,1720,1,21,2100
NL,D00721,1721,2,22,2200
DE,D00722,1722,3,23,2300
FR,D00723,1723,4,24,2400
HU,D00724,1724,5,25,2500
NL,D00725,1725,6,26,2600
DE,D00726,1726,7,27,2700
FR,D00727,1727,8,28,2800
HU,D00728,1728,9,29,2900
NL,D00729,1729,10,30,3000
DE,D00730,1730,11,31,3100
FR,D00731,1731,12,32,3200
HU,D00732,1732,1,33,3300
NL,D00733,1733,2,34,3400
DE,D00734,1734,3,35,3500
FR,D00735,1735,4,36,3600
HU,D00736,1736,5,37,3700
NL,D00737,1737,6,38,3800
DE,D00738,1738,7,39,3900
FR,D00739,1739,8,40,4000
HU,D00740,1740,9,41,4100
NL,D00741,1741,10,42,4200
DE,D00742,1742,11,43,4300
FR,D00743,1743,12,44,4400
HU,D00744,1744,1,45,4500
NL,D00745,1745,2,46,4600
DE,D00746,1746,3,47,4700
FR,D00747,1747,4,48,4800
HU,D00748,1748,5,49,4900
NL,D00749,1749,6,50,5000
DE,D00750,1750,7,1,100
FR,D00751,1751,8,2,200
HU,D00752,1752,9,3,300
NL,D00753,1753,10,4,400
DE,D00754,1754,11,5,500
FR,D00755,1755,12,6,600
HU,D00756,1756,1,7,700
NL,D00757,1757,2,8,800
DE,D00758,1758,3,9,900
FR,D00759,1759,4,10,1000
HU,D00760,1760,5,11,1100
NL,D00761,1761,6,12,1200
DE,D00762,1762,7,13,1300
FR,D00763,1763,8,14,1400
HU,D00764,1764,9,15,1500
NL,D00765,1765,10,16,1600
DE,D00766,1766,11,17,1700
FR,D00767,1767,12,18,1800
HU,D00768,1768,1,19,1900
NL,D00769,1769,2,20,2000
DE,D00770,1770,3,21,2100
FR,D00771,1771,4,22,2200
HU,D00772,1772,5,23,2300
NL,D00773,1773,6,24,2400
DE,D00774,1774,7,25,2500
FR,D00775,1775,8,26,2600
HU,D00776,1776,9,27,2700
NL,D00777,1777,10,28,2800
DE,D00778,1778,11,29,2900
FR,D00779,1779,12,30,3000
HU,D00780,1780,1,31,3100
NL,D00781,1781,2,32,3200
DE,D00782,1782,3,33,3300
FR,D00783,1783,4,34,3400
HU,D00784,1784,5,35,3500
NL,D00785,1785,6,36,3600
DE,D00786,1786,7,37,3700
FR,D00787,1787,8,38,3800
HU,D00788,1788,9,39,3900
NL,D00789,1789,10,40,4000
DE,D00790,1790,11,41,4100
FR,D00791,1791,12,42,4200
HU,D00792,1792,1,43,4300
NL,D00793,1793,2,44,4400
DE,D00794,1794,3,45,4500
FR,D00795,1795,4,46,4600
HU,D00796,1796,5,47,4700
NL,D00797,1797,6,48,4800
DE,D00798,1798,7,49,4900
FR,D00799,1799,8,50,5000
HU,D00800,1800,9,1,100
NL,D00801,1801,10,2,200
DE,D00802,1802,11,3,300
FR,D00803,1803,12,4,400
HU,D00804,1804,1,5,500
NL,D00805,1805,2,6,600
DE,D00806,1806,3,7,700
FR,D00807,1807,4,8,800
HU,D00808,1808,5,9,900
NL,D00809,1809,6,10,1000
DE,D00810,1810,7,11,1100
FR,D00811,1811,8,12,1200
HU,D00812,1812,9,13,1300
NL,D00813,1813,10,14,1400
DE,D00814,1814,11,15,1500
FR,D00815,1815,12,16,1600
HU,D00816,1816,1,17,1700
NL,D00817,1817,2,18,1800
DE,D00818,1818,3,19,1900
FR,D00819,1819,4,20,2000
HU,D00820,1820,5,21,2100
NL,D00821,1821,6,22,2200
DE,D00822,1822,7,23,2300
FR,D00823,1823,8,24,2400
HU,D00824,1824,9,25,2500
NL,D00825,1825,10,26,2600
DE,D00826,1826,11,27,2700
FR,D00827,1827,12,28,2800
HU,D00828,1828,1,29,2900
NL,D00829,1829,2,30,3000
DE,D00830,1830,3,31,3100
FR,D00831,1831,4,32,3200
HU,D00832,1832,5,33,3300
NL,D00833,1833,6,34,3400
DE,D00834,1834,7,35,3500
FR,D00835,1835,8,36,3600
HU,D00836,1836,9,37,3700
NL,D00837,1837,10,38,3800
DE,D00838,1838,11,39,3900
FR,D00839,1839,12,40,4000
HU,D00840,1840,1,41,4100
NL,D00841,1841,2,42,4200
DE,D00842,1842,3,43,4300
FR,D00843,1843,4,44,4400
HU,D00844,1844,5,45,4500
NL,D00845,1845,6,46,4600
DE,D00846,1846,7,47,4700
FR,D00847,1847,8,48,4800
HU,D00848,1848,9,49,4900
NL,D00849,1849,10,50,5000
DE,D00850,1850,11,1,100
FR,D00851,1851,12,2,200
HU,D00852,1852,1,3,300
NL,D00853,1853,2,4,400
DE,D00854,1854,3,5,500
FR,D00855,1855,4,6,600
HU,D00856,1856,5,7,700
NL,D00857,1857,6,8,800
DE,D00858,1858,7,9,900
FR,D00859,1859,8,10,1000
HU,D00860,1860,9,11,1100
NL,D00861,1861,10,12,1200
DE,D00862,1862,11,13,1300
FR,D00863,1863,12,14,1400
HU,D00864,1864,1,15,1500
NL,D00865,1865,2,16,1600
DE,D00866,1866,3,17,1700
FR,D00867,1867,4,18,1800
HU,D00868,1868,5,19,1900
NL,D00869,1869,6,20,2000
DE,D00870,1870,7,21,2100
FR,D00871,1871,8,22,2200
HU,D00872,1872,9,23,2300
NL,D00873,1873,10,24,2400
DE,D00874,1874,11,25,2500
FR,D00875,1875,12,26,2600
HU,D00876,1876,1,27,2700
NL,D00877,1877,2,28,2800
DE,D00878,1878,3,29,2900
FR,D00879,1879,4,30,3000
HU,D00880,1880,5,31,3100
NL,D00881,1881,6,32,3200
DE,D00882,1882,7,33,3300
FR,D00883,1883,8,34,3400
HU,D00884,1884,9,35,3500
NL,D00885,1885,10,36,3600
DE,D00886,1886,11,37,3700
FR,D00887,1887,12,38,3800
HU,D00888,1888,1,39,3900
NL,D00889,1889,2,40,4000
DE,D00890,1890,3,41,4100
FR,D00891,1891,4,42,4200
HU,D00892,1892,5,43,4300
NL,D00893,1893,6,44,4400
DE,D00894,1894,7,45,4500
FR,D00895,1895,8,46,4600
HU,D00896,1896,9,47,4700
NL,D00897,1897,10,48,4800
DE,D00898,1898,11,49,4900
FR,D00899,1899,12,50,5000
HU,D00900,1900,1,1,100
NL,D00901,1901,2,2,200
DE,D00902,1902,3,3,300
FR,D00903,1903,4,4,400
HU,D00904,1904,5,5,500
NL,D00905,1905,6,6,600
DE,D00906,1906,7,7,700
FR,D00907,1907,8,8,800
HU,D00908,1908,9,9,900
NL,D00909,1909,10,10,1000
DE,D00910,1910,11,11,1100
FR,D00911,1911,12,12,1200
HU,D00912,1912,1,13,1300
NL,D00913,1913,2,14,1400
DE,D00914,1914,3,15,1500
FR,D00915,1915,4,16,1600
HU,D00916,1916,5,17,1700
NL,D00917,1917,6,18,1800
DE,D00918,1918,7,19,1900
FR,D00919,1919,8,20,2000
HU,D00920,1920,9,21,2100
NL,D00921,1921,10,22,2200
DE,D00922,1922,11,23,2300
FR,D00923,1923,12,24,2400
HU,D00924,1924,1,25,2500
NL,D00925,1925,2,26,2600
DE,D00926,1926,3,27,2700
FR,D00927,1927,4,28,2800
HU,D00928,1928,5,29,2900
NL,D00929,1929,6,30,3000
DE,D00930,1930,7,31,3100
FR,D00931,1931,8,32,3200
HU,D00932,1932,9,33,3300
NL,D00933,1933,10,34,3400
DE,D00934,1934,11,35,3500
FR,D00935,1935,12,36,3600
HU,D00936,1936,1,37,3700
NL,D00937,1937,2,38,3800
DE,D00938,1938,3,39,3900
FR,D00939,1939,4,40,4000
HU,D00940,1940,5,41,4100
NL,D00941,1941,6,42,4200
DE,D00942,1942,7,43,4300
FR,D00943,1943,8,44,4400
HU,D00944,1944,9,45,4500
NL,D00945,1945,10,46,4600
DE,D00946,1946,11,47,4700
FR,D00947,1947,12,48,4800
HU,D00948,1948,1,49,4900
NL,D00949,1949,2,50,5000
DE,D00950,1950,3,1,100
FR,D00951,1951,4,2,200
HU,D00952,1952,5,3,300
NL,D00953,1953,6,4,400
DE,D00954,1954,7,5,500
FR,D00955,1955,8,6,600
HU,D00956,1956,9,7,700
NL,D00957,1957,10,8,800
DE,D00958,1958,11,9,900
FR,D00959,1959,12,10,1000
HU,D00960,1960,1,11,1100
NL,D00961,1961,2,12,1200
DE,D00962,1962,3,13,1300
FR,D00963,1963,4,14,1400
HU,D00964,1964,5,15,1500
NL,D00965,1965,6,16,1600
DE,D00966,1966,7,17,1700
FR,D00967,1967,8,18,1800
HU,D00968,1968,9,19,1900
NL,D00969,1969,10,20,2000
DE,D00970,1970,11,21,2100
FR,D00971,1971,12,22,2200
HU,D00972,1972,1,23,2300
NL,D00973,1973,2,24,2400
DE,D00974,1974,3,25,2500
FR,D00975,1975,4,26,2600
HU,D00976,1976,5,27,2700
NL,D00977,1977,6,28,2800
DE,D00978,1978,7,29,2900
FR,D00979,1979,8,30,3000
HU,D00980,1980,9,31,3100
NL,D00981,1981,10,32,3200
DE,D00982,1982,11,33,3300
FR,D00983,1983,12,34,3400
HU,D00984,1984,1,35,3500
NL,D00985,1985,2,36,3600
DE,D00986,1986,3,37,3700
FR,D00987,1987,4,38,3800
HU,D00988,1988,5,39,3900
NL,D00989,1989,6,40,4000
DE,D00990,1990,7,41,4100
FR,D00991,1991,8,42,4200
HU,D00992,1992,9,43,4300
NL,D00993,1993,10,44,4400
DE,D00994,1994,11,45,4500
FR,D00995,1995,12,46,4600
HU,D00996,1996,1,47,4700
NL,D00997,1997,2,48,4800
DE,D00998,1998,3,49,4900
FR,D00999,1999,4,50,5000
HU,D01000,2000,5,1,100
NL,D01001,2001,6,2,200
DE,D01002,2002,7,3,300
FR,D01003,2003,8,4,400
HU,D01004,2004,9,5,500
NL,D01005,2005,10,6,600
DE,D01006,2006,11,7,700
FR,D01007,2007,12,8,800
HU,D01008,2008,1,9,900
NL,D01009,2009,2,10,1000
DE,D01010,2010,3,11,1100
FR,D01011,2011,4,12,1200
HU,D01012,2012,5,13,1300
NL,D01013,2013,6,14,1400
DE,D01014,2014,7,15,1500
FR,D01015,2015,8,16,1600
HU,D01016,2016,9,17,1700
NL,D01017,2017,10,18,1800
DE,D01018,2018,11,19,1900
FR,D01019,2019,12,20,2000
HU,D01020,2020,1,21,2100
NL,D01021,2021,2,22,2200
DE,D01022,2022,3,23,2300
FR,D01023,2023,4,24,2400
HU,D01024,2024,5,25,2500
NL,D01025,2025,6,26,2600
DE,D01026,2026,7,27,2700
FR,D01027,2027,8,28,2800
HU,D01028,2028,9,29,2900
NL,D01029,2029,10,30,3000
DE,D01030,2030,11,31,3100
FR,D01031,2031,12,32,3200
HU,D01032,2032,1,33,3300
NL,D01033,2033,2,34,3400
DE,D01034,2034,3,35,3500
FR,D01035,2035,4,36,3600
HU,D01036,2036,5,37,3700
NL,D01037,2037,6,38,3800
DE,D01038,2038,7,39,3900
FR,D01039,2039,8,40,4000
HU,D01040,2040,9,41,4100
NL,D01041,2041,10,42,4200
DE,D01042,2042,11,43,4300
FR,D01043,2043,12,44,4400
HU,D01044,2044,1,45,4500
NL,D01045,2045,2,46,4600
DE,D01046,2046,3,47,4700
FR,D01047,2047,4,48,4800
HU,D01048,2048,5,49,4900
NL,D01049,2049,6,50,5000
DE,D01050,2050,7,1,100
FR,D01051,2051,8,2,200
HU,D01052,2052,9,3,300
NL,D01053,2053,10,4,400
DE,D01054,2054,11,5,500
FR,D01055,2055,12,6,600
HU,D01056,2056,1,7,700
NL,D01057,2057,2,8,800
DE,D01058,2058,3,9,900
FR,D01059,2059,4,10,1000
HU,D01060,2060,5,11,1100
NL,D01061,2061,6,12,1200
DE,D01062,2062,7,13,1300
FR,D01063,2063,8,14,1400
HU,D01064,2064,9,15,1500
NL,D01065,2065,10,16,1600
DE,D01066,2066,11,17,1700
FR,D01067,2067,12,18,1800
HU,D01068,2068,1,19,1900
NL,D01069,2069,2,20,2000
DE,D01070,2070,3,21,2100
FR,D01071,2071,4,22,2200
HU,D01072,2072,5,23,2300
NL,D01073,2073,6,24,2400
DE,D01074,2074,7,25,2500
FR,D01075,2075,8,26,2600
HU,D01076,2076,9,27,2700
NL,D01077,2077,10,28,2800
DE,D01078,2078,11,29,2900
FR,D01079,2079,12,30,3000
HU,D01080,2080,1,31,3100
NL,D01081,2081,2,32,3200
DE,D01082,2082,3,33,3300
FR,D01083,2083,4,34,3400
HU,D01084,2084,5,35,3500
NL,D01085,2085,6,36,3600
DE,D01086,2086,7,37,3700
FR,D01087,2087,8,38,3800
HU,D01088,2088,9,39,3900
NL,D01089,2089,10,40,4000
DE,D01090,2090,11,41,4100
FR,D01091,2091,12,42,4200
HU,D01092,2092,1,43,4300
NL,D01093,2093,2,44,4400
DE,D01094,2094,3,45,4500
FR,D01095,2095,4,46,4600
HU,D01096,2096,5,47,4700
NL,D01097,2097,6,48,4800
DE,D01098,2098,7,49,4900
FR,D01099,2099,8,50,5000
HU,D01100,2100,9,1,100
NL,D01101,2101,10,2,200
DE,D01102,2102,11,3,300
FR,D01103,2103,12,4,400
HU,D01104,2104,1,5,500
NL,D01105,2105,2,6,600
DE,D01106,2106,3,7,700
FR,D01107,2107,4,8,800
HU,D01108,2108,5,9,900
NL,D01109,2109,6,10,1000
DE,D01110,2110,7,11,1100
FR,D01111,2111,8,12,1200
HU,D01112,2112,9,13,1300
NL,D01113,2113,10,14,1400
DE,D01114,2114,11,15,1500
FR,D01115,2115,12,16,1600
HU,D01116,2116,1,17,1700
NL,D01117,2117,2,18,1800
DE,D01118,2118,3,19,1900
FR,D01119,2119,4,20,2000
HU,D01120,2120,5,21,2100
NL,D01121,2121,6,22,2200
DE,D01122,2122,7,23,2300
FR,D01123,2123,8,24,2400
HU,D01124,2124,9,25,2500
NL,D01125,2125,10,26,2600
DE,D01126,2126,11,27,2700
FR,D01127,2127,12,28,2800
HU,D01128,2128,1,29,2900
NL,D01129,2129,2,30,3000
DE,D01130,2130,3,31,3100
FR,D01131,2131,4,32,3200
HU,D01132,2132,5,33,3300
NL,D01133,2133,6,34,3400
DE,D01134,2134,7,35,3500
FR,D01135,2135,8,36,3600
HU,D01136,2136,9,37,3700
NL,D01137,2137,10,38,3800
DE,D01138,2138,11,39,3900
FR,D01139,2139,12,40,4000
HU,D01140,2140,1,41,4100
NL,D01141,2141,2,42,4200
DE,D01142,2142,3,43,4300
FR,D01143,2143,4,44,4400
HU,D01144,2144,5,45,4500
NL,D01145,2145,6,46,4600
DE,D01146,2146,7,47,4700
FR,D01147,2147,8,48,4800
HU,D01148,2148,9,49,4900
NL,D01149,2149,10,50,5000
DE,D01150,2150,11,1,100
FR,D01151,2151,12,2,200
HU,D01152,2152,1,3,300
NL,D01153,2153,2,4,400
DE,D01154,2154,3,5,500
FR,D01155,2155,4,6,600
HU,D01156,2156,5,7,700
NL,D01157,2157,6,8,800
DE,D01158,2158,7,9,900
FR,D01159,2159,8,10,1000
HU,D01160,2160,9,11,1100
NL,D01161,2161,10,12,1200
DE,D01162,2162,11,13,1300
FR,D01163,2163,12,14,1400
HU,D01164,2164,1,15,1500
NL,D01165,2165,2,16,1600
DE,D01166,2166,3,17,1700
FR,D01167,2167,4,18,1800
HU,D01168,2168,5,19,1900
NL,D01169,2169,6,20,2000
DE,D01170,2170,7,21,2100
FR,D01171,2171,8,22,2200
HU,D01172,2172,9,23,2300
NL,D01173,2173,10,24,2400
DE,D01174,2174,11,25,2500
FR,D01175,2175,12,26,2600
HU,D01176,2176,1,27,2700
NL,D01177,2177,2,28,2800
DE,D01178,2178,3,29,2900
FR,D01179,2179,4,30,3000
HU,D01180,2180,5,31,3100
NL,D01181,2181,6,32,3200
DE,D01182,2182,7,33,3300
FR,D01183,2183,8,34,3400
HU,D01184,2184,9,35,3500
NL,D01185,2185,10,36,3600
DE,D01186,2186,11,37,3700
FR,D01187,2187,12,38,3800
HU,D01188,2188,1,39,3900
NL,D01189,2189,2,40,4000
DE,D01190,2190,3,41,4100
FR,D01191,2191,4,42,4200
HU,D01192,2192,5,43,4300
NL,D01193,2193,6,44,4400
DE,D01194,2194,7,45,4500
FR,D01195,2195,8,46,4600
HU,D01196,2196,9,47,4700
NL,D01197,2197,10,48,4800
DE,D01198,2198,11,49,4900
FR,D01199,2199,12,50,5000
HU,D01200,2200,1,1,100
NL,D01201,2201,2,2,200
DE,D01202,2202,3,3,300
FR,D01203,2203,4,4,400
HU,D01204,2204,5,5,500
NL,D01205,2205,6,6,600
DE,D01206,2206,7,7,700
FR,D01207,2207,8,8,800
HU,D01208,2208,9,9,900
NL,D01209,2209,10,10,1000
DE,D01210,2210,11,11,1100
FR,D01211,2211,12,12,1200
HU,D01212,2212,1,13,1300
NL,D01213,2213,2,14,1400
DE,D01214,2214,3,15,1500
FR,D01215,2215,4,16,1600
HU,D01216,2216,5,17,1700
NL,D01217,2217,6,18,1800
DE,D01218,2218,7,19,1900
FR,D01219,2219,8,20,2000
HU,D01220,2220,9,21,2100
NL,D01221,2221,10,22,2200
DE,D01222,2222,11,23,2300
FR,D01223,2223,12,24,2400
HU,D01224,2224,1,25,2500
NL,D01225,2225,2,26,2600
DE,D01226,2226,3,27,2700
FR,D01227,2227,4,28,2800
HU,D01228,2228,5,29,2900
NL,D01229,2229,6,30,3000
DE,D01230,2230,7,31,3100
FR,D01231,2231,8,32,3200
HU,D01232,2232,9,33,3300
NL,D01233,2233,10,34,3400
DE,D01234,2234,11,35,3500
FR,D01235,2235,12,36,3600
HU,D01236,2236,1,37,3700
NL,D01237,2237,2,38,3800
DE,D01238,2238,3,39,3900
FR,D01239,2239,4,40,4000
HU,D01240,2240,5,41,4100
NL,D01241,2241,6,42,4200
DE,D01242,2242,7,43,4300
FR,D01243,2243,8,44,4400
HU,D01244,2244,9,45,4500
NL,D01245,2245,10,46,4600
DE,D01246,2246,11,47,4700
FR,D01247,2247,12,48,4800
HU,D01248,2248,1,49,4900
NL,D01249,2249,2,50,5000
DE,D01250,2250,3,1,100
FR,D01251,2251,4,2,200
HU,D01252,2252,5,3,300
NL,D01253,2253,6,4,400
DE,D01254,2254,7,5,500
FR,D01255,2255,8,6,600
HU,D01256,2256,9,7,700
NL,D01257,2257,10,8,800
DE,D01258,2258,11,9,900
FR,D01259,2259,12,10,1000
HU,D01260,2260,1,11,1100
NL,D01261,2261,2,12,1200
DE,D01262,2262,3,13,1300
FR,D01263,2263,4,14,1400
HU,D01264,2264,5,15,1500
NL,D01265,2265,6,16,1600
DE,D01266,2266,7,17,1700
FR,D01267,2267,8,18,1800
HU,D01268,2268,9,19,1900
NL,D01269,2269,10,20,2000
DE,D01270,2270,11,21,2100
FR,D01271,2271,12,22,2200
HU,D01272,2272,1,23,2300
NL,D01273,2273,2,24,2400
DE,D01274,2274,3,25,2500
FR,D01275,2275,4,26,2600
HU,D01276,2276,5,27,2700
NL,D01277,2277,6,28,2800
DE,D01278,2278,7,29,2900
FR,D01279,2279,8,30,3000
HU,D01280,2280,9,31,3100
NL,D01281,2281,10,32,3200
DE,D01282,2282,11,33,3300
FR,D01283,2283,12,34,3400
HU,D01284,2284,1,35,3500
NL,D01285,2285,2,36,3600
DE,D01286,2286,3,37,3700
FR,D01287,2287,4,38,3800
HU,D01288,2288,5,39,3900
NL,D01289,2289,6,40,4000
DE,D01290,2290,7,41,4100
FR,D01291,2291,8,42,4200
HU,D01292,2292,9,43,4300
NL,D01293,2293,10,44,4400
DE,D01294,2294,11,45,4500
FR,D01295,2295,12,46,4600
HU,D01296,2296,1,47,4700
NL,D01297,2297,2,48,4800
DE,D01298,2298,3,49,4900
FR,D01299,2299,4,50,5000
HU,D01300,2300,5,1,100
NL,D01301,2301,6,2,200
DE,D01302,2302,7,3,300
FR,D01303,2303,8,4,400
HU,D01304,2304,9,5,500
NL,D01305,2305,10,6,600
DE,D01306,2306,11,7,700
FR,D01307,2307,12,8,800
HU,D01308,2308,1,9,900
NL,D01309,2309,2,10,1000
DE,D01310,2310,3,11,1100
FR,D01311,2311,4,12,1200
HU,D01312,2312,5,13,1300
NL,D01313,2313,6,14,1400
DE,D01314,2314,7,15,1500
FR,D01315,2315,8,16,1600
HU,D01316,2316,9,17,1700
NL,D01317,2317,10,18,1800
DE,D01318,2318,11,19,1900
FR,D01319,2319,12,20,2000
HU,D01320,2320,1,21,2100
NL,D01321,2321,2,22,2200
DE,D01322,2322,3,23,2300
FR,D01323,2323,4,24,2400
HU,D01324,2324,5,25,2500
NL,D01325,2325,6,26,2600
DE,D01326,2326,7,27,2700
FR,D01327,2327,8,28,2800
HU,D01328,2328,9,29,2900
NL,D01329,2329,10,30,3000
DE,D01330,2330,11,31,3100
FR,D01331,2331,12,32,3200
HU,D01332,2332,1,33,3300
NL,D01333,2333,2,34,3400
DE,D01334,2334,3,35,3500
FR,D01335,2335,4,36,3600
HU,D01336,2336,5,37,3700
NL,D01337,2337,6,38,3800
DE,D01338,2338,7,39,3900
FR,D01339,2339,8,40,4000
HU,D01340,2340,9,41,4100
NL,D01341,2341,10,42,4200
DE,D01342,2342,11,43,4300
FR,D01343,2343,12,44,4400
HU,D01344,2344,1,45,4500
NL,D01345,2345,2,46,4600
DE,D01346,2346,3,47,4700
FR,D01347,2347,4,48,4800
HU,D01348,2348,5,49,4900
NL,D01349,2349,6,50,5000
DE,D01350,2350,7,1,100
FR,D01351,2351,8,2,200
HU,D01352,2352,9,3,300
NL,D01353,2353,10,4,400
DE,D01354,2354,11,5,500
FR,D01355,2355,12,6,600
HU,D01356,2356,1,7,700
NL,D01357,2357,2,8,800
DE,D01358,2358,3,9,900
FR,D01359,2359,4,10,1000
HU,D01360,2360,5,11,1100
NL,D01361,2361,6,12,1200
DE,D01362,2362,7,13,1300
FR,D01363,2363,8,14,1400
HU,D01364,2364,9,15,1500
NL,D01365,2365,10,16,1600
DE,D01366,2366,11,17,1700
FR,D01367,2367,12,18,1800
HU,D01368,2368,1,19,1900
NL,D01369,2369,2,20,2000
DE,D01370,2370,3,21,2100
FR,D01371,2371,4,22,2200
HU,D01372,2372,5,23,2300
NL,D01373,2373,6,24,2400
DE,D01374,2374,7,25,2500
FR,D01375,2375,8,26,2600
HU,D01376,2376,9,27,2700
NL,D01377,2377,10,28,2800
DE,D01378,2378,11,29,2900
FR,D01379,2379,12,30,3000
HU,D01380,2380,1,31,3100
NL,D01381,2381,2,32,3200
DE,D01382,2382,3,33,3300
FR,D01383,2383,4,34,3400
HU,D01384,2384,5,35,3500
NL,D01385,2385,6,36,3600
DE,D01386,2386,7,37,3700
FR,D01387,2387,8,38,3800
HU,D01388,2388,9,39,3900
NL,D01389,2389,10,40,4000
DE,D01390,2390,11,41,4100
FR,D01391,2391,12,42,4200
HU,D01392,2392,1,43,4300
NL,D01393,2393,2,44,4400
DE,D01394,2394,3,45,4500
FR,D01395,2395,4,46,4600
HU,D01396,2396,5,47,4700
NL,D01397,2397,6,48,4800
DE,D01398,2398,7,49,4900
FR,D01399,2399,8,50,5000
HU,D01400,2400,9,1,100
NL,D01401,2401,10,2,200
DE,D01402,2402,11,3,300
FR,D01403,2403,12,4,400
HU,D01404,2404,1,5,500
NL,D01405,2405,2,6,600
DE,D01406,2406,3,7,700
FR,D01407,2407,4,8,800
HU,D01408,2408,5,9,900
NL,D01409,2409,6,10,1000
DE,D01410,2410,7,11,1100
FR,D01411,2411,8,12,1200
HU,D01412,2412,9,13,1300
NL,D01413,2413,10,14,1400
DE,D01414,2414,11,15,1500
FR,D01415,2415,12,16,1600
HU,D01416,2416,1,17,1700
NL,D01417,2417,2,18,1800
DE,D01418,2418,3,19,1900
FR,D01419,2419,4,20,2000
HU,D01420,2420,5,21,2100
NL,D01421,2421,6,22,2200
DE,D01422,2422,7,23,2300
FR,D01423,2423,8,24,2400
HU,D01424,2424,9,25,2500
NL,D01425,2425,10,26,2600
DE,D01426,2426,11,27,2700
FR,D01427,2427,12,28,2800
HU,D01428,2428,1,29,2900
NL,D01429,2429,2,30,3000
DE,D01430,2430,3,31,3100
FR,D01431,2431,4,32,3200
HU,D01432,2432,5,33,3300
NL,D01433,2433,6,34,3400
DE,D01434,2434,7,35,3500
FR,D01435,2435,8,36,3600
HU,D01436,2436,9,37,3700
NL,D01437,2437,10,38,3800
DE,D01438,2438,11,39,3900
FR,D01439,2439,12,40,4000
HU,D01440,2440,1,41,4100
NL,D01441,2441,2,42,4200
DE,D01442,2442,3,43,4300
FR,D01443,2443,4,44,4400
HU,D01444,2444,5,45,4500
NL,D01445,2445,6,46,4600
DE,D01446,2446,7,47,4700
FR,D01447,2447,8,48,4800
HU,D01448,2448,9,49,4900
NL,D01449,2449,10,50,5000
DE,D01450,2450,11,1,100
FR,D01451,2451,12,2,200
HU,D01452,2452,1,3,300
NL,D01453,2453,2,4,400
DE,D01454,2454,3,5,500
FR,D01455,2455,4,6,600
HU,D01456,2456,5,7,700
NL,D01457,2457,6,8,800
DE,D01458,2458,7,9,900
FR,D01459,2459,8,10,1000
HU,D01460,2460,9,11,1100
NL,D01461,2461,10,12,1200
DE,D01462,2462,11,13,1300
FR,D01463,2463,12,14,1400
HU,D01464,2464,1,15,1500
NL,D01465,2465,2,16,1600
DE,D01466,2466,3,17,1700
FR,D01467,2467,4,18,1800
HU,D01468,2468,5,19,1900
NL,D01469,2469,6,20,2000
DE,D01470,2470,7,21,2100
FR,D01471,2471,8,22,2200
HU,D01472,2472,9,23,2300
NL,D01473,2473,10,24,2400
DE,D01474,2474,11,25,2500
FR,D01475,2475,12,26,2600
HU,D01476,2476,1,27,2700
NL,D01477,2477,2,28,2800
DE,D01478,2478,3,29,2900
FR,D01479,2479,4,30,3000
HU,D01480,2480,5,31,3100
NL,D01481,2481,6,32,3200
DE,D01482,2482,7,33,3300
FR,D01483,2483,8,34,3400
HU,D01484,2484,9,35,3500
NL,D01485,2485,10,36,3600
DE,D01486,2486,11,37,3700
FR,D01487,2487,12,38,3800
HU,D01488,2488,1,39,3900
NL,D01489,2489,2,40,4000
DE,D01490,2490,3,41,4100
FR,D01491,2491,4,42,4200
HU,D01492,2492,5,43,4300
NL,D01493,2493,6,44,4400
DE,D01494,2494,7,45,4500
FR,D01495,2495,8,46,4600
HU,D01496,2496,9,47,4700
NL,D01497,2497,10,48,4800
DE,D01498,2498,11,49,4900
FR,D01499,2499,12,50,5000
HU,D01500,2500,1,1,100
NL,D01501,2501,2,2,200
DE,D01502,2502,3,3,300
FR,D01503,2503,4,4,400
HU,D01504,2504,5,5,500
NL,D01505,2505,6,6,600
DE,D01506,2506,7,7,700
FR,D01507,2507,8,8,800
HU,D01508,2508,9,9,900
NL,D01509,2509,10,10,1000
DE,D01510,2510,11,11,1100
FR,D01511,2511,12,12,1200
HU,D01512,2512,1,13,1300
NL,D01513,2513,2,14,1400
DE,D01514,2514,3,15,1500
FR,D01515,2515,4,16,1600
HU,D01516,2516,5,17,1700
NL,D01517,2517,6,18,1800
DE,D01518,2518,7,19,1900
FR,D01519,2519,8,20,2000
HU,D01520,2520,9,21,2100
NL,D01521,2521,10,22,2200
DE,D01522,2522,11,23,2300
FR,D01523,2523,12,24,2400
HU,D01524,2524,1,25,2500
NL,D01525,2525,2,26,2600
DE,D01526,2526,3,27,2700
FR,D01527,2527,4,28,2800
HU,D01528,2528,5,29,2900
NL,D01529,2529,6,30,3000
DE,D01530,2530,7,31,3100
FR,D01531,2531,8,32,3200
HU,D01532,2532,9,33,3300
NL,D01533,2533,10,34,3400
DE,D01534,2534,11,35,3500
FR,D01535,2535,12,36,3600
HU,D01536,2536,1,37,3700
NL,D01537,2537,2,38,3800
DE,D01538,2538,3,39,3900
FR,D01539,2539,4,40,4000
HU,D01540,2540,5,41,4100
NL,D01541,2541,6,42,4200
DE,D01542,2542,7,43,4300
FR,D01543,2543,8,44,4400
HU,D01544,2544,9,45,4500
NL,D01545,2545,10,46,4600
DE,D01546,2546,11,47,4700
FR,D01547,2547,12,48,4800
HU,D01548,2548,1,49,4900
NL,D01549,2549,2,50,5000
DE,D01550,2550,3,1,100
FR,D01551,2551,4,2,200
HU,D01552,2552,5,3,300
NL,D01553,2553,6,4,400
DE,D01554,2554,7,5,500
FR,D01555,2555,8,6,600
HU,D01556,2556,9,7,700
NL,D01557,2557,10,8,800
DE,D01558,2558,11,9,900
FR,D01559,2559,12,10,1000
HU,D01560,2560,1,11,1100
NL,D01561,2561,2,12,1200
DE,D01562,2562,3,13,1300
FR,D01563,2563,4,14,1400
HU,D01564,2564,5,15,1500
NL,D01565,2565,6,16,1600
DE,D01566,2566,7,17,1700
FR,D01567,2567,8,18,1800
HU,D01568,2568,9,19,1900
NL,D01569,2569,10,20,2000
DE,D01570,2570,11,21,2100
FR,D01571,2571,12,22,2200
HU,D01572,2572,1,23,2300
NL,D01573,2573,2,24,2400
DE,D01574,2574,3,25,2500
FR,D01575,2575,4,26,2600
HU,D01576,2576,5,27,2700
NL,D01577,2577,6,28,2800
DE,D01578,2578,7,29,2900
FR,D01579,2579,8,30,3000
HU,D01580,2580,9,31,3100
NL,D01581,2581,10,32,3200
DE,D01582,2582,11,33,3300
FR,D01583,2583,12,34,3400
HU,D01584,2584,1,35,3500
NL,D01585,2585,2,36,3600
DE,D01586,2586,3,37,3700
FR,D01587,2587,4,38,3800
HU,D01588,2588,5,39,3900
NL,D01589,2589,6,40,4000
DE,D01590,2590,7,41,4100
FR,D01591,2591,8,42,4200
HU,D01592,2592,9,43,4300
NL,D01593,2593,10,44,4400
DE,D01594,2594,11,45,4500
FR,D01595,2595,12,46,4600
HU,D01596,2596,1,47,4700
NL,D01597,2597,2,48,4800
DE,D01598,2598,3,49,4900
FR,D01599,2599,4,50,5000
HU,D01600,2600,5,1,100
NL,D01601,2601,6,2,200
DE,D01602,2602,7,3,300
FR,D01603,2603,8,4,400
HU,D01604,2604,9,5,500
NL,D01605,2605,10,6,600
DE,D01606,2606,11,7,700
FR,D01607,2607,12,8,800
HU,D01608,2608,1,9,900
NL,D01609,2609,2,10,1000
DE,D01610,2610,3,11,1100
FR,D01611,2611,4,12,1200
HU,D01612,2612,5,13,1300
NL,D01613,2613,6,14,1400
DE,D01614,2614,7,15,1500
FR,D01615,2615,8,16,1600
HU,D01616,2616,9,17,1700
NL,D01617,2617,10,18,1800
DE,D01618,2618,11,19,1900
FR,D01619,2619,12,20,2000
HU,D01620,2620,1,21,2100
NL,D01621,2621,2,22,2200
DE,D01622,2622,3,23,2300
FR,D01623,2623,4,24,2400
HU,D01624,2624,5,25,2500
NL,D01625,2625,6,26,2600
DE,D01626,2626,7,27,2700
FR,D01627,2627,8,28,2800
HU,D01628,2628,9,29,2900
NL,D01629,2629,10,30,3000
DE,D01630,2630,11,31,3100
FR,D01631,2631,12,32,3200
HU,D01632,2632,1,33,3300
NL,D01633,2633,2,34,3400
DE,D01634,2634,3,35,3500
FR,D01635,2635,4,36,3600
HU,D01636,2636,5,37,3700
NL,D01637,2637,6,38,3800
DE,D01638,2638,7,39,3900
FR,D01639,2639,8,40,4000
HU,D01640,2640,9,41,4100
NL,D01641,2641,10,42,4200
DE,D01642,2642,11,43,4300
FR,D01643,2643,12,44,4400
HU,D01644,2644,1,45,4500
NL,D01645,2645,2,46,4600
DE,D01646,2646,3,47,4700
FR,D01647,2647,4,48,4800
HU,D01648,2648,5,49,4900
NL,D01649,2649,6,50,5000
DE,D01650,2650,7,1,100
FR,D01651,2651,8,2,200
HU,D01652,2652,9,3,300
NL,D01653,2653,10,4,400
DE,D01654,2654,11,5,500
FR,D01655,2655,12,6,600
HU,D01656,2656,1,7,700
NL,D01657,2657,2,8,800
DE,D01658,2658,3,9,900
FR,D01659,2659,4,10,1000
HU,D01660,2660,5,11,1100
NL,D01661,2661,6,12,1200
DE,D01662,2662,7,13,1300
FR,D01663,2663,8,14,1400
HU,D01664,2664,9,15,1500
NL,D01665,2665,10,16,1600
DE,D01666,2666,11,17,1700
FR,D01667,2667,12,18,1800
HU,D01668,2668,1,19,1900
NL,D01669,2669,2,20,2000
DE,D01670,2670,3,21,2100
FR,D01671,2671,4,22,2200
HU,D01672,2672,5,23,2300
NL,D01673,2673,6,24,2400
DE,D01674,2674,7,25,2500
FR,D01675,2675,8,26,2600
HU,D01676,2676,9,27,2700
NL,D01677,2677,10,28,2800
DE,D01678,2678,11,29,2900
FR,D01679,2679,12,30,3000
HU,D01680,2680,1,31,3100
NL,D01681,2681,2,32,3200
DE,D01682,2682,3,33,3300
FR,D01683,2683,4,34,3400
HU,D01684,2684,5,35,3500
NL,D01685,2685,6,36,3600
DE,D01686,2686,7,37,3700
FR,D01687,2687,8,38,3800
HU,D01688,2688,9,39,3900
NL,D01689,2689,10,40,4000
DE,D01690,2690,11,41,4100
FR,D01691,2691,12,42,4200
HU,D01692,2692,1,43,4300
NL,D01693,2693,2,44,4400
DE,D01694,2694,3,45,4500
FR,D01695,2695,4,46,4600
HU,D01696,2696,5,47,4700
NL,D01697,2697,6,48,4800
DE,D01698,2698,7,49,4900
FR,D01699,2699,8,50,5000
HU,D01700,2700,9,1,100
NL,D01701,2701,10,2,200
DE,D01702,2702,11,3,300
FR,D01703,2703,12,4,400
HU,D01704,2704,1,5,500
NL,D01705,2705,2,6,600
DE,D01706,2706,3,7,700
FR,D01707,2707,4,8,800
HU,D01708,2708,5,9,900
NL,D01709,2709,6,10,1000
DE,D01710,2710,7,11,1100
FR,D01711,2711,8,12,1200
HU,D01712,2712,9,13,1300
NL,D01713,2713,10,14,1400
DE,D01714,2714,11,15,1500
FR,D01715,2715,12,16,1600
HU,D01716,2716,1,17,1700
NL,D01717,2717,2,18,1800
DE,D01718,2718,3,19,1900
FR,D01719,2719,4,20,2000
HU,D01720,2720,5,21,2100
NL,D01721,2721,6,22,2200
DE,D01722,2722,7,23,2300
FR,D01723,2723,8,24,2400
HU,D01724,2724,9,25,2500
NL,D01725,2725,10,26,2600
DE,D01726,2726,11,27,2700
FR,D01727,2727,12,28,2800
HU,D01728,2728,1,29,2900
NL,D01729,2729,2,30,3000
DE,D01730,2730,3,31,3100
FR,D01731,2731,4,32,3200
HU,D01732,2732,5,33,3300
NL,D01733,2733,6,34,3400
DE,D01734,2734,7,35,3500
FR,D01735,2735,8,36,3600
HU,D01736,2736,9,37,3700
NL,D01737,2737,10,38,3800
DE,D01738,2738,11,39,3900
FR,D01739,2739,12,40,4000
HU,D01740,2740,1,41,4100
NL,D01741,2741,2,42,4200
DE,D01742,2742,3,43,4300
FR,D01743,2743,4,44,4400
HU,D01744,2744,5,45,4500
NL,D01745,2745,6,46,4600
DE,D01746,2746,7,47,4700
FR,D01747,2747,8,48,4800
HU,D01748,2748,9,49,4900
NL,D01749,2749,10,50,5000
DE,D01750,2750,11,1,100
FR,D01751,2751,12,2,200
HU,D01752,2752,1,3,300
NL,D01753,2753,2,4,400
DE,D01754,2754,3,5,500
FR,D01755,2755,4,6,600
HU,D01756,2756,5,7,700
NL,D01757,2757,6,8,800
DE,D01758,2758,7,9,900
FR,D01759,2759,8,10,1000
HU,D01760,2760,9,11,1100
NL,D01761,2761,10,12,1200
DE,D01762,2762,11,13,1300
FR,D01763,2763,12,14,1400
HU,D01764,2764,1,15,1500
NL,D01765,2765,2,16,1600
DE,D01766,2766,3,17,1700
FR,D01767,2767,4,18,1800
HU,D01768,2768,5,19,1900
NL,D01769,2769,6,20,2000
DE,D01770,2770,7,21,2100
FR,D01771,2771,8,22,2200
HU,D01772,2772,9,23,2300
NL,D01773,2773,10,24,2400
DE,D01774,2774,11,25,2500
FR,D01775,2775,12,26,2600
HU,D01776,2776,1,27,2700
NL,D01777,2777,2,28,2800
DE,D01778,2778,3,29,2900
FR,D01779,2779,4,30,3000
HU,D01780,2780,5,31,3100
NL,D01781,2781,6,32,3200
DE,D01782,2782,7,33,3300
FR,D01783,2783,8,34,3400
HU,D01784,2784,9,35,3500
NL,D01785,2785,10,36,3600
DE,D01786,2786,11,37,3700
FR,D01787,2787,12,38,3800
HU,D01788,2788,1,39,3900
NL,D01789,2789,2,40,4000
DE,D01790,2790,3,41,4100
FR,D01791,2791,4,42,4200
HU,D01792,2792,5,43,4300
NL,D01793,2793,6,44,4400
DE,D01794,2794,7,45,4500
FR,D01795,2795,8,46,4600
HU,D01796,2796,9,47,4700
NL,D01797,2797,10,48,4800
DE,D01798,2798,11,49,4900
FR,D01799,2799,12,50,5000
HU,D01800,2800,1,1,100
NL,D01801,2801,2,2,200
DE,D01802,2802,3,3,300
FR,D01803,2803,4,4,400
HU,D01804,2804,5,5,500
NL,D01805,2805,6,6,600
DE,D01806,2806,7,7,700
FR,D01807,2807,8,8,800
HU,D01808,2808,9,9,900
NL,D01809,2809,10,10,1000
DE,D01810,2810,11,11,1100
FR,D01811,2811,12,12,1200
HU,D01812,2812,1,13,1300
NL,D01813,2813,2,14,1400
DE,D01814,2814,3,15,1500
FR,D01815,2815,4,16,1600
HU,D01816,2816,5,17,1700
NL,D01817,2817,6,18,1800
DE,D01818,2818,7,19,1900
FR,D01819,2819,8,20,2000
HU,D01820,2820,9,21,2100
NL,D01821,2821,10,22,2200
DE,D01822,2822,11,23,2300
FR,D01823,2823,12,24,2400
HU,D01824,2824,1,25,2500
NL,D01825,2825,2,26,2600
DE,D01826,2826,3,27,2700
FR,D01827,2827,4,28,2800
HU,D01828,2828,5,29,2900
NL,D01829,2829,6,30,3000
DE,D01830,2830,7,31,3100
FR,D01831,2831,8,32,3200
HU,D01832,2832,9,33,3300
NL,D01833,2833,10,34,3400
DE,D01834,2834,11,35,3500
FR,D01835,2835,12,36,3600
HU,D01836,2836,1,37,3700
NL,D01837,2837,2,38,3800
DE,D01838,2838,3,39,3900
FR,D01839,2839,4,40,4000
HU,D01840,2840,5,41,4100
NL,D01841,2841,6,42,4200
DE,D01842,2842,7,43,4300
FR,D01843,2843,8,44,4400
HU,D01844,2844,9,45,4500
NL,D01845,2845,10,46,4600
DE,D01846,2846,11,47,4700
FR,D01847,2847,12,48,4800
HU,D01848,2848,1,49,4900
NL,D01849,2849,2,50,5000
DE,D01850,2850,3,1,100
FR,D01851,2851,4,2,200
HU,D01852,2852,5,3,300
NL,D01853,2853,6,4,400
DE,D01854,2854,7,5,500
FR,D01855,2855,8,6,600
HU,D01856,2856,9,7,700
NL,D01857,2857,10,8,800
DE,D01858,2858,11,9,900
FR,D01859,2859,12,10,1000
HU,D01860,2860,1,11,1100
NL,D01861,2861,2,12,1200
DE,D01862,2862,3,13,1300
FR,D01863,2863,4,14,1400
HU,D01864,2864,5,15,1500
NL,D01865,2865,6,16,1600
DE,D01866,2866,7,17,1700
FR,D01867,2867,8,18,1800
HU,D01868,2868,9,19,1900
NL,D01869,2869,10,20,2000
DE,D01870,2870,11,21,2100
FR,D01871,2871,12,22,2200
HU,D01872,2872,1,23,2300
NL,D01873,2873,2,24,2400
DE,D01874,2874,3,25,2500
FR,D01875,2875,4,26,2600
HU,D01876,2876,5,27,2700
NL,D01877,2877,6,28,2800
DE,D01878,2878,7,29,2900
FR,D01879,2879,8,30,3000
HU,D01880,2880,9,31,3100
NL,D01881,2881,10,32,3200
DE,D01882,2882,11,33,3300
FR,D01883,2883,12,34,3400
HU,D01884,2884,1,35,3500
NL,D01885,2885,2,36,3600
DE,D01886,2886,3,37,3700
FR,D01887,2887,4,38,3800
HU,D01888,2888,5,39,3900
NL,D01889,2889,6,40,4000
DE,D01890,2890,7,41,4100
FR,D01891,2891,8,42,4200
HU,D01892,2892,9,43,4300
NL,D01893,2893,10,44,4400
DE,D01894,2894,11,45,4500
FR,D01895,2895,12,46,4600
HU,D01896,2896,1,47,4700
NL,D01897,2897,2,48,4800
DE,D01898,2898,3,49,4900
FR,D01899,2899,4,50,5000
HU,D01900,2900,5,1,100
NL,D01901,2901,6,2,200
DE,D01902,2902,7,3,300
FR,D01903,2903,8,4,400
HU,D01904,2904,9,5,500
NL,D01905,2905,10,6,600
DE,D01906,2906,11,7,700
FR,D01907,2907,12,8,800
HU,D01908,2908,1,9,900
NL,D01909,2909,2,10,1000
DE,D01910,2910,3,11,1100
FR,D01911,2911,4,12,1200
HU,D01912,2912,5,13,1300
NL,D01913,2913,6,14,1400
DE,D01914,2914,7,15,1500
FR,D01915,2915,8,16,1600
HU,D01916,2916,9,17,1700
NL,D01917,2917,10,18,1800
DE,D01918,2918,11,19,1900
FR,D01919,2919,12,20,2000
HU,D01920,2920,1,21,2100
NL,D01921,2921,2,22,2200
DE,D01922,2922,3,23,2300
FR,D01923,2923,4,24,2400
HU,D01924,2924,5,25,2500
NL,D01925,2925,6,26,2600
DE,D01926,2926,7,27,2700
FR,D01927,2927,8,28,2800
HU,D01928,2928,9,29,2900
NL,D01929,2929,10,30,3000
DE,D01930,2930,11,31,3100
FR,D01931,2931,12,32,3200
HU,D01932,2932,1,33,3300
NL,D01933,2933,2,34,3400
DE,D01934,2934,3,35,3500
FR,D01935,2935,4,36,3600
HU,D01936,2936,5,37,3700
NL,D01937,2937,6,38,3800
DE,D01938,2938,7,39,3900
FR,D01939,2939,8,40,4000
HU,D01940,2940,9,41,4100
NL,D01941,2941,10,42,4200
DE,D01942,2942,11,43,4300
FR,D01943,2943,12,44,4400
HU,D01944,2944,1,45,4500
NL,D01945,2945,2,46,4600
DE,D01946,2946,3,47,4700
FR,D01947,2947,4,48,4800
HU,D01948,2948,5,49,4900
NL,D01949,2949,6,50,5000
DE,D01950,2950,7,1,100
FR,D01951,2951,8,2,200
HU,D01952,2952,9,3,300
NL,D01953,2953,10,4,400
DE,D01954,2954,11,5,500
FR,D01955,2955,12,6,600
HU,D01956,2956,1,7,700
NL,D01957,2957,2,8,800
DE,D01958,2958,3,9,900
FR,D01959,2959,4,10,1000
HU,D01960,2960,5,11,1100
NL,D01961,2961,6,12,1200
DE,D01962,2962,7,13,1300
FR,D01963,2963,8,14,1400
HU,D01964,2964,9,15,1500
NL,D01965,2965,10,16,1600
DE,D01966,2966,11,17,1700
FR,D01967,2967,12,18,1800
HU,D01968,2968,1,19,1900
NL,D01969,2969,2,20,2000
DE,D01970,2970,3,21,2100
FR,D01971,2971,4,22,2200
HU,D01972,2972,5,23,2300
NL,D01973,2973,6,24,2400
DE,D01974,2974,7,25,2500
FR,D01975,2975,8,26,2600
HU,D01976,2976,9,27,2700
NL,D01977,2977,10,28,2800
DE,D01978,2978,11,29,2900
FR,D01979,2979,12,30,3000
HU,D01980,2980,1,31,3100
NL,D01981,2981,2,32,3200
DE,D01982,2982,3,33,3300
FR,D01983,2983,4,34,3400
HU,D01984,2984,5,35,3500
NL,D01985,2985,6,36,3600
DE,D01986,2986,7,37,3700
FR,D01987,2987,8,38,3800
HU,D01988,2988,9,39,3900
NL,D01989,2989,10,40,4000
DE,D01990,2990,11,41,4100
FR,D01991,2991,12,42,4200
HU,D01992,2992,1,43,4300
NL,D01993,2993,2,44,4400
DE,D01994,2994,3,45,4500
FR,D01995,2995,4,46,4600
HU,D01996,2996,5,47,4700
NL,D01997,2997,6,48,4800
DE,D01998,2998,7,49,4900
FR,D01999,2999,8,50,5000
HU,D02000,3000,9,1,100
NL,D02001,3001,10,2,200
DE,D02002,3002,11,3,300
FR,D02003,3003,12,4,400
HU,D02004,3004,1,5,500
NL,D02005,3005,2,6,600
DE,D02006,3006,3,7,700
FR,D02007,3007,4,8,800
HU,D02008,3008,5,9,900
NL,D02009,3009,6,10,1000
DE,D02010,3010,7,11,1100
FR,D02011,3011,8,12,1200
HU,D02012,3012,9,13,1300
NL,D02013,3013,10,14,1400
DE,D02014,3014,11,15,1500
FR,D02015,3015,12,16,1600
HU,D02016,3016,1,17,1700
NL,D02017,3017,2,18,1800
DE,D02018,3018,3,19,1900
FR,D02019,3019,4,20,2000
HU,D02020,3020,5,21,2100
NL,D02021,3021,6,22,2200
DE,D02022,3022,7,23,2300
FR,D02023,3023,8,24,2400
HU,D02024,3024,9,25,2500
NL,D02025,3025,10,26,2600
DE,D02026,3026,11,27,2700
FR,D02027,3027,12,28,2800
HU,D02028,3028,1,29,2900
NL,D02029,3029,2,30,3000
DE,D02030,3030,3,31,3100
FR,D02031,3031,4,32,3200
HU,D02032,3032,5,33,3300
NL,D02033,3033,6,34,3400
DE,D02034,3034,7,35,3500
FR,D02035,3035,8,36,3600
HU,D02036,3036,9,37,3700
NL,D02037,3037,10,38,3800
DE,D02038,3038,11,39,3900
FR,D02039,3039,12,40,4000
HU,D02040,3040,1,41,4100
NL,D02041,3041,2,42,4200
DE,D02042,3042,3,43,4300
FR,D02043,3043,4,44,4400
HU,D02044,3044,5,45,4500
NL,D02045,3045,6,46,4600
DE,D02046,3046,7,47,4700
FR,D02047,3047,8,48,4800
HU,D02048,3048,9,49,4900
NL,D02049,3049,10,50,5000
DE,D02050,3050,11,1,100
FR,D02051,3051,12,2,200
HU,D02052,3052,1,3,300
NL,D02053,3053,2,4,400
DE,D02054,3054,3,5,500
FR,D02055,3055,4,6,600
HU,D02056,3056,5,7,700
NL,D02057,3057,6,8,800
DE,D02058,3058,7,9,900
FR,D02059,3059,8,10,1000
HU,D02060,3060,9,11,1100
NL,D02061,3061,10,12,1200
DE,D02062,3062,11,13,1300
FR,D02063,3063,12,14,1400
HU,D02064,3064,1,15,1500
NL,D02065,3065,2,16,1600
DE,D02066,3066,3,17,1700
FR,D02067,3067,4,18,1800
HU,D02068,3068,5,19,1900
NL,D02069,3069,6,20,2000
DE,D02070,3070,7,21,2100
FR,D02071,3071,8,22,2200
HU,D02072,3072,9,23,2300
NL,D02073,3073,10,24,2400
DE,D02074,3074,11,25,2500
FR,D02075,3075,12,26,2600
HU,D02076,3076,1,27,2700
NL,D02077,3077,2,28,2800
DE,D02078,3078,3,29,2900
FR,D02079,3079,4,30,3000
HU,D02080,3080,5,31,3100
NL,D02081,3081,6,32,3200
DE,D02082,3082,7,33,3300
FR,D02083,3083,8,34,3400
HU,D02084,3084,9,35,3500
NL,D02085,3085,10,36,3600
DE,D02086,3086,11,37,3700
FR,D02087,3087,12,38,3800
HU,D02088,3088,1,39,3900
NL,D02089,3089,2,40,4000
DE,D02090,3090,3,41,4100
FR,D02091,3091,4,42,4200
HU,D02092,3092,5,43,4300
NL,D02093,3093,6,44,4400
DE,D02094,3094,7,45,4500
FR,D02095,3095,8,46,4600
HU,D02096,3096,9,47,4700
NL,D02097,3097,10,48,4800
DE,D02098,3098,11,49,4900
FR,D02099,3099,12,50,5000
HU,D02100,3100,1,1,100
NL,D02101,3101,2,2,200
DE,D02102,3102,3,3,300
FR,D02103,3103,4,4,400
HU,D02104,3104,5,5,500
NL,D02105,3105,6,6,600
DE,D02106,3106,7,7,700
FR,D02107,3107,8,8,800
HU,D02108,3108,9,9,900
NL,D02109,3109,10,10,1000
DE,D02110,3110,11,11,1100
FR,D02111,3111,12,12,1200
HU,D02112,3112,1,13,1300
NL,D02113,3113,2,14,1400
DE,D02114,3114,3,15,1500
FR,D02115,3115,4,16,1600
HU,D02116,3116,5,17,1700
NL,D02117,3117,6,18,1800
DE,D02118,3118,7,19,1900
FR,D02119,3119,8,20,2000
HU,D02120,3120,9,21,2100
NL,D02121,3121,10,22,2200
DE,D02122,3122,11,23,2300
FR,D02123,3123,12,24,2400
HU,D02124,3124,1,25,2500
NL,D02125,3125,2,26,2600
DE,D02126,3126,3,27,2700
FR,D02127,3127,4,28,2800
HU,D02128,3128,5,29,2900
NL,D02129,3129,6,30,3000
DE,D02130,3130,7,31,3100
FR,D02131,3131,8,32,3200
HU,D02132,3132,9,33,3300
NL,D02133,3133,10,34,3400
DE,D02134,3134,11,35,3500
FR,D02135,3135,12,36,3600
HU,D02136,3136,1,37,3700
NL,D02137,3137,2,38,3800
DE,D02138,3138,3,39,3900
FR,D02139,3139,4,40,4000
HU,D02140,3140,5,41,4100
NL,D02141,3141,6,42,4200
DE,D02142,3142,7,43,4300
FR,D02143,3143,8,44,4400
HU,D02144,3144,9,45,4500
NL,D02145,3145,10,46,4600
DE,D02146,3146,11,47,4700
FR,D02147,3147,12,48,4800
HU,D02148,3148,1,49,4900
NL,D02149,3149,2,50,5000
DE,D02150,3150,3,1,100
FR,D02151,3151,4,2,200
HU,D02152,3152,5,3,300
NL,D02153,3153,6,4,400
DE,D02154,3154,7,5,500
FR,D02155,3155,8,6,600
HU,D02156,3156,9,7,700
NL,D02157,3157,10,8,800
DE,D02158,3158,11,9,900
FR,D02159,3159,12,10,1000
HU,D02160,3160,1,11,1100
NL,D02161,3161,2,12,1200
DE,D02162,3162,3,13,1300
FR,D02163,3163,4,14,1400
HU,D02164,3164,5,15,1500
NL,D02165,3165,6,16,1600
DE,D02166,3166,7,17,1700
FR,D02167,3167,8,18,1800
HU,D02168,3168,9,19,1900
NL,D02169,3169,10,20,2000
DE,D02170,3170,11,21,2100
FR,D02171,3171,12,22,2200
HU,D02172,3172,1,23,2300
NL,D02173,3173,2,24,2400
DE,D02174,3174,3,25,2500
FR,D02175,3175,4,26,2600
HU,D02176,3176,5,27,2700
NL,D02177,3177,6,28,2800
DE,D02178,3178,7,29,2900
FR,D02179,3179,8,30,3000
HU,D02180,3180,9,31,3100
NL,D02181,3181,10,32,3200
DE,D02182,3182,11,33,3300
FR,D02183,3183,12,34,3400
HU,D02184,3184,1,35,3500
NL,D02185,3185,2,36,3600
DE,D02186,3186,3,37,3700
FR,D02187,3187,4,38,3800
HU,D02188,3188,5,39,3900
NL,D02189,3189,6,40,4000
DE,D02190,3190,7,41,4100
FR,D02191,3191,8,42,4200
HU,D02192,3192,9,43,4300
NL,D02193,3193,10,44,4400
DE,D02194,3194,11,45,4500
FR,D02195,3195,12,46,4600
HU,D02196,3196,1,47,4700
NL,D02197,3197,2,48,4800
DE,D02198,3198,3,49,4900
FR,D02199,3199,4,50,5000
HU,D02200,3200,5,1,100
NL,D02201,3201,6,2,200
DE,D02202,3202,7,3,300
FR,D02203,3203,8,4,400
HU,D02204,3204,9,5,500
NL,D02205,3205,10,6,600
DE,D02206,3206,11,7,700
FR,D02207,3207,12,8,800
HU,D02208,3208,1,9,900
NL,D02209,3209,2,10,1000
DE,D02210,3210,3,11,1100
FR,D02211,3211,4,12,1200
HU,D02212,3212,5,13,1300
NL,D02213,3213,6,14,1400
DE,D02214,3214,7,15,1500
FR,D02215,3215,8,16,1600
HU,D02216,3216,9,17,1700
NL,D02217,3217,10,18,1800
DE,D02218,3218,11,19,1900
FR,D02219,3219,12,20,2000
HU,D02220,3220,1,21,2100
NL,D02221,3221,2,22,2200
DE,D02222,3222,3,23,2300
FR,D02223,3223,4,24,2400
HU,D02224,3224,5,25,2500
NL,D02225,3225,6,26,2600
DE,D02226,3226,7,27,2700
FR,D02227,3227,8,28,2800
HU,D02228,3228,9,29,2900
NL,D02229,3229,10,30,3000
DE,D02230,3230,11,31,3100
FR,D02231,3231,12,32,3200
HU,D02232,3232,1,33,3300
NL,D02233,3233,2,34,3400
DE,D02234,3234,3,35,3500
FR,D02235,3235,4,36,3600
HU,D02236,3236,5,37,3700
NL,D02237,3237,6,38,3800
DE,D02238,3238,7,39,3900
FR,D02239,3239,8,40,4000
HU,D02240,3240,9,41,4100
NL,D02241,3241,10,42,4200
DE,D02242,3242,11,43,4300
FR,D02243,3243,12,44,4400
HU,D02244,3244,1,45,4500
NL,D02245,3245,2,46,4600
DE,D02246,3246,3,47,4700
FR,D02247,3247,4,48,4800
HU,D02248,3248,5,49,4900
NL,D02249,3249,6,50,5000
DE,D02250,3250,7,1,100
FR,D02251,3251,8,2,200
HU,D02252,3252,9,3,300
NL,D02253,3253,10,4,400
DE,D02254,3254,11,5,500
FR,D02255,3255,12,6,600
HU,D02256,3256,1,7,700
NL,D02257,3257,2,8,800
DE,D02258,3258,3,9,900
FR,D02259,3259,4,10,1000
HU,D02260,3260,5,11,1100
NL,D02261,3261,6,12,1200
DE,D02262,3262,7,13,1300
FR,D02263,3263,8,14,1400
HU,D02264,3264,9,15,1500
NL,D02265,3265,10,16,1600
DE,D02266,3266,11,17,1700
FR,D02267,3267,12,18,1800
HU,D02268,3268,1,19,1900
NL,D02269,3269,2,20,2000
DE,D02270,3270,3,21,2100
FR,D02271,3271,4,22,2200
HU,D02272,3272,5,23,2300
NL,D02273,3273,6,24,2400
DE,D02274,3274,7,25,2500
FR,D02275,3275,8,26,2600
HU,D02276,3276,9,27,2700
NL,D02277,3277,10,28,2800
DE,D02278,3278,11,29,2900
FR,D02279,3279,12,30,3000
HU,D02280,3280,1,31,3100
NL,D02281,3281,2,32,3200
DE,D02282,3282,3,33,3300
FR,D02283,3283,4,34,3400
HU,D02284,3284,5,35,3500
NL,D02285,3285,6,36,3600
DE,D02286,3286,7,37,3700
FR,D02287,3287,8,38,3800
HU,D02288,3288,9,39,3900
NL,D02289,3289,10,40,4000
DE,D02290,3290,11,41,4100
FR,D02291,3291,12,42,4200
HU,D02292,3292,1,43,4300
NL,D02293,3293,2,44,4400
DE,D02294,3294,3,45,4500
FR,D02295,3295,4,46,4600
HU,D02296,3296,5,47,4700
NL,D02297,3297,6,48,4800
DE,D02298,3298,7,49,4900
FR,D02299,3299,8,50,5000
HU,D02300,3300,9,1,100
NL,D02301,3301,10,2,200
DE,D02302,3302,11,3,300
FR,D02303,3303,12,4,400
HU,D02304,3304,1,5,500
NL,D02305,3305,2,6,600
DE,D02306,3306,3,7,700
FR,D02307,3307,4,8,800
HU,D02308,3308,5,9,900
NL,D02309,3309,6,10,1000
DE,D02310,3310,7,11,1100
FR,D02311,3311,8,12,1200
HU,D02312,3312,9,13,1300
NL,D02313,3313,10,14,1400
DE,D02314,3314,11,15,1500
FR,D02315,3315,12,16,1600
HU,D02316,3316,1,17,1700
NL,D02317,3317,2,18,1800
DE,D02318,3318,3,19,1900
FR,D02319,3319,4,20,2000
HU,D02320,3320,5,21,2100
NL,D02321,3321,6,22,2200
DE,D02322,3322,7,23,2300
FR,D02323,3323,8,24,2400
HU,D02324,3324,9,25,2500
NL,D02325,3325,10,26,2600
DE,D02326,3326,11,27,2700
FR,D02327,3327,12,28,2800
HU,D02328,3328,1,29,2900
NL,D02329,3329,2,30,3000
DE,D02330,3330,3,31,3100
FR,D02331,3331,4,32,3200
HU,D02332,3332,5,33,3300
NL,D02333,3333,6,34,3400
DE,D02334,3334,7,35,3500
FR,D02335,3335,8,36,3600
HU,D02336,3336,9,37,3700
NL,D02337,3337,10,38,3800
DE,D02338,3338,11,39,3900
FR,D02339,3339,12,40,4000
HU,D02340,3340,1,41,4100
NL,D02341,3341,2,42,4200
DE,D02342,3342,3,43,4300
FR,D02343,3343,4,44,4400
HU,D02344,3344,5,45,4500
NL,D02345,3345,6,46,4600
DE,D02346,3346,7,47,4700
FR,D02347,3347,8,48,4800
HU,D02348,3348,9,49,4900
NL,D02349,3349,10,50,5000
DE,D02350,3350,11,1,100
FR,D02351,3351,12,2,200
HU,D02352,3352,1,3,300
NL,D02353,3353,2,4,400
DE,D02354,3354,3,5,500
FR,D02355,3355,4,6,600
HU,D02356,3356,5,7,700
NL,D02357,3357,6,8,800
DE,D02358,3358,7,9,900
FR,D02359,3359,8,10,1000
HU,D02360,3360,9,11,1100
NL,D02361,3361,10,12,1200
DE,D02362,3362,11,13,1300
FR,D02363,3363,12,14,1400
HU,D02364,3364,1,15,1500
NL,D02365,3365,2,16,1600
DE,D02366,3366,3,17,1700
FR,D02367,3367,4,18,1800
HU,D02368,3368,5,19,1900
NL,D02369,3369,6,20,2000
DE,D02370,3370,7,21,2100
FR,D02371,3371,8,22,2200
HU,D02372,3372,9,23,2300
NL,D02373,3373,10,24,2400
DE,D02374,3374,11,25,2500
FR,D02375,3375,12,26,2600
HU,D02376,3376,1,27,2700
NL,D02377,3377,2,28,2800
DE,D02378,3378,3,29,2900
FR,D02379,3379,4,30,3000
HU,D02380,3380,5,31,3100
NL,D02381,3381,6,32,3200
DE,D02382,3382,7,33,3300
FR,D02383,3383,8,34,3400
HU,D02384,3384,9,35,3500
NL,D02385,3385,10,36,3600
DE,D02386,3386,11,37,3700
FR,D02387,3387,12,38,3800
HU,D02388,3388,1,39,3900
NL,D02389,3389,2,40,4000
DE,D02390,3390,3,41,4100
FR,D02391,3391,4,42,4200
HU,D02392,3392,5,43,4300
NL,D02393,3393,6,44,4400
DE,D02394,3394,7,45,4500
FR,D02395,3395,8,46,4600
HU,D02396,3396,9,47,4700
NL,D02397,3397,10,48,4800
DE,D02398,3398,11,49,4900
FR,D02399,3399,12,50,5000
HU,D02400,3400,1,1,100
NL,D02401,3401,2,2,200
DE,D02402,3402,3,3,300
FR,D02403,3403,4,4,400
HU,D02404,3404,5,5,500
NL,D02405,3405,6,6,600
DE,D02406,3406,7,7,700
FR,D02407,3407,8,8,800
HU,D02408,3408,9,9,900
NL,D02409,3409,10,10,1000
DE,D02410,3410,11,11,1100
FR,D02411,3411,12,12,1200
HU,D02412,3412,1,13,1300
NL,D02413,3413,2,14,1400
DE,D02414,3414,3,15,1500
FR,D02415,3415,4,16,1600
HU,D02416,3416,5,17,1700
NL,D02417,3417,6,18,1800
DE,D02418,3418,7,19,1900
FR,D02419,3419,8,20,2000
HU,D02420,3420,9,21,2100
NL,D02421,3421,10,22,2200
DE,D02422,3422,11,23,2300
FR,D02423,3423,12,24,2400
HU,D02424,3424,1,25,2500
NL,D02425,3425,2,26,2600
DE,D02426,3426,3,27,2700
FR,D02427,3427,4,28,2800
HU,D02428,3428,5,29,2900
NL,D02429,3429,6,30,3000
DE,D02430,3430,7,31,3100
FR,D02431,3431,8,32,3200
HU,D02432,3432,9,33,3300
NL,D02433,3433,10,34,3400
DE,D02434,3434,11,35,3500
FR,D02435,3435,12,36,3600
HU,D02436,3436,1,37,3700
NL,D02437,3437,2,38,3800
DE,D02438,3438,3,39,3900
FR,D02439,3439,4,40,4000
HU,D02440,3440,5,41,4100
NL,D02441,3441,6,42,4200
DE,D02442,3442,7,43,4300
FR,D02443,3443,8,44,4400
HU,D02444,3444,9,45,4500
NL,D02445,3445,10,46,4600
DE,D02446,3446,11,47,4700
FR,D02447,3447,12,48,4800
HU,D02448,3448,1,49,4900
NL,D02449,3449,2,50,5000
DE,D02450,3450,3,1,100
FR,D02451,3451,4,2,200
HU,D02452,3452,5,3,300
NL,D02453,3453,6,4,400
DE,D02454,3454,7,5,500
FR,D02455,3455,8,6,600
HU,D02456,3456,9,7,700
NL,D02457,3457,10,8,800
DE,D02458,3458,11,9,900
FR,D02459,3459,12,10,1000
HU,D02460,3460,1,11,1100
NL,D02461,3461,2,12,1200
DE,D02462,3462,3,13,1300
FR,D02463,3463,4,14,1400
HU,D02464,3464,5,15,1500
NL,D02465,3465,6,16,1600
DE,D02466,3466,7,17,1700
FR,D02467,3467,8,18,1800
HU,D02468,3468,9,19,1900
NL,D02469,3469,10,20,2000
DE,D02470,3470,11,21,2100
FR,D02471,3471,12,22,2200
HU,D02472,3472,1,23,2300
NL,D02473,3473,2,24,2400
DE,D02474,3474,3,25,2500
FR,D02475,3475,4,26,2600
HU,D02476,3476,5,27,2700
NL,D02477,3477,6,28,2800
DE,D02478,3478,7,29,2900
FR,D02479,3479,8,30,3000
HU,D02480,3480,9,31,3100
NL,D02481,3481,10,32,3200
DE,D02482,3482,11,33,3300
FR,D02483,3483,12,34,3400
HU,D02484,3484,1,35,3500
NL,D02485,3485,2,36,3600
DE,D02486,3486,3,37,3700
FR,D02487,3487,4,38,3800
HU,D02488,3488,5,39,3900
NL,D02489,3489,6,40,4000
DE,D02490,3490,7,41,4100
FR,D02491,3491,8,42,4200
HU,D02492,3492,9,43,4300
NL,D02493,3493,10,44,4400
DE,D02494,3494,11,45,4500
FR,D02495,3495,12,46,4600
HU,D02496,3496,1,47,4700
NL,D02497,3497,2,48,4800
DE,D02498,3498,3,49,4900
FR,D02499,3499,4,50,5000
HU,D02500,3500,5,1,100
NL,D02501,3501,6,2,200
DE,D02502,3502,7,3,300
FR,D02503,3503,8,4,400
HU,D02504,3504,9,5,500
NL,D02505,3505,10,6,600
DE,D02506,3506,11,7,700
FR,D02507,3507,12,8,800
HU,D02508,3508,1,9,900
NL,D02509,3509,2,10,1000
DE,D02510,3510,3,11,1100
FR,D02511,3511,4,12,1200
HU,D02512,3512,5,13,1300
NL,D02513,3513,6,14,1400
DE,D02514,3514,7,15,1500
FR,D02515,3515,8,16,1600
HU,D02516,3516,9,17,1700
NL,D02517,3517,10,18,1800
DE,D02518,3518,11,19,1900
FR,D02519,3519,12,20,2000
HU,D02520,3520,1,21,2100
NL,D02521,3521,2,22,2200
DE,D02522,3522,3,23,2300
FR,D02523,3523,4,24,2400
HU,D02524,3524,5,25,2500
NL,D02525,3525,6,26,2600
DE,D02526,3526,7,27,2700
FR,D02527,3527,8,28,2800
HU,D02528,3528,9,29,2900
NL,D02529,3529,10,30,3000
DE,D02530,3530,11,31,3100
FR,D02531,3531,12,32,3200
HU,D02532,3532,1,33,3300
NL,D02533,3533,2,34,3400
DE,D02534,3534,3,35,3500
FR,D02535,3535,4,36,3600
HU,D02536,3536,5,37,3700
NL,D02537,3537,6,38,3800
DE,D02538,3538,7,39,3900
FR,D02539,3539,8,40,4000
HU,D02540,3540,9,41,4100
NL,D02541,3541,10,42,4200
DE,D02542,3542,11,43,4300
FR,D02543,3543,12,44,4400
HU,D02544,3544,1,45,4500
NL,D02545,3545,2,46,4600
DE,D02546,3546,3,47,4700
FR,D02547,3547,4,48,4800
HU,D02548,3548,5,49,4900
NL,D02549,3549,6,50,5000
DE,D02550,3550,7,1,100
FR,D02551,3551,8,2,200
HU,D02552,3552,9,3,300
NL,D02553,3553,10,4,400
DE,D02554,3554,11,5,500
FR,D02555,3555,12,6,600
HU,D02556,3556,1,7,700
NL,D02557,3557,2,8,800
DE,D02558,3558,3,9,900
FR,D02559,3559,4,10,1000
HU,D02560,3560,5,11,1100
NL,D02561,3561,6,12,1200
DE,D02562,3562,7,13,1300
FR,D02563,3563,8,14,1400
HU,D02564,3564,9,15,1500
NL,D02565,3565,10,16,1600
DE,D02566,3566,11,17,1700
FR,D02567,3567,12,18,1800
HU,D02568,3568,1,19,1900
NL,D02569,3569,2,20,2000
DE,D02570,3570,3,21,2100
FR,D02571,3571,4,22,2200
HU,D02572,3572,5,23,2300
NL,D02573,3573,6,24,2400
DE,D02574,3574,7,25,2500
FR,D02575,3575,8,26,2600
HU,D02576,3576,9,27,2700
NL,D02577,3577,10,28,2800
DE,D02578,3578,11,29,2900
FR,D02579,3579,12,30,3000
HU,D02580,3580,1,31,3100
NL,D02581,3581,2,32,3200
DE,D02582,3582,3,33,3300
FR,D02583,3583,4,34,3400
HU,D02584,3584,5,35,3500
NL,D02585,3585,6,36,3600
DE,D02586,3586,7,37,3700
FR,D02587,3587,8,38,3800
HU,D02588,3588,9,39,3900
NL,D02589,3589,10,40,4000
DE,D02590,3590,11,41,4100
FR,D02591,3591,12,42,4200
HU,D02592,3592,1,43,4300
NL,D02593,3593,2,44,4400
DE,D02594,3594,3,45,4500
FR,D02595,3595,4,46,4600
HU,D02596,3596,5,47,4700
NL,D02597,3597,6,48,4800
DE,D02598,3598,7,49,4900
FR,D02599,3599,8,50,5000
HU,D02600,3600,9,1,100
NL,D02601,3601,10,2,200
DE,D02602,3602,11,3,300
FR,D02603,3603,12,4,400
HU,D02604,3604,1,5,500
NL,D02605,3605,2,6,600
DE,D02606,3606,3,7,700
FR,D02607,3607,4,8,800
HU,D02608,3608,5,9,900
NL,D02609,3609,6,10,1000
DE,D02610,3610,7,11,1100
FR,D02611,3611,8,12,1200
HU,D02612,3612,9,13,1300
NL,D02613,3613,10,14,1400
DE,D02614,3614,11,15,1500
FR,D02615,3615,12,16,1600
HU,D02616,3616,1,17,1700
NL,D02617,3617,2,18,1800
DE,D02618,3618,3,19,1900
FR,D02619,3619,4,20,2000
HU,D02620,3620,5,21,2100
NL,D02621,3621,6,22,2200
DE,D02622,3622,7,23,2300
FR,D02623,3623,8,24,2400
HU,D02624,3624,9,25,2500
NL,D02625,3625,10,26,2600
DE,D02626,3626,11,27,2700
FR,D02627,3627,12,28,2800
HU,D02628,3628,1,29,2900
NL,D02629,3629,2,30,3000
DE,D02630,3630,3,31,3100
FR,D02631,3631,4,32,3200
HU,D02632,3632,5,33,3300
NL,D02633,3633,6,34,3400
DE,D02634,3634,7,35,3500
FR,D02635,3635,8,36,3600
HU,D02636,3636,9,37,3700
NL,D02637,3637,10,38,3800
DE,D02638,3638,11,39,3900
FR,D02639,3639,12,40,4000
HU,D02640,3640,1,41,4100
NL,D02641,3641,2,42,4200
DE,D02642,3642,3,43,4300
FR,D02643,3643,4,44,4400
HU,D02644,3644,5,45,4500
NL,D02645,3645,6,46,4600
DE,D02646,3646,7,47,4700
FR,D02647,3647,8,48,4800
HU,D02648,3648,9,49,4900
NL,D02649,3649,10,50,5000
DE,D02650,3650,11,1,100
FR,D02651,3651,12,2,200
HU,D02652,3652,1,3,300
NL,D02653,3653,2,4,400
DE,D02654,3654,3,5,500
FR,D02655,3655,4,6,600
HU,D02656,3656,5,7,700
NL,D02657,3657,6,8,800
DE,D02658,3658,7,9,900
FR,D02659,3659,8,10,1000
HU,D02660,3660,9,11,1100
NL,D02661,3661,10,12,1200
DE,D02662,3662,11,13,1300
FR,D02663,3663,12,14,1400
HU,D02664,3664,1,15,1500
NL,D02665,3665,2,16,1600
DE,D02666,3666,3,17,1700
FR,D02667,3667,4,18,1800
HU,D02668,3668,5,19,1900
NL,D02669,3669,6,20,2000
DE,D02670,3670,7,21,2100
FR,D02671,3671,8,22,2200
HU,D02672,3672,9,23,2300
NL,D02673,3673,10,24,2400
DE,D02674,3674,11,25,2500
FR,D02675,3675,12,26,2600
HU,D02676,3676,1,27,2700
NL,D02677,3677,2,28,2800
DE,D02678,3678,3,29,2900
FR,D02679,3679,4,30,3000
HU,D02680,3680,5,31,3100
NL,D02681,3681,6,32,3200
DE,D02682,3682,7,33,3300
FR,D02683,3683,8,34,3400
HU,D02684,3684,9,35,3500
NL,D02685,3685,10,36,3600
DE,D02686,3686,11,37,3700
FR,D02687,3687,12,38,3800
HU,D02688,3688,1,39,3900
NL,D02689,3689,2,40,4000
DE,D02690,3690,3,41,4100
FR,D02691,3691,4,42,4200
HU,D02692,3692,5,43,4300
NL,D02693,3693,6,44,4400
DE,D02694,3694,7,45,4500
FR,D02695,3695,8,46,4600
HU,D02696,3696,9,47,4700
NL,D02697,3697,10,48,4800
DE,D02698,3698,11,49,4900
FR,D02699,3699,12,50,5000
HU,D02700,3700,1,1,100
NL,D02701,3701,2,2,200
DE,D02702,3702,3,3,300
FR,D02703,3703,4,4,400
HU,D02704,3704,5,5,500
NL,D02705,3705,6,6,600
DE,D02706,3706,7,7,700
FR,D02707,3707,8,8,800
HU,D02708,3708,9,9,900
NL,D02709,3709,10,10,1000
DE,D02710,3710,11,11,1100
FR,D02711,3711,12,12,1200
HU,D02712,3712,1,13,1300
NL,D02713,3713,2,14,1400
DE,D02714,3714,3,15,1500
FR,D02715,3715,4,16,1600
HU,D02716,3716,5,17,1700
NL,D02717,3717,6,18,1800
DE,D02718,3718,7,19,1900
FR,D02719,3719,8,20,2000
HU,D02720,3720,9,21,2100
NL,D02721,3721,10,22,2200
DE,D02722,3722,11,23,2300
FR,D02723,3723,12,24,2400
HU,D02724,3724,1,25,2500
NL,D02725,3725,2,26,2600
DE,D02726,3726,3,27,2700
FR,D02727,3727,4,28,2800
HU,D02728,3728,5,29,2900
NL,D02729,3729,6,30,3000
DE,D02730,3730,7,31,3100
FR,D02731,3731,8,32,3200
HU,D02732,3732,9,33,3300
NL,D02733,3733,10,34,3400
DE,D02734,3734,11,35,3500
FR,D02735,3735,12,36,3600
HU,D02736,3736,1,37,3700
NL,D02737,3737,2,38,3800
DE,D02738,3738,3,39,3900
FR,D02739,3739,4,40,4000
HU,D02740,3740,5,41,4100
NL,D02741,3741,6,42,4200
DE,D02742,3742,7,43,4300
FR,D02743,3743,8,44,4400
HU,D02744,3744,9,45,4500
NL,D02745,3745,10,46,4600
DE,D02746,3746,11,47,4700
FR,D02747,3747,12,48,4800
HU,D02748,3748,1,49,4900
NL,D02749,3749,2,50,5000
DE,D02750,3750,3,1,100
FR,D02751,3751,4,2,200
HU,D02752,3752,5,3,300
NL,D02753,3753,6,4,400
DE,D02754,3754,7,5,500
FR,D02755,3755,8,6,600
HU,D02756,3756,9,7,700
NL,D02757,3757,10,8,800
DE,D02758,3758,11,9,900
FR,D02759,3759,12,10,1000
HU,D02760,3760,1,11,1100
NL,D02761,3761,2,12,1200
DE,D02762,3762,3,13,1300
FR,D02763,3763,4,14,1400
HU,D02764,3764,5,15,1500
NL,D02765,3765,6,16,1600
DE,D02766,3766,7,17,1700
FR,D02767,3767,8,18,1800
HU,D02768,3768,9,19,1900
NL,D02769,3769,10,20,2000
DE,D02770,3770,11,21,2100
FR,D02771,3771,12,22,2200
HU,D02772,3772,1,23,2300
NL,D02773,3773,2,24,2400
DE,D02774,3774,3,25,2500
FR,D02775,3775,4,26,2600
HU,D02776,3776,5,27,2700
NL,D02777,3777,6,28,2800
DE,D02778,3778,7,29,2900
FR,D02779,3779,8,30,3000
HU,D02780,3780,9,31,3100
NL,D02781,3781,10,32,3200
DE,D02782,3782,11,33,3300
FR,D02783,3783,12,34,3400
HU,D02784,3784,1,35,3500
NL,D02785,3785,2,36,3600
DE,D02786,3786,3,37,3700
FR,D02787,3787,4,38,3800
HU,D02788,3788,5,39,3900
NL,D02789,3789,6,40,4000
DE,D02790,3790,7,41,4100
FR,D02791,3791,8,42,4200
HU,D02792,3792,9,43,4300
NL,D02793,3793,10,44,4400
DE,D02794,3794,11,45,4500
FR,D02795,3795,12,46,4600
HU,D02796,3796,1,47,4700
NL,D02797,3797,2,48,4800
DE,D02798,3798,3,49,4900
FR,D02799,3799,4,50,5000
HU,D02800,3800,5,1,100
NL,D02801,3801,6,2,200
DE,D02802,3802,7,3,300
FR,D02803,3803,8,4,400
HU,D02804,3804,9,5,500
NL,D02805,3805,10,6,600
DE,D02806,3806,11,7,700
FR,D02807,3807,12,8,800
HU,D02808,3808,1,9,900
NL,D02809,3809,2,10,1000
DE,D02810,3810,3,11,1100
FR,D02811,3811,4,12,1200
HU,D02812,3812,5,13,1300
NL,D02813,3813,6,14,1400
DE,D02814,3814,7,15,1500
FR,D02815,3815,8,16,1600
HU,D02816,3816,9,17,1700
NL,D02817,3817,10,18,1800
DE,D02818,3818,11,19,1900
FR,D02819,3819,12,20,2000
HU,D02820,3820,1,21,2100
NL,D02821,3821,2,22,2200
DE,D02822,3822,3,23,2300
FR,D02823,3823,4,24,2400
HU,D02824,3824,5,25,2500
NL,D02825,3825,6,26,2600
DE,D02826,3826,7,27,2700
FR,D02827,3827,8,28,2800
HU,D02828,3828,9,29,2900
NL,D02829,3829,10,30,3000
DE,D02830,3830,11,31,3100
FR,D02831,3831,12,32,3200
HU,D02832,3832,1,33,3300
NL,D02833,3833,2,34,3400
DE,D02834,3834,3,35,3500
FR,D02835,3835,4,36,3600
HU,D02836,3836,5,37,3700
NL,D02837,3837,6,38,3800
DE,D02838,3838,7,39,3900
FR,D02839,3839,8,40,4000
HU,D02840,3840,9,41,4100
NL,D02841,3841,10,42,4200
DE,D02842,3842,11,43,4300
FR,D02843,3843,12,44,4400
HU,D02844,3844,1,45,4500
NL,D02845,3845,2,46,4600
DE,D02846,3846,3,47,4700
FR,D02847,3847,4,48,4800
HU,D02848,3848,5,49,4900
NL,D02849,3849,6,50,5000
DE,D02850,3850,7,1,100
FR,D02851,3851,8,2,200
HU,D02852,3852,9,3,300
NL,D02853,3853,10,4,400
DE,D02854,3854,11,5,500
FR,D02855,3855,12,6,600
HU,D02856,3856,1,7,700
NL,D02857,3857,2,8,800
DE,D02858,3858,3,9,900
FR,D02859,3859,4,10,1000
HU,D02860,3860,5,11,1100
NL,D02861,3861,6,12,1200
DE,D02862,3862,7,13,1300
FR,D02863,3863,8,14,1400
HU,D02864,3864,9,15,1500
NL,D02865,3865,10,16,1600
DE,D02866,3866,11,17,1700
FR,D02867,3867,12,18,1800
HU,D02868,3868,1,19,1900
NL,D02869,3869,2,20,2000
DE,D02870,3870,3,21,2100
FR,D02871,3871,4,22,2200
HU,D02872,3872,5,23,2300
NL,D02873,3873,6,24,2400
DE,D02874,3874,7,25,2500
FR,D02875,3875,8,26,2600
HU,D02876,3876,9,27,2700
NL,D02877,3877,10,28,2800
DE,D02878,3878,11,29,2900
FR,D02879,3879,12,30,3000
HU,D02880,3880,1,31,3100
NL,D02881,3881,2,32,3200
DE,D02882,3882,3,33,3300
FR,D02883,3883,4,34,3400
HU,D02884,3884,5,35,3500
NL,D02885,3885,6,36,3600
DE,D02886,3886,7,37,3700
FR,D02887,3887,8,38,3800
HU,D02888,3888,9,39,3900
NL,D02889,3889,10,40,4000
DE,D02890,3890,11,41,4100
FR,D02891,3891,12,42,4200
HU,D02892,3892,1,43,4300
NL,D02893,3893,2,44,4400
DE,D02894,3894,3,45,4500
FR,D02895,3895,4,46,4600
HU,D02896,3896,5,47,4700
NL,D02897,3897,6,48,4800
DE,D02898,3898,7,49,4900
FR,D02899,3899,8,50,5000
HU,D02900,3900,9,1,100
NL,D02901,3901,10,2,200
DE,D02902,3902,11,3,300
FR,D02903,3903,12,4,400
HU,D02904,3904,1,5,500
NL,D02905,3905,2,6,600
DE,D02906,3906,3,7,700
FR,D02907,3907,4,8,800
HU,D02908,3908,5,9,900
NL,D02909,3909,6,10,1000
DE,D02910,3910,7,11,1100
FR,D02911,3911,8,12,1200
HU,D02912,3912,9,13,1300
NL,D02913,3913,10,14,1400
DE,D02914,3914,11,15,1500
FR,D02915,3915,12,16,1600
HU,D02916,3916,1,17,1700
NL,D02917,3917,2,18,1800
DE,D02918,3918,3,19,1900
FR,D02919,3919,4,20,2000
HU,D02920,3920,5,21,2100
NL,D02921,3921,6,22,2200
DE,D02922,3922,7,23,2300
FR,D02923,3923,8,24,2400
HU,D02924,3924,9,25,2500
NL,D02925,3925,10,26,2600
DE,D02926,3926,11,27,2700
FR,D02927,3927,12,28,2800
HU,D02928,3928,1,29,2900
NL,D02929,3929,2,30,3000
DE,D02930,3930,3,31,3100
FR,D02931,3931,4,32,3200
HU,D02932,3932,5,33,3300
NL,D02933,3933,6,34,3400
DE,D02934,3934,7,35,3500
FR,D02935,3935,8,36,3600
HU,D02936,3936,9,37,3700
NL,D02937,3937,10,38,3800
DE,D02938,3938,11,39,3900
FR,D02939,3939,12,40,4000
HU,D02940,3940,1,41,4100
NL,D02941,3941,2,42,4200
DE,D02942,3942,3,43,4300
FR,D02943,3943,4,44,4400
HU,D02944,3944,5,45,4500
NL,D02945,3945,6,46,4600
DE,D02946,3946,7,47,4700
FR,D02947,3947,8,48,4800
HU,D02948,3948,9,49,4900
NL,D02949,3949,10,50,5000
DE,D02950,3950,11,1,100
FR,D02951,3951,12,2,200
HU,D02952,3952,1,3,300
NL,D02953,3953,2,4,400
DE,D02954,3954,3,5,500
FR,D02955,3955,4,6,600
HU,D02956,3956,5,7,700
NL,D02957,3957,6,8,800
DE,D02958,3958,7,9,900
FR,D02959,3959,8,10,1000
HU,D02960,3960,9,11,1100
NL,D02961,3961,10,12,1200
DE,D02962,3962,11,13,1300
FR,D02963,3963,12,14,1400
HU,D02964,3964,1,15,1500
NL,D02965,3965,2,16,1600
DE,D02966,3966,3,17,1700
FR,D02967,3967,4,18,1800
HU,D02968,3968,5,19,1900
NL,D02969,3969,6,20,2000
DE,D02970,3970,7,21,2100
FR,D02971,3971,8,22,2200
HU,D02972,3972,9,23,2300
NL,D02973,3973,10,24,2400
DE,D02974,3974,11,25,2500
FR,D02975,3975,12,26,2600
HU,D02976,3976,1,27,2700
NL,D02977,3977,2,28,2800
DE,D02978,3978,3,29,2900
FR,D02979,3979,4,30,3000
HU,D02980,3980,5,31,3100
NL,D02981,3981,6,32,3200
DE,D02982,3982,7,33,3300
FR,D02983,3983,8,34,3400
HU,D02984,3984,9,35,3500
NL,D02985,3985,10,36,3600
DE,D02986,3986,11,37,3700
FR,D02987,3987,12,38,3800
HU,D02988,3988,1,39,3900
NL,D02989,3989,2,40,4000
DE,D02990,3990,3,41,4100
FR,D02991,3991,4,42,4200
HU,D02992,3992,5,43,4300
NL,D02993,3993,6,44,4400
DE,D02994,3994,7,45,4500
FR,D02995,3995,8,46,4600
HU,D02996,3996,9,47,4700
NL,D02997,3997,10,48,4800
DE,D02998,3998,11,49,4900
FR,D02999,3999,12,50,5000
HU,D03000,4000,1,1,100
NL,D03001,4001,2,2,200
DE,D03002,4002,3,3,300
FR,D03003,4003,4,4,400
HU,D03004,4004,5,5,500
NL,D03005,4005,6,6,600
DE,D03006,4006,7,7,700
FR,D03007,4007,8,8,800
HU,D03008,4008,9,9,900
NL,D03009,4009,10,10,1000
DE,D03010,4010,11,11,1100
FR,D03011,4011,12,12,1200
HU,D03012,4012,1,13,1300
NL,D03013,4013,2,14,1400
DE,D03014,4014,3,15,1500
FR,D03015,4015,4,16,1600
HU,D03016,4016,5,17,1700
NL,D03017,4017,6,18,1800
DE,D03018,4018,7,19,1900
FR,D03019,4019,8,20,2000
HU,D03020,4020,9,21,2100
NL,D03021,4021,10,22,2200
DE,D03022,4022,11,23,2300
FR,D03023,4023,12,24,2400
HU,D03024,4024,1,25,2500
NL,D03025,4025,2,26,2600
DE,D03026,4026,3,27,2700
FR,D03027,4027,4,28,2800
HU,D03028,4028,5,29,2900
NL,D03029,4029,6,30,3000
DE,D03030,4030,7,31,3100
FR,D03031,4031,8,32,3200
HU,D03032,4032,9,33,3300
NL,D03033,4033,10,34,3400
DE,D03034,4034,11,35,3500
FR,D03035,4035,12,36,3600
HU,D03036,4036,1,37,3700
NL,D03037,4037,2,38,3800
DE,D03038,4038,3,39,3900
FR,D03039,4039,4,40,4000
HU,D03040,4040,5,41,4100
NL,D03041,4041,6,42,4200
DE,D03042,4042,7,43,4300
FR,D03043,4043,8,44,4400
HU,D03044,4044,9,45,4500
NL,D03045,4045,10,46,4600
DE,D03046,4046,11,47,4700
FR,D03047,4047,12,48,4800
HU,D03048,4048,1,49,4900
NL,D03049,4049,2,50,5000
DE,D03050,4050,3,1,100
FR,D03051,4051,4,2,200
HU,D03052,4052,5,3,300
NL,D03053,4053,6,4,400
DE,D03054,4054,7,5,500
FR,D03055,4055,8,6,600
HU,D03056,4056,9,7,700
NL,D03057,4057,10,8,800
DE,D03058,4058,11,9,900
FR,D03059,4059,12,10,1000
HU,D03060,4060,1,11,1100
NL,D03061,4061,2,12,1200
DE,D03062,4062,3,13,1300
FR,D03063,4063,4,14,1400
HU,D03064,4064,5,15,1500
NL,D03065,4065,6,16,1600
DE,D03066,4066,7,17,1700
FR,D03067,4067,8,18,1800
HU,D03068,4068,9,19,1900
NL,D03069,4069,10,20,2000
DE,D03070,4070,11,21,2100
FR,D03071,4071,12,22,2200
HU,D03072,4072,1,23,2300
NL,D03073,4073,2,24,2400
DE,D03074,4074,3,25,2500
FR,D03075,4075,4,26,2600
HU,D03076,4076,5,27,2700
NL,D03077,4077,6,28,2800
DE,D03078,4078,7,29,2900
FR,D03079,4079,8,30,3000
HU,D03080,4080,9,31,3100
NL,D03081,4081,10,32,3200
DE,D03082,4082,11,33,3300
FR,D03083,4083,12,34,3400
HU,D03084,4084,1,35,3500
NL,D03085,4085,2,36,3600
DE,D03086,4086,3,37,3700
FR,D03087,4087,4,38,3800
HU,D03088,4088,5,39,3900
NL,D03089,4089,6,40,4000
DE,D03090,4090,7,41,4100
FR,D03091,4091,8,42,4200
HU,D03092,4092,9,43,4300
NL,D03093,4093,10,44,4400
DE,D03094,4094,11,45,4500
FR,D03095,4095,12,46,4600
HU,D03096,4096,1,47,4700
NL,D03097,4097,2,48,4800
DE,D03098,4098,3,49,4900
FR,D03099,4099,4,50,5000
HU,D03100,4100,5,1,100
NL,D03101,4101,6,2,200
DE,D03102,4102,7,3,300
FR,D03103,4103,8,4,400
HU,D03104,4104,9,5,500
NL,D03105,4105,10,6,600
DE,D03106,4106,11,7,700
FR,D03107,4107,12,8,800
HU,D03108,4108,1,9,900
NL,D03109,4109,2,10,1000
DE,D03110,4110,3,11,1100
FR,D03111,4111,4,12,1200
HU,D03112,4112,5,13,1300
NL,D03113,4113,6,14,1400
DE,D03114,4114,7,15,1500
FR,D03115,4115,8,16,1600
HU,D03116,4116,9,17,1700
NL,D03117,4117,10,18,1800
DE,D03118,4118,11,19,1900
FR,D03119,4119,12,20,2000
HU,D03120,4120,1,21,2100
NL,D03121,4121,2,22,2200
DE,D03122,4122,3,23,2300
FR,D03123,4123,4,24,2400
HU,D03124,4124,5,25,2500
NL,D03125,4125,6,26,2600
DE,D03126,4126,7,27,2700
FR,D03127,4127,8,28,2800
HU,D03128,4128,9,29,2900
NL,D03129,4129,10,30,3000
DE,D03130,4130,11,31,3100
FR,D03131,4131,12,32,3200
HU,D03132,4132,1,33,3300
NL,D03133,4133,2,34,3400
DE,D03134,4134,3,35,3500
FR,D03135,4135,4,36,3600
HU,D03136,4136,5,37,3700
NL,D03137,4137,6,38,3800
DE,D03138,4138,7,39,3900
FR,D03139,4139,8,40,4000
HU,D03140,4140,9,41,4100
NL,D03141,4141,10,42,4200
DE,D03142,4142,11,43,4300
FR,D03143,4143,12,44,4400
HU,D03144,4144,1,45,4500
NL,D03145,4145,2,46,4600
DE,D03146,4146,3,47,4700
FR,D03147,4147,4,48,4800
HU,D03148,4148,5,49,4900
NL,D03149,4149,6,50,5000
DE,D03150,4150,7,1,100
FR,D03151,4151,8,2,200
HU,D03152,4152,9,3,300
NL,D03153,4153,10,4,400
DE,D03154,4154,11,5,500
FR,D03155,4155,12,6,600
HU,D03156,4156,1,7,700
NL,D03157,4157,2,8,800
DE,D03158,4158,3,9,900
FR,D03159,4159,4,10,1000
HU,D03160,4160,5,11,1100
NL,D03161,4161,6,12,1200
DE,D03162,4162,7,13,1300
FR,D03163,4163,8,14,1400
HU,D03164,4164,9,15,1500
NL,D03165,4165,10,16,1600
DE,D03166,4166,11,17,1700
FR,D03167,4167,12,18,1800
HU,D03168,4168,1,19,1900
NL,D03169,4169,2,20,2000
DE,D03170,4170,3,21,2100
FR,D03171,4171,4,22,2200
HU,D03172,4172,5,23,2300
NL,D03173,4173,6,24,2400
DE,D03174,4174,7,25,2500
FR,D03175,4175,8,26,2600
HU,D03176,4176,9,27,2700
NL,D03177,4177,10,28,2800
DE,D03178,4178,11,29,2900
FR,D03179,4179,12,30,3000
HU,D03180,4180,1,31,3100
NL,D03181,4181,2,32,3200
DE,D03182,4182,3,33,3300
FR,D03183,4183,4,34,3400
HU,D03184,4184,5,35,3500
NL,D03185,4185,6,36,3600
DE,D03186,4186,7,37,3700
FR,D03187,4187,8,38,3800
HU,D03188,4188,9,39,3900
NL,D03189,4189,10,40,4000
DE,D03190,4190,11,41,4100
FR,D03191,4191,12,42,4200
HU,D03192,4192,1,43,4300
NL,D03193,4193,2,44,4400
DE,D03194,4194,3,45,4500
FR,D03195,4195,4,46,4600
HU,D03196,4196,5,47,4700
NL,D03197,4197,6,48,4800
DE,D03198,4198,7,49,4900
FR,D03199,4199,8,50,5000
HU,D03200,4200,9,1,100
NL,D03201,4201,10,2,200
DE,D03202,4202,11,3,300
FR,D03203,4203,12,4,400
HU,D03204,4204,1,5,500
NL,D03205,4205,2,6,600
DE,D03206,4206,3,7,700
FR,D03207,4207,4,8,800
HU,D03208,4208,5,9,900
NL,D03209,4209,6,10,1000
DE,D03210,4210,7,11,1100
FR,D03211,4211,8,12,1200
HU,D03212,4212,9,13,1300
NL,D03213,4213,10,14,1400
DE,D03214,4214,11,15,1500
FR,D03215,4215,12,16,1600
HU,D03216,4216,1,17,1700
NL,D03217,4217,2,18,1800
DE,D03218,4218,3,19,1900
FR,D03219,4219,4,20,2000
HU,D03220,4220,5,21,2100
NL,D03221,4221,6,22,2200
DE,D03222,4222,7,23,2300
FR,D03223,4223,8,24,2400
HU,D03224,4224,9,25,2500
NL,D03225,4225,10,26,2600
DE,D03226,4226,11,27,2700
FR,D03227,4227,12,28,2800
HU,D03228,4228,1,29,2900
NL,D03229,4229,2,30,3000
DE,D03230,4230,3,31,3100
FR,D03231,4231,4,32,3200
HU,D03232,4232,5,33,3300
NL,D03233,4233,6,34,3400
DE,D03234,4234,7,35,3500
FR,D03235,4235,8,36,3600
HU,D03236,4236,9,37,3700
NL,D03237,4237,10,38,3800
DE,D03238,4238,11,39,3900
FR,D03239,4239,12,40,4000
HU,D03240,4240,1,41,4100
NL,D03241,4241,2,42,4200
DE,D03242,4242,3,43,4300
FR,D03243,4243,4,44,4400
HU,D03244,4244,5,45,4500
NL,D03245,4245,6,46,4600
DE,D03246,4246,7,47,4700
FR,D03247,4247,8,48,4800
HU,D03248,4248,9,49,4900
NL,D03249,4249,10,50,5000
DE,D03250,4250,11,1,100
FR,D03251,4251,12,2,200
HU,D03252,4252,1,3,300
NL,D03253,4253,2,4,400
DE,D03254,4254,3,5,500
FR,D03255,4255,4,6,600
HU,D03256,4256,5,7,700
NL,D03257,4257,6,8,800
DE,D03258,4258,7,9,900
FR,D03259,4259,8,10,1000
HU,D03260,4260,9,11,1100
NL,D03261,4261,10,12,1200
DE,D03262,4262,11,13,1300
FR,D03263,4263,12,14,1400
HU,D03264,4264,1,15,1500
NL,D03265,4265,2,16,1600
DE,D03266,4266,3,17,1700
FR,D03267,4267,4,18,1800
HU,D03268,4268,5,19,1900
NL,D03269,4269,6,20,2000
DE,D03270,4270,7,21,2100
FR,D03271,4271,8,22,2200
HU,D03272,4272,9,23,2300
NL,D03273,4273,10,24,2400
DE,D03274,4274,11,25,2500
FR,D03275,4275,12,26,2600
HU,D03276,4276,1,27,2700
NL,D03277,4277,2,28,2800
DE,D03278,4278,3,29,2900
FR,D03279,4279,4,30,3000
HU,D03280,4280,5,31,3100
NL,D03281,4281,6,32,3200
DE,D03282,4282,7,33,3300
FR,D03283,4283,8,34,3400
HU,D03284,4284,9,35,3500
NL,D03285,4285,10,36,3600
DE,D03286,4286,11,37,3700
FR,D03287,4287,12,38,3800
HU,D03288,4288,1,39,3900
NL,D03289,4289,2,40,4000
DE,D03290,4290,3,41,4100
FR,D03291,4291,4,42,4200
HU,D03292,4292,5,43,4300
NL,D03293,4293,6,44,4400
DE,D03294,4294,7,45,4500
FR,D03295,4295,8,46,4600
HU,D03296,4296,9,47,4700
NL,D03297,4297,10,48,4800
DE,D03298,4298,11,49,4900
FR,D03299,4299,12,50,5000
HU,D03300,4300,1,1,100
NL,D03301,4301,2,2,200
DE,D03302,4302,3,3,300
FR,D03303,4303,4,4,400
HU,D03304,4304,5,5,500
NL,D03305,4305,6,6,600
DE,D03306,4306,7,7,700
FR,D03307,4307,8,8,800
HU,D03308,4308,9,9,900
NL,D03309,4309,10,10,1000
DE,D03310,4310,11,11,1100
FR,D03311,4311,12,12,1200
HU,D03312,4312,1,13,1300
NL,D03313,4313,2,14,1400
DE,D03314,4314,3,15,1500
FR,D03315,4315,4,16,1600
HU,D03316,4316,5,17,1700
NL,D03317,4317,6,18,1800
DE,D03318,4318,7,19,1900
FR,D03319,4319,8,20,2000
HU,D03320,4320,9,21,2100
NL,D03321,4321,10,22,2200
DE,D03322,4322,11,23,2300
FR,D03323,4323,12,24,2400
HU,D03324,4324,1,25,2500
NL,D03325,4325,2,26,2600
DE,D03326,4326,3,27,2700
FR,D03327,4327,4,28,2800
HU,D03328,4328,5,29,2900
NL,D03329,4329,6,30,3000
DE,D03330,4330,7,31,3100
FR,D03331,4331,8,32,3200
HU,D03332,4332,9,33,3300
NL,D03333,4333,10,34,3400
DE,D03334,4334,11,35,3500
FR,D03335,4335,12,36,3600
HU,D03336,4336,1,37,3700
NL,D03337,4337,2,38,3800
DE,D03338,4338,3,39,3900
FR,D03339,4339,4,40,4000
HU,D03340,4340,5,41,4100
NL,D03341,4341,6,42,4200
DE,D03342,4342,7,43,4300
FR,D03343,4343,8,44,4400
HU,D03344,4344,9,45,4500
NL,D03345,4345,10,46,4600
DE,D03346,4346,11,47,4700
FR,D03347,4347,12,48,4800
HU,D03348,4348,1,49,4900
NL,D03349,4349,2,50,5000
DE,D03350,4350,3,1,100
FR,D03351,4351,4,2,200
HU,D03352,4352,5,3,300
NL,D03353,4353,6,4,400
DE,D03354,4354,7,5,500
FR,D03355,4355,8,6,600
HU,D03356,4356,9,7,700
NL,D03357,4357,10,8,800
DE,D03358,4358,11,9,900
FR,D03359,4359,12,10,1000
HU,D03360,4360,1,11,1100
NL,D03361,4361,2,12,1200
DE,D03362,4362,3,13,1300
FR,D03363,4363,4,14,1400
HU,D03364,4364,5,15,1500
NL,D03365,4365,6,16,1600
DE,D03366,4366,7,17,1700
FR,D03367,4367,8,18,1800
HU,D03368,4368,9,19,1900
NL,D03369,4369,10,20,2000
DE,D03370,4370,11,21,2100
FR,D03371,4371,12,22,2200
HU,D03372,4372,1,23,2300
NL,D03373,4373,2,24,2400
DE,D03374,4374,3,25,2500
FR,D03375,4375,4,26,2600
HU,D03376,4376,5,27,2700
NL,D03377,4377,6,28,2800
DE,D03378,4378,7,29,2900
FR,D03379,4379,8,30,3000
HU,D03380,4380,9,31,3100
NL,D03381,4381,10,32,3200
DE,D03382,4382,11,33,3300
FR,D03383,4383,12,34,3400
HU,D03384,4384,1,35,3500
NL,D03385,4385,2,36,3600
DE,D03386,4386,3,37,3700
FR,D03387,4387,4,38,3800
HU,D03388,4388,5,39,3900
NL,D03389,4389,6,40,4000
DE,D03390,4390,7,41,4100
FR,D03391,4391,8,42,4200
HU,D03392,4392,9,43,4300
NL,D03393,4393,10,44,4400
DE,D03394,4394,11,45,4500
FR,D03395,4395,12,46,4600
HU,D03396,4396,1,47,4700
NL,D03397,4397,2,48,4800
DE,D03398,4398,3,49,4900
FR,D03399,4399,4,50,5000
HU,D03400,4400,5,1,100
NL,D03401,4401,6,2,200
DE,D03402,4402,7,3,300
FR,D03403,4403,8,4,400
HU,D03404,4404,9,5,500
NL,D03405,4405,10,6,600
DE,D03406,4406,11,7,700
FR,D03407,4407,12,8,800
HU,D03408,4408,1,9,900
NL,D03409,4409,2,10,1000
DE,D03410,4410,3,11,1100
FR,D03411,4411,4,12,1200
HU,D03412,4412,5,13,1300
NL,D03413,4413,6,14,1400
DE,D03414,4414,7,15,1500
FR,D03415,4415,8,16,1600
HU,D03416,4416,9,17,1700
NL,D03417,4417,10,18,1800
DE,D03418,4418,11,19,1900
FR,D03419,4419,12,20,2000
HU,D03420,4420,1,21,2100
NL,D03421,4421,2,22,2200
DE,D03422,4422,3,23,2300
FR,D03423,4423,4,24,2400
HU,D03424,4424,5,25,2500
NL,D03425,4425,6,26,2600
DE,D03426,4426,7,27,2700
FR,D03427,4427,8,28,2800
HU,D03428,4428,9,29,2900
NL,D03429,4429,10,30,3000
DE,D03430,4430,11,31,3100
FR,D03431,4431,12,32,3200
HU,D03432,4432,1,33,3300
NL,D03433,4433,2,34,3400
DE,D03434,4434,3,35,3500
FR,D03435,4435,4,36,3600
HU,D03436,4436,5,37,3700
NL,D03437,4437,6,38,3800
DE,D03438,4438,7,39,3900
FR,D03439,4439,8,40,4000
HU,D03440,4440,9,41,4100
NL,D03441,4441,10,42,4200
DE,D03442,4442,11,43,4300
FR,D03443,4443,12,44,4400
HU,D03444,4444,1,45,4500
NL,D03445,4445,2,46,4600
DE,D03446,4446,3,47,4700
FR,D03447,4447,4,48,4800
HU,D03448,4448,5,49,4900
NL,D03449,4449,6,50,5000
DE,D03450,4450,7,1,100
FR,D03451,4451,8,2,200
HU,D03452,4452,9,3,300
NL,D03453,4453,10,4,400
DE,D03454,4454,11,5,500
FR,D03455,4455,12,6,600
HU,D03456,4456,1,7,700
NL,D03457,4457,2,8,800
DE,D03458,4458,3,9,900
FR,D03459,4459,4,10,1000
HU,D03460,4460,5,11,1100
NL,D03461,4461,6,12,1200
DE,D03462,4462,7,13,1300
FR,D03463,4463,8,14,1400
HU,D03464,4464,9,15,1500
NL,D03465,4465,10,16,1600
DE,D03466,4466,11,17,1700
FR,D03467,4467,12,18,1800
HU,D03468,4468,1,19,1900
NL,D03469,4469,2,20,2000
DE,D03470,4470,3,21,2100
FR,D03471,4471,4,22,2200
HU,D03472,4472,5,23,2300
NL,D03473,4473,6,24,2400
DE,D03474,4474,7,25,2500
FR,D03475,4475,8,26,2600
HU,D03476,4476,9,27,2700
NL,D03477,4477,10,28,2800
DE,D03478,4478,11,29,2900
FR,D03479,4479,12,30,3000
HU,D03480,4480,1,31,3100
NL,D03481,4481,2,32,3200
DE,D03482,4482,3,33,3300
FR,D03483,4483,4,34,3400
HU,D03484,4484,5,35,3500
NL,D03485,4485,6,36,3600
DE,D03486,4486,7,37,3700
FR,D03487,4487,8,38,3800
HU,D03488,4488,9,39,3900
NL,D03489,4489,10,40,4000
DE,D03490,4490,11,41,4100
FR,D03491,4491,12,42,4200
HU,D03492,4492,1,43,4300
NL,D03493,4493,2,44,4400
DE,D03494,4494,3,45,4500
FR,D03495,4495,4,46,4600
HU,D03496,4496,5,47,4700
NL,D03497,4497,6,48,4800
DE,D03498,4498,7,49,4900
FR,D03499,4499,8,50,5000
HU,D03500,4500,9,1,100
NL,D03501,4501,10,2,200
DE,D03502,4502,11,3,300
FR,D03503,4503,12,4,400
HU,D03504,4504,1,5,500
NL,D03505,4505,2,6,600
DE,D03506,4506,3,7,700
FR,D03507,4507,4,8,800
HU,D03508,4508,5,9,900
NL,D03509,4509,6,10,1000
DE,D03510,4510,7,11,1100
FR,D03511,4511,8,12,1200
HU,D03512,4512,9,13,1300
NL,D03513,4513,10,14,1400
DE,D03514,4514,11,15,1500
FR,D03515,4515,12,16,1600
HU,D03516,4516,1,17,1700
NL,D03517,4517,2,18,1800
DE,D03518,4518,3,19,1900
FR,D03519,4519,4,20,2000
HU,D03520,4520,5,21,2100
NL,D03521,4521,6,22,2200
DE,D03522,4522,7,23,2300
FR,D03523,4523,8,24,2400
HU,D03524,4524,9,25,2500
NL,D03525,4525,10,26,2600
DE,D03526,4526,11,27,2700
FR,D03527,4527,12,28,2800
HU,D03528,4528,1,29,2900
NL,D03529,4529,2,30,3000
DE,D03530,4530,3,31,3100
FR,D03531,4531,4,32,3200
HU,D03532,4532,5,33,3300
NL,D03533,4533,6,34,3400
DE,D03534,4534,7,35,3500
FR,D03535,4535,8,36,3600
HU,D03536,4536,9,37,3700
NL,D03537,4537,10,38,3800
DE,D03538,4538,11,39,3900
FR,D03539,4539,12,40,4000
HU,D03540,4540,1,41,4100
NL,D03541,4541,2,42,4200
DE,D03542,4542,3,43,4300
FR,D03543,4543,4,44,4400
HU,D03544,4544,5,45,4500
NL,D03545,4545,6,46,4600
DE,D03546,4546,7,47,4700
FR,D03547,4547,8,48,4800
HU,D03548,4548,9,49,4900
NL,D03549,4549,10,50,5000
DE,D03550,4550,11,1,100
FR,D03551,4551,12,2,200
HU,D03552,4552,1,3,300
NL,D03553,4553,2,4,400
DE,D03554,4554,3,5,500
FR,D03555,4555,4,6,600
HU,D03556,4556,5,7,700
NL,D03557,4557,6,8,800
DE,D03558,4558,7,9,900
FR,D03559,4559,8,10,1000
HU,D03560,4560,9,11,1100
NL,D03561,4561,10,12,1200
DE,D03562,4562,11,13,1300
FR,D03563,4563,12,14,1400
HU,D03564,4564,1,15,1500
NL,D03565,4565,2,16,1600
DE,D03566,4566,3,17,1700
FR,D03567,4567,4,18,1800
HU,D03568,4568,5,19,1900
NL,D03569,4569,6,20,2000
DE,D03570,4570,7,21,2100
FR,D03571,4571,8,22,2200
HU,D03572,4572,9,23,2300
NL,D03573,4573,10,24,2400
DE,D03574,4574,11,25,2500
FR,D03575,4575,12,26,2600
HU,D03576,4576,1,27,2700
NL,D03577,4577,2,28,2800
DE,D03578,4578,3,29,2900
FR,D03579,4579,4,30,3000
HU,D03580,4580,5,31,3100
NL,D03581,4581,6,32,3200
DE,D03582,4582,7,33,3300
FR,D03583,4583,8,34,3400
HU,D03584,4584,9,35,3500
NL,D03585,4585,10,36,3600
DE,D03586,4586,11,37,3700
FR,D03587,4587,12,38,3800
HU,D03588,4588,1,39,3900
NL,D03589,4589,2,40,4000
DE,D03590,4590,3,41,4100
FR,D03591,4591,4,42,4200
HU,D03592,4592,5,43,4300
NL,D03593,4593,6,44,4400
DE,D03594,4594,7,45,4500
FR,D03595,4595,8,46,4600
HU,D03596,4596,9,47,4700
NL,D03597,4597,10,48,4800
DE,D03598,4598,11,49,4900
FR,D03599,4599,12,50,5000
HU,D03600,4600,1,1,100
NL,D03601,4601,2,2,200
DE,D03602,4602,3,3,300
FR,D03603,4603,4,4,400
HU,D03604,4604,5,5,500
NL,D03605,4605,6,6,600
DE,D03606,4606,7,7,700
FR,D03607,4607,8,8,800
HU,D03608,4608,9,9,900
NL,D03609,4609,10,10,1000
DE,D03610,4610,11,11,1100
FR,D03611,4611,12,12,1200
HU,D03612,4612,1,13,1300
NL,D03613,4613,2,14,1400
DE,D03614,4614,3,15,1500
FR,D03615,4615,4,16,1600
HU,D03616,4616,5,17,1700
NL,D03617,4617,6,18,1800
DE,D03618,4618,7,19,1900
FR,D03619,4619,8,20,2000
HU,D03620,4620,9,21,2100
NL,D03621,4621,10,22,2200
DE,D03622,4622,11,23,2300
FR,D03623,4623,12,24,2400
HU,D03624,4624,1,25,2500
NL,D03625,4625,2,26,2600
DE,D03626,4626,3,27,2700
FR,D03627,4627,4,28,2800
HU,D03628,4628,5,29,2900
NL,D03629,4629,6,30,3000
DE,D03630,4630,7,31,3100
FR,D03631,4631,8,32,3200
HU,D03632,4632,9,33,3300
NL,D03633,4633,10,34,3400
DE,D03634,4634,11,35,3500
FR,D03635,4635,12,36,3600
HU,D03636,4636,1,37,3700
NL,D03637,4637,2,38,3800
DE,D03638,4638,3,39,3900
FR,D03639,4639,4,40,4000
HU,D03640,4640,5,41,4100
NL,D03641,4641,6,42,4200
DE,D03642,4642,7,43,4300
FR,D03643,4643,8,44,4400
HU,D03644,4644,9,45,4500
NL,D03645,4645,10,46,4600
DE,D03646,4646,11,47,4700
FR,D03647,4647,12,48,4800
HU,D03648,4648,1,49,4900
NL,D03649,4649,2,50,5000
DE,D03650,4650,3,1,100
FR,D03651,4651,4,2,200
HU,D03652,4652,5,3,300
NL,D03653,4653,6,4,400
DE,D03654,4654,7,5,500
FR,D03655,4655,8,6,600
HU,D03656,4656,9,7,700
NL,D03657,4657,10,8,800
DE,D03658,4658,11,9,900
FR,D03659,4659,12,10,1000
HU,D03660,4660,1,11,1100
NL,D03661,4661,2,12,1200
DE,D03662,4662,3,13,1300
FR,D03663,4663,4,14,1400
HU,D03664,4664,5,15,1500
NL,D03665,4665,6,16,1600
DE,D03666,4666,7,17,1700
FR,D03667,4667,8,18,1800
HU,D03668,4668,9,19,1900
NL,D03669,4669,10,20,2000
DE,D03670,4670,11,21,2100
FR,D03671,4671,12,22,2200
HU,D03672,4672,1,23,2300
NL,D03673,4673,2,24,2400
DE,D03674,4674,3,25,2500
FR,D03675,4675,4,26,2600
HU,D03676,4676,5,27,2700
NL,D03677,4677,6,28,2800
DE,D03678,4678,7,29,2900
FR,D03679,4679,8,30,3000
HU,D03680,4680,9,31,3100
NL,D03681,4681,10,32,3200
DE,D03682,4682,11,33,3300
FR,D03683,4683,12,34,3400
HU,D03684,4684,1,35,3500
NL,D03685,4685,2,36,3600
DE,D03686,4686,3,37,3700
FR,D03687,4687,4,38,3800
HU,D03688,4688,5,39,3900
NL,D03689,4689,6,40,4000
DE,D03690,4690,7,41,4100
FR,D03691,4691,8,42,4200
HU,D03692,4692,9,43,4300
NL,D03693,4693,10,44,4400
DE,D03694,4694,11,45,4500
FR,D03695,4695,12,46,4600
HU,D03696,4696,1,47,4700
NL,D03697,4697,2,48,4800
DE,D03698,4698,3,49,4900
FR,D03699,4699,4,50,5000
HU,D03700,4700,5,1,100
NL,D03701,4701,6,2,200
DE,D03702,4702,7,3,300
FR,D03703,4703,8,4,400
HU,D03704,4704,9,5,500
NL,D03705,4705,10,6,600
DE,D03706,4706,11,7,700
FR,D03707,4707,12,8,800
HU,D03708,4708,1,9,900
NL,D03709,4709,2,10,1000
DE,D03710,4710,3,11,1100
FR,D03711,4711,4,12,1200
HU,D03712,4712,5,13,1300
NL,D03713,4713,6,14,1400
DE,D03714,4714,7,15,1500
FR,D03715,4715,8,16,1600
HU,D03716,4716,9,17,1700
NL,D03717,4717,10,18,1800
DE,D03718,4718,11,19,1900
FR,D03719,4719,12,20,2000
HU,D03720,4720,1,21,2100
NL,D03721,4721,2,22,2200
DE,D03722,4722,3,23,2300
FR,D03723,4723,4,24,2400
HU,D03724,4724,5,25,2500
NL,D03725,4725,6,26,2600
DE,D03726,4726,7,27,2700
FR,D03727,4727,8,28,2800
HU,D03728,4728,9,29,2900
NL,D03729,4729,10,30,3000
DE,D03730,4730,11,31,3100
FR,D03731,4731,12,32,3200
HU,D03732,4732,1,33,3300
NL,D03733,4733,2,34,3400
DE,D03734,4734,3,35,3500
FR,D03735,4735,4,36,3600
HU,D03736,4736,5,37,3700
NL,D03737,4737,6,38,3800
DE,D03738,4738,7,39,3900
FR,D03739,4739,8,40,4000
HU,D03740,4740,9,41,4100
NL,D03741,4741,10,42,4200
DE,D03742,4742,11,43,4300
FR,D03743,4743,12,44,4400
HU,D03744,4744,1,45,4500
NL,D03745,4745,2,46,4600
DE,D03746,4746,3,47,4700
FR,D03747,4747,4,48,4800
HU,D03748,4748,5,49,4900
NL,D03749,4749,6,50,5000
DE,D03750,4750,7,1,100
FR,D03751,4751,8,2,200
HU,D03752,4752,9,3,300
NL,D03753,4753,10,4,400
DE,D03754,4754,11,5,500
FR,D03755,4755,12,6,600
HU,D03756,4756,1,7,700
NL,D03757,4757,2,8,800
DE,D03758,4758,3,9,900
FR,D03759,4759,4,10,1000
HU,D03760,4760,5,11,1100
NL,D03761,4761,6,12,1200
DE,D03762,4762,7,13,1300
FR,D03763,4763,8,14,1400
HU,D03764,4764,9,15,1500
NL,D03765,4765,10,16,1600
DE,D03766,4766,11,17,1700
FR,D03767,4767,12,18,1800
HU,D03768,4768,1,19,1900
NL,D03769,4769,2,20,2000
DE,D03770,4770,3,21,2100
FR,D03771,4771,4,22,2200
HU,D03772,4772,5,23,2300
NL,D03773,4773,6,24,2400
DE,D03774,4774,7,25,2500
FR,D03775,4775,8,26,2600
HU,D03776,4776,9,27,2700
NL,D03777,4777,10,28,2800
DE,D03778,4778,11,29,2900
FR,D03779,4779,12,30,3000
HU,D03780,4780,1,31,3100
NL,D03781,4781,2,32,3200
DE,D03782,4782,3,33,3300
FR,D03783,4783,4,34,3400
HU,D03784,4784,5,35,3500
NL,D03785,4785,6,36,3600
DE,D03786,4786,7,37,3700
FR,D03787,4787,8,38,3800
HU,D03788,4788,9,39,3900
NL,D03789,4789,10,40,4000
DE,D03790,4790,11,41,4100
FR,D03791,4791,12,42,4200
HU,D03792,4792,1,43,4300
NL,D03793,4793,2,44,4400
DE,D03794,4794,3,45,4500
FR,D03795,4795,4,46,4600
HU,D03796,4796,5,47,4700
NL,D03797,4797,6,48,4800
DE,D03798,4798,7,49,4900
FR,D03799,4799,8,50,5000
HU,D03800,4800,9,1,100
NL,D03801,4801,10,2,200
DE,D03802,4802,11,3,300
FR,D03803,4803,12,4,400
HU,D03804,4804,1,5,500
NL,D03805,4805,2,6,600
DE,D03806,4806,3,7,700
FR,D03807,4807,4,8,800
HU,D03808,4808,5,9,900
NL,D03809,4809,6,10,1000
DE,D03810,4810,7,11,1100
FR,D03811,4811,8,12,1200
HU,D03812,4812,9,13,1300
NL,D03813,4813,10,14,1400
DE,D03814,4814,11,15,1500
FR,D03815,4815,12,16,1600
HU,D03816,4816,1,17,1700
NL,D03817,4817,2,18,1800
DE,D03818,4818,3,19,1900
FR,D03819,4819,4,20,2000
HU,D03820,4820,5,21,2100
NL,D03821,4821,6,22,2200
DE,D03822,4822,7,23,2300
FR,D03823,4823,8,24,2400
HU,D03824,4824,9,25,2500
NL,D03825,4825,10,26,2600
DE,D03826,4826,11,27,2700
FR,D03827,4827,12,28,2800
HU,D03828,4828,1,29,2900
NL,D03829,4829,2,30,3000
DE,D03830,4830,3,31,3100
FR,D03831,4831,4,32,3200
HU,D03832,4832,5,33,3300
NL,D03833,4833,6,34,3400
DE,D03834,4834,7,35,3500
FR,D03835,4835,8,36,3600
HU,D03836,4836,9,37,3700
NL,D03837,4837,10,38,3800
DE,D03838,4838,11,39,3900
FR,D03839,4839,12,40,4000
HU,D03840,4840,1,41,4100
NL,D03841,4841,2,42,4200
DE,D03842,4842,3,43,4300
FR,D03843,4843,4,44,4400
HU,D03844,4844,5,45,4500
NL,D03845,4845,6,46,4600
DE,D03846,4846,7,47,4700
FR,D03847,4847,8,48,4800
HU,D03848,4848,9,49,4900
NL,D03849,4849,10,50,5000
DE,D03850,4850,11,1,100
FR,D03851,4851,12,2,200
HU,D03852,4852,1,3,300
NL,D03853,4853,2,4,400
DE,D03854,4854,3,5,500
FR,D03855,4855,4,6,600
HU,D03856,4856,5,7,700
NL,D03857,4857,6,8,800
DE,D03858,4858,7,9,900
FR,D03859,4859,8,10,1000
HU,D03860,4860,9,11,1100
NL,D03861,4861,10,12,1200
DE,D03862,4862,11,13,1300
FR,D03863,4863,12,14,1400
HU,D03864,4864,1,15,1500
NL,D03865,4865,2,16,1600
DE,D03866,4866,3,17,1700
FR,D03867,4867,4,18,1800
HU,D03868,4868,5,19,1900
NL,D03869,4869,6,20,2000
DE,D03870,4870,7,21,2100
FR,D03871,4871,8,22,2200
HU,D03872,4872,9,23,2300
NL,D03873,4873,10,24,2400
DE,D03874,4874,11,25,2500
FR,D03875,4875,12,26,2600
HU,D03876,4876,1,27,2700
NL,D03877,4877,2,28,2800
DE,D03878,4878,3,29,2900
FR,D03879,4879,4,30,3000
HU,D03880,4880,5,31,3100
NL,D03881,4881,6,32,3200
DE,D03882,4882,7,33,3300
FR,D03883,4883,8,34,3400
HU,D03884,4884,9,35,3500
NL,D03885,4885,10,36,3600
DE,D03886,4886,11,37,3700
FR,D03887,4887,12,38,3800
HU,D03888,4888,1,39,3900
NL,D03889,4889,2,40,4000
DE,D03890,4890,3,41,4100
FR,D03891,4891,4,42,4200
HU,D03892,4892,5,43,4300
NL,D03893,4893,6,44,4400
DE,D03894,4894,7,45,4500
FR,D03895,4895,8,46,4600
HU,D03896,4896,9,47,4700
NL,D03897,4897,10,48,4800
DE,D03898,4898,11,49,4900
FR,D03899,4899,12,50,5000
HU,D03900,4900,1,1,100
NL,D03901,4901,2,2,200
DE,D03902,4902,3,3,300
FR,D03903,4903,4,4,400
HU,D03904,4904,5,5,500
NL,D03905,4905,6,6,600
DE,D03906,4906,7,7,700
FR,D03907,4907,8,8,800
HU,D03908,4908,9,9,900
NL,D03909,4909,10,10,1000
DE,D03910,4910,11,11,1100
FR,D03911,4911,12,12,1200
HU,D03912,4912,1,13,1300
NL,D03913,4913,2,14,1400
DE,D03914,4914,3,15,1500
FR,D03915,4915,4,16,1600
HU,D03916,4916,5,17,1700
NL,D03917,4917,6,18,1800
DE,D03918,4918,7,19,1900
FR,D03919,4919,8,20,2000
HU,D03920,4920,9,21,2100
NL,D03921,4921,10,22,2200
DE,D03922,4922,11,23,2300
FR,D03923,4923,12,24,2400
HU,D03924,4924,1,25,2500
NL,D03925,4925,2,26,2600
DE,D03926,4926,3,27,2700
FR,D03927,4927,4,28,2800
HU,D03928,4928,5,29,2900
NL,D03929,4929,6,30,3000
DE,D03930,4930,7,31,3100
FR,D03931,4931,8,32,3200
HU,D03932,4932,9,33,3300
NL,D03933,4933,10,34,3400
DE,D03934,4934,11,35,3500
FR,D03935,4935,12,36,3600
HU,D03936,4936,1,37,3700
NL,D03937,4937,2,38,3800
DE,D03938,4938,3,39,3900
FR,D03939,4939,4,40,4000
HU,D03940,4940,5,41,4100
NL,D03941,4941,6,42,4200
DE,D03942,4942,7,43,4300
FR,D03943,4943,8,44,4400
HU,D03944,4944,9,45,4500
NL,D03945,4945,10,46,4600
DE,D03946,4946,11,47,4700
FR,D03947,4947,12,48,4800
HU,D03948,4948,1,49,4900
NL,D03949,4949,2,50,5000
DE,D03950,4950,3,1,100
FR,D03951,4951,4,2,200
HU,D03952,4952,5,3,300
NL,D03953,4953,6,4,400
DE,D03954,4954,7,5,500
FR,D03955,4955,8,6,600
HU,D03956,4956,9,7,700
NL,D03957,4957,10,8,800
DE,D03958,4958,11,9,900
FR,D03959,4959,12,10,1000
HU,D03960,4960,1,11,1100
NL,D03961,4961,2,12,1200
DE,D03962,4962,3,13,1300
FR,D03963,4963,4,14,1400
HU,D03964,4964,5,15,1500
NL,D03965,4965,6,16,1600
DE,D03966,4966,7,17,1700
FR,D03967,4967,8,18,1800
HU,D03968,4968,9,19,1900
NL,D03969,4969,10,20,2000
DE,D03970,4970,11,21,2100
FR,D03971,4971,12,22,2200
HU,D03972,4972,1,23,2300
NL,D03973,4973,2,24,2400
DE,D03974,4974,3,25,2500
FR,D03975,4975,4,26,2600
HU,D03976,4976,5,27,2700
NL,D03977,4977,6,28,2800
DE,D03978,4978,7,29,2900
FR,D03979,4979,8,30,3000
HU,D03980,4980,9,31,3100
NL,D03981,4981,10,32,3200
DE,D03982,4982,11,33,3300
FR,D03983,4983,12,34,3400
HU,D03984,4984,1,35,3500
NL,D03985,4985,2,36,3600
DE,D03986,4986,3,37,3700
FR,D03987,4987,4,38,3800
HU,D03988,4988,5,39,3900
NL,D03989,4989,6,40,4000
DE,D03990,4990,7,41,4100
FR,D03991,4991,8,42,4200
HU,D03992,4992,9,43,4300
NL,D03993,4993,10,44,4400
DE,D03994,4994,11,45,4500
FR,D03995,4995,12,46,4600
HU,D03996,4996,1,47,4700
NL,D03997,4997,2,48,4800
DE,D03998,4998,3,49,4900
FR,D03999,4999,4,50,5000
HU,D04000,5000,5,1,100
NL,D04001,5001,6,2,200
DE,D04002,5002,7,3,300
FR,D04003,5003,8,4,400
HU,D04004,5004,9,5,500
NL,D04005,5005,10,6,600
DE,D04006,5006,11,7,700
FR,D04007,5007,12,8,800
HU,D04008,5008,1,9,900
NL,D04009,5009,2,10,1000
DE,D04010,5010,3,11,1100
FR,D04011,5011,4,12,1200
HU,D04012,5012,5,13,1300
NL,D04013,5013,6,14,1400
DE,D04014,5014,7,15,1500
FR,D04015,5015,8,16,1600
HU,D04016,5016,9,17,1700
NL,D04017,5017,10,18,1800
DE,D04018,5018,11,19,1900
FR,D04019,5019,12,20,2000
HU,D04020,5020,1,21,2100
NL,D04021,5021,2,22,2200
DE,D04022,5022,3,23,2300
FR,D04023,5023,4,24,2400
HU,D04024,5024,5,25,2500
NL,D04025,5025,6,26,2600
DE,D04026,5026,7,27,2700
FR,D04027,5027,8,28,2800
HU,D04028,5028,9,29,2900
NL,D04029,5029,10,30,3000
DE,D04030,5030,11,31,3100
FR,D04031,5031,12,32,3200
HU,D04032,5032,1,33,3300
NL,D04033,5033,2,34,3400
DE,D04034,5034,3,35,3500
FR,D04035,5035,4,36,3600
HU,D04036,5036,5,37,3700
NL,D04037,5037,6,38,3800
DE,D04038,5038,7,39,3900
FR,D04039,5039,8,40,4000
HU,D04040,5040,9,41,4100
NL,D04041,5041,10,42,4200
DE,D04042,5042,11,43,4300
FR,D04043,5043,12,44,4400
HU,D04044,5044,1,45,4500
NL,D04045,5045,2,46,4600
DE,D04046,5046,3,47,4700
FR,D04047,5047,4,48,4800
HU,D04048,5048,5,49,4900
NL,D04049,5049,6,50,5000
DE,D04050,5050,7,1,100
FR,D04051,5051,8,2,200
HU,D04052,5052,9,3,300
NL,D04053,5053,10,4,400
DE,D04054,5054,11,5,500
FR,D04055,5055,12,6,600
HU,D04056,5056,1,7,700
NL,D04057,5057,2,8,800
DE,D04058,5058,3,9,900
FR,D04059,5059,4,10,1000
HU,D04060,5060,5,11,1100
NL,D04061,5061,6,12,1200
DE,D04062,5062,7,13,1300
FR,D04063,5063,8,14,1400
HU,D04064,5064,9,15,1500
NL,D04065,5065,10,16,1600
DE,D04066,5066,11,17,1700
FR,D04067,5067,12,18,1800
HU,D04068,5068,1,19,1900
NL,D04069,5069,2,20,2000
DE,D04070,5070,3,21,2100
FR,D04071,5071,4,22,2200
HU,D04072,5072,5,23,2300
NL,D04073,5073,6,24,2400
DE,D04074,5074,7,25,2500
FR,D04075,5075,8,26,2600
HU,D04076,5076,9,27,2700
NL,D04077,5077,10,28,2800
DE,D04078,5078,11,29,2900
FR,D04079,5079,12,30,3000
HU,D04080,5080,1,31,3100
NL,D04081,5081,2,32,3200
DE,D04082,5082,3,33,3300
FR,D04083,5083,4,34,3400
HU,D04084,5084,5,35,3500
NL,D04085,5085,6,36,3600
DE,D04086,5086,7,37,3700
FR,D04087,5087,8,38,3800
HU,D04088,5088,9,39,3900
NL,D04089,5089,10,40,4000
DE,D04090,5090,11,41,4100
FR,D04091,5091,12,42,4200
HU,D04092,5092,1,43,4300
NL,D04093,5093,2,44,4400
DE,D04094,5094,3,45,4500
FR,D04095,5095,4,46,4600
HU,D04096,5096,5,47,4700
NL,D04097,5097,6,48,4800
DE,D04098,5098,7,49,4900
FR,D04099,5099,8,50,5000
HU,D04100,5100,9,1,100
NL,D04101,5101,10,2,200
DE,D04102,5102,11,3,300
FR,D04103,5103,12,4,400
HU,D04104,5104,1,5,500
NL,D04105,5105,2,6,600
DE,D04106,5106,3,7,700
FR,D04107,5107,4,8,800
HU,D04108,5108,5,9,900
NL,D04109,5109,6,10,1000
DE,D04110,5110,7,11,1100
FR,D04111,5111,8,12,1200
HU,D04112,5112,9,13,1300
NL,D04113,5113,10,14,1400
DE,D04114,5114,11,15,1500
FR,D04115,5115,12,16,1600
HU,D04116,5116,1,17,1700
NL,D04117,5117,2,18,1800
DE,D04118,5118,3,19,1900
FR,D04119,5119,4,20,2000
HU,D04120,5120,5,21,2100
NL,D04121,5121,6,22,2200
DE,D04122,5122,7,23,2300
FR,D04123,5123,8,24,2400
HU,D04124,5124,9,25,2500
NL,D04125,5125,10,26,2600
DE,D04126,5126,11,27,2700
FR,D04127,5127,12,28,2800
HU,D04128,5128,1,29,2900
NL,D04129,5129,2,30,3000
DE,D04130,5130,3,31,3100
FR,D04131,5131,4,32,3200
HU,D04132,5132,5,33,3300
NL,D04133,5133,6,34,3400
DE,D04134,5134,7,35,3500
FR,D04135,5135,8,36,3600
HU,D04136,5136,9,37,3700
NL,D04137,5137,10,38,3800
DE,D04138,5138,11,39,3900
FR,D04139,5139,12,40,4000
HU,D04140,5140,1,41,4100
NL,D04141,5141,2,42,4200
DE,D04142,5142,3,43,4300
FR,D04143,5143,4,44,4400
HU,D04144,5144,5,45,4500
NL,D04145,5145,6,46,4600
DE,D04146,5146,7,47,4700
FR,D04147,5147,8,48,4800
HU,D04148,5148,9,49,4900
NL,D04149,5149,10,50,5000
DE,D04150,5150,11,1,100
FR,D04151,5151,12,2,200
HU,D04152,5152,1,3,300
NL,D04153,5153,2,4,400
DE,D04154,5154,3,5,500
FR,D04155,5155,4,6,600
HU,D04156,5156,5,7,700
NL,D04157,5157,6,8,800
DE,D04158,5158,7,9,900
FR,D04159,5159,8,10,1000
HU,D04160,5160,9,11,1100
NL,D04161,5161,10,12,1200
DE,D04162,5162,11,13,1300
FR,D04163,5163,12,14,1400
HU,D04164,5164,1,15,1500
NL,D04165,5165,2,16,1600
DE,D04166,5166,3,17,1700
FR,D04167,5167,4,18,1800
HU,D04168,5168,5,19,1900
NL,D04169,5169,6,20,2000
DE,D04170,5170,7,21,2100
FR,D04171,5171,8,22,2200
HU,D04172,5172,9,23,2300
NL,D04173,5173,10,24,2400
DE,D04174,5174,11,25,2500
FR,D04175,5175,12,26,2600
HU,D04176,5176,1,27,2700
NL,D04177,5177,2,28,2800
DE,D04178,5178,3,29,2900
FR,D04179,5179,4,30,3000
HU,D04180,5180,5,31,3100
NL,D04181,5181,6,32,3200
DE,D04182,5182,7,33,3300
FR,D04183,5183,8,34,3400
HU,D04184,5184,9,35,3500
NL,D04185,5185,10,36,3600
DE,D04186,5186,11,37,3700
FR,D04187,5187,12,38,3800
HU,D04188,5188,1,39,3900
NL,D04189,5189,2,40,4000
DE,D04190,5190,3,41,4100
FR,D04191,5191,4,42,4200
HU,D04192,5192,5,43,4300
NL,D04193,5193,6,44,4400
DE,D04194,5194,7,45,4500
FR,D04195,5195,8,46,4600
HU,D04196,5196,9,47,4700
NL,D04197,5197,10,48,4800
DE,D04198,5198,11,49,4900
FR,D04199,5199,12,50,5000
HU,D04200,5200,1,1,100
NL,D04201,5201,2,2,200
DE,D04202,5202,3,3,300
FR,D04203,5203,4,4,400
HU,D04204,5204,5,5,500
NL,D04205,5205,6,6,600
DE,D04206,5206,7,7,700
FR,D04207,5207,8,8,800
HU,D04208,5208,9,9,900
NL,D04209,5209,10,10,1000
DE,D04210,5210,11,11,1100
FR,D04211,5211,12,12,1200
HU,D04212,5212,1,13,1300
NL,D04213,5213,2,14,1400
DE,D04214,5214,3,15,1500
FR,D04215,5215,4,16,1600
HU,D04216,5216,5,17,1700
NL,D04217,5217,6,18,1800
DE,D04218,5218,7,19,1900
FR,D04219,5219,8,20,2000
HU,D04220,5220,9,21,2100
NL,D04221,5221,10,22,2200
DE,D04222,5222,11,23,2300
FR,D04223,5223,12,24,2400
HU,D04224,5224,1,25,2500
NL,D04225,5225,2,26,2600
DE,D04226,5226,3,27,2700
FR,D04227,5227,4,28,2800
HU,D04228,5228,5,29,2900
NL,D04229,5229,6,30,3000
DE,D04230,5230,7,31,3100
FR,D04231,5231,8,32,3200
HU,D04232,5232,9,33,3300
NL,D04233,5233,10,34,3400
DE,D04234,5234,11,35,3500
FR,D04235,5235,12,36,3600
HU,D04236,5236,1,37,3700
NL,D04237,5237,2,38,3800
DE,D04238,5238,3,39,3900
FR,D04239,5239,4,40,4000
HU,D04240,5240,5,41,4100
NL,D04241,5241,6,42,4200
DE,D04242,5242,7,43,4300
FR,D04243,5243,8,44,4400
HU,D04244,5244,9,45,4500
NL,D04245,5245,10,46,4600
DE,D04246,5246,11,47,4700
FR,D04247,5247,12,48,4800
HU,D04248,5248,1,49,4900
NL,D04249,5249,2,50,5000
DE,D04250,5250,3,1,100
FR,D04251,5251,4,2,200
HU,D04252,5252,5,3,300
NL,D04253,5253,6,4,400
DE,D04254,5254,7,5,500
FR,D04255,5255,8,6,600
HU,D04256,5256,9,7,700
NL,D04257,5257,10,8,800
DE,D04258,5258,11,9,900
FR,D04259,5259,12,10,1000
HU,D04260,5260,1,11,1100
NL,D04261,5261,2,12,1200
DE,D04262,5262,3,13,1300
FR,D04263,5263,4,14,1400
HU,D04264,5264,5,15,1500
NL,D04265,5265,6,16,1600
DE,D04266,5266,7,17,1700
FR,D04267,5267,8,18,1800
HU,D04268,5268,9,19,1900
NL,D04269,5269,10,20,2000
DE,D04270,5270,11,21,2100
FR,D04271,5271,12,22,2200
HU,D04272,5272,1,23,2300
NL,D04273,5273,2,24,2400
DE,D04274,5274,3,25,2500
FR,D04275,5275,4,26,2600
HU,D04276,5276,5,27,2700
NL,D04277,5277,6,28,2800
DE,D04278,5278,7,29,2900
FR,D04279,5279,8,30,3000
HU,D04280,5280,9,31,3100
NL,D04281,5281,10,32,3200
DE,D04282,5282,11,33,3300
FR,D04283,5283,12,34,3400
HU,D04284,5284,1,35,3500
NL,D04285,5285,2,36,3600
DE,D04286,5286,3,37,3700
FR,D04287,5287,4,38,3800
HU,D04288,5288,5,39,3900
NL,D04289,5289,6,40,4000
DE,D04290,5290,7,41,4100
FR,D04291,5291,8,42,4200
HU,D04292,5292,9,43,4300
NL,D04293,5293,10,44,4400
DE,D04294,5294,11,45,4500
FR,D04295,5295,12,46,4600
HU,D04296,5296,1,47,4700
NL,D04297,5297,2,48,4800
DE,D04298,5298,3,49,4900
FR,D04299,5299,4,50,5000
HU,D04300,5300,5,1,100
NL,D04301,5301,6,2,200
DE,D04302,5302,7,3,300
FR,D04303,5303,8,4,400
HU,D04304,5304,9,5,500
NL,D04305,5305,10,6,600
DE,D04306,5306,11,7,700
FR,D04307,5307,12,8,800
HU,D04308,5308,1,9,900
NL,D04309,5309,2,10,1000
DE,D04310,5310,3,11,1100
FR,D04311,5311,4,12,1200
HU,D04312,5312,5,13,1300
NL,D04313,5313,6,14,1400
DE,D04314,5314,7,15,1500
FR,D04315,5315,8,16,1600
HU,D04316,5316,9,17,1700
NL,D04317,5317,10,18,1800
DE,D04318,5318,11,19,1900
FR,D04319,5319,12,20,2000
HU,D04320,5320,1,21,2100
NL,D04321,5321,2,22,2200
DE,D04322,5322,3,23,2300
FR,D04323,5323,4,24,2400
HU,D04324,5324,5,25,2500
NL,D04325,5325,6,26,2600
DE,D04326,5326,7,27,2700
FR,D04327,5327,8,28,2800
HU,D04328,5328,9,29,2900
NL,D04329,5329,10,30,3000
DE,D04330,5330,11,31,3100
FR,D04331,5331,12,32,3200
HU,D04332,5332,1,33,3300
NL,D04333,5333,2,34,3400
DE,D04334,5334,3,35,3500
FR,D04335,5335,4,36,3600
HU,D04336,5336,5,37,3700
NL,D04337,5337,6,38,3800
DE,D04338,5338,7,39,3900
FR,D04339,5339,8,40,4000
HU,D04340,5340,9,41,4100
NL,D04341,5341,10,42,4200
DE,D04342,5342,11,43,4300
FR,D04343,5343,12,44,4400
HU,D04344,5344,1,45,4500
NL,D04345,5345,2,46,4600
DE,D04346,5346,3,47,4700
FR,D04347,5347,4,48,4800
HU,D04348,5348,5,49,4900
NL,D04349,5349,6,50,5000
DE,D04350,5350,7,1,100
FR,D04351,5351,8,2,200
HU,D04352,5352,9,3,300
NL,D04353,5353,10,4,400
DE,D04354,5354,11,5,500
FR,D04355,5355,12,6,600
HU,D04356,5356,1,7,700
NL,D04357,5357,2,8,800
DE,D04358,5358,3,9,900
FR,D04359,5359,4,10,1000
HU,D04360,5360,5,11,1100
NL,D04361,5361,6,12,1200
DE,D04362,5362,7,13,1300
FR,D04363,5363,8,14,1400
HU,D04364,5364,9,15,1500
NL,D04365,5365,10,16,1600
DE,D04366,5366,11,17,1700
FR,D04367,5367,12,18,1800
HU,D04368,5368,1,19,1900
NL,D04369,5369,2,20,2000
DE,D04370,5370,3,21,2100
FR,D04371,5371,4,22,2200
HU,D04372,5372,5,23,2300
NL,D04373,5373,6,24,2400
DE,D04374,5374,7,25,2500
FR,D04375,5375,8,26,2600
HU,D04376,5376,9,27,2700
NL,D04377,5377,10,28,2800
DE,D04378,5378,11,29,2900
FR,D04379,5379,12,30,3000
HU,D04380,5380,1,31,3100
NL,D04381,5381,2,32,3200
DE,D04382,5382,3,33,3300
FR,D04383,5383,4,34,3400
HU,D04384,5384,5,35,3500
NL,D04385,5385,6,36,3600
DE,D04386,5386,7,37,3700
FR,D04387,5387,8,38,3800
HU,D04388,5388,9,39,3900
NL,D04389,5389,10,40,4000
DE,D04390,5390,11,41,4100
FR,D04391,5391,12,42,4200
HU,D04392,5392,1,43,4300
NL,D04393,5393,2,44,4400
DE,D04394,5394,3,45,4500
FR,D04395,5395,4,46,4600
HU,D04396,5396,5,47,4700
NL,D04397,5397,6,48,4800
DE,D04398,5398,7,49,4900
FR,D04399,5399,8,50,5000
HU,D04400,5400,9,1,100
NL,D04401,5401,10,2,200
DE,D04402,5402,11,3,300
FR,D04403,5403,12,4,400
HU,D04404,5404,1,5,500
NL,D04405,5405,2,6,600
DE,D04406,5406,3,7,700
FR,D04407,5407,4,8,800
HU,D04408,5408,5,9,900
NL,D04409,5409,6,10,1000
DE,D04410,5410,7,11,1100
FR,D04411,5411,8,12,1200
HU,D04412,5412,9,13,1300
NL,D04413,5413,10,14,1400
DE,D04414,5414,11,15,1500
FR,D04415,5415,12,16,1600
HU,D04416,5416,1,17,1700
NL,D04417,5417,2,18,1800
DE,D04418,5418,3,19,1900
FR,D04419,5419,4,20,2000
HU,D04420,5420,5,21,2100
NL,D04421,5421,6,22,2200
DE,D04422,5422,7,23,2300
FR,D04423,5423,8,24,2400
HU,D04424,5424,9,25,2500
NL,D04425,5425,10,26,2600
DE,D04426,5426,11,27,2700
FR,D04427,5427,12,28,2800
HU,D04428,5428,1,29,2900
NL,D04429,5429,2,30,3000
DE,D04430,5430,3,31,3100
FR,D04431,5431,4,32,3200
HU,D04432,5432,5,33,3300
NL,D04433,5433,6,34,3400
DE,D04434,5434,7,35,3500
FR,D04435,5435,8,36,3600
HU,D04436,5436,9,37,3700
NL,D04437,5437,10,38,3800
DE,D04438,5438,11,39,3900
FR,D04439,5439,12,40,4000
HU,D04440,5440,1,41,4100
NL,D04441,5441,2,42,4200
DE,D04442,5442,3,43,4300
FR,D04443,5443,4,44,4400
HU,D04444,5444,5,45,4500
NL,D04445,5445,6,46,4600
DE,D04446,5446,7,47,4700
FR,D04447,5447,8,48,4800
HU,D04448,5448,9,49,4900
NL,D04449,5449,10,50,5000
DE,D04450,5450,11,1,100
FR,D04451,5451,12,2,200
HU,D04452,5452,1,3,300
NL,D04453,5453,2,4,400
DE,D04454,5454,3,5,500
FR,D04455,5455,4,6,600
HU,D04456,5456,5,7,700
NL,D04457,5457,6,8,800
DE,D04458,5458,7,9,900
FR,D04459,5459,8,10,1000
HU,D04460,5460,9,11,1100
NL,D04461,5461,10,12,1200
DE,D04462,5462,11,13,1300
FR,D04463,5463,12,14,1400
HU,D04464,5464,1,15,1500
NL,D04465,5465,2,16,1600
DE,D04466,5466,3,17,1700
FR,D04467,5467,4,18,1800
HU,D04468,5468,5,19,1900
NL,D04469,5469,6,20,2000
DE,D04470,5470,7,21,2100
FR,D04471,5471,8,22,2200
HU,D04472,5472,9,23,2300
NL,D04473,5473,10,24,2400
DE,D04474,5474,11,25,2500
FR,D04475,5475,12,26,2600
HU,D04476,5476,1,27,2700
NL,D04477,5477,2,28,2800
DE,D04478,5478,3,29,2900
FR,D04479,5479,4,30,3000
HU,D04480,5480,5,31,3100
NL,D04481,5481,6,32,3200
DE,D04482,5482,7,33,3300
FR,D04483,5483,8,34,3400
HU,D04484,5484,9,35,3500
NL,D04485,5485,10,36,3600
DE,D04486,5486,11,37,3700
FR,D04487,5487,12,38,3800
HU,D04488,5488,1,39,3900
NL,D04489,5489,2,40,4000
DE,D04490,5490,3,41,4100
FR,D04491,5491,4,42,4200
HU,D04492,5492,5,43,4300
NL,D04493,5493,6,44,4400
DE,D04494,5494,7,45,4500
FR,D04495,5495,8,46,4600
HU,D04496,5496,9,47,4700
NL,D04497,5497,10,48,4800
DE,D04498,5498,11,49,4900
FR,D04499,5499,12,50,5000
HU,D04500,5500,1,1,100
NL,D04501,5501,2,2,200
DE,D04502,5502,3,3,300
FR,D04503,5503,4,4,400
HU,D04504,5504,5,5,500
NL,D04505,5505,6,6,600
DE,D04506,5506,7,7,700
FR,D04507,5507,8,8,800
HU,D04508,5508,9,9,900
NL,D04509,5509,10,10,1000
DE,D04510,5510,11,11,1100
FR,D04511,5511,12,12,1200
HU,D04512,5512,1,13,1300
NL,D04513,5513,2,14,1400
DE,D04514,5514,3,15,1500
FR,D04515,5515,4,16,1600
HU,D04516,5516,5,17,1700
NL,D04517,5517,6,18,1800
DE,D04518,5518,7,19,1900
FR,D04519,5519,8,20,2000
HU,D04520,5520,9,21,2100
NL,D04521,5521,10,22,2200
DE,D04522,5522,11,23,2300
FR,D04523,5523,12,24,2400
HU,D04524,5524,1,25,2500
NL,D04525,5525,2,26,2600
DE,D04526,5526,3,27,2700
FR,D04527,5527,4,28,2800
HU,D04528,5528,5,29,2900
NL,D04529,5529,6,30,3000
DE,D04530,5530,7,31,3100
FR,D04531,5531,8,32,3200
HU,D04532,5532,9,33,3300
NL,D04533,5533,10,34,3400
DE,D04534,5534,11,35,3500
FR,D04535,5535,12,36,3600
HU,D04536,5536,1,37,3700
NL,D04537,5537,2,38,3800
DE,D04538,5538,3,39,3900
FR,D04539,5539,4,40,4000
HU,D04540,5540,5,41,4100
NL,D04541,5541,6,42,4200
DE,D04542,5542,7,43,4300
FR,D04543,5543,8,44,4400
HU,D04544,5544,9,45,4500
NL,D04545,5545,10,46,4600
DE,D04546,5546,11,47,4700
FR,D04547,5547,12,48,4800
HU,D04548,5548,1,49,4900
NL,D04549,5549,2,50,5000
DE,D04550,5550,3,1,100
FR,D04551,5551,4,2,200
HU,D04552,5552,5,3,300
NL,D04553,5553,6,4,400
DE,D04554,5554,7,5,500
FR,D04555,5555,8,6,600
HU,D04556,5556,9,7,700
NL,D04557,5557,10,8,800
DE,D04558,5558,11,9,900
FR,D04559,5559,12,10,1000
HU,D04560,5560,1,11,1100
NL,D04561,5561,2,12,1200
DE,D04562,5562,3,13,1300
FR,D04563,5563,4,14,1400
HU,D04564,5564,5,15,1500
NL,D04565,5565,6,16,1600
DE,D04566,5566,7,17,1700
FR,D04567,5567,8,18,1800
HU,D04568,5568,9,19,1900
NL,D04569,5569,10,20,2000
DE,D04570,5570,11,21,2100
FR,D04571,5571,12,22,2200
HU,D04572,5572,1,23,2300
NL,D04573,5573,2,24,2400
DE,D04574,5574,3,25,2500
FR,D04575,5575,4,26,2600
HU,D04576,5576,5,27,2700
NL,D04577,5577,6,28,2800
DE,D04578,5578,7,29,2900
FR,D04579,5579,8,30,3000
HU,D04580,5580,9,31,3100
NL,D04581,5581,10,32,3200
DE,D04582,5582,11,33,3300
FR,D04583,5583,12,34,3400
HU,D04584,5584,1,35,3500
NL,D04585,5585,2,36,3600
DE,D04586,5586,3,37,3700
FR,D04587,5587,4,38,3800
HU,D04588,5588,5,39,3900
NL,D04589,5589,6,40,4000
DE,D04590,5590,7,41,4100
FR,D04591,5591,8,42,4200
HU,D04592,5592,9,43,4300
NL,D04593,5593,10,44,4400
DE,D04594,5594,11,45,4500
FR,D04595,5595,12,46,4600
HU,D04596,5596,1,47,4700
NL,D04597,5597,2,48,4800
DE,D04598,5598,3,49,4900
FR,D04599,5599,4,50,5000
HU,D04600,5600,5,1,100
NL,D04601,5601,6,2,200
DE,D04602,5602,7,3,300
FR,D04603,5603,8,4,400
HU,D04604,5604,9,5,500
NL,D04605,5605,10,6,600
DE,D04606,5606,11,7,700
FR,D04607,5607,12,8,800
HU,D04608,5608,1,9,900
NL,D04609,5609,2,10,1000
DE,D04610,5610,3,11,1100
FR,D04611,5611,4,12,1200
HU,D04612,5612,5,13,1300
NL,D04613,5613,6,14,1400
DE,D04614,5614,7,15,1500
FR,D04615,5615,8,16,1600
HU,D04616,5616,9,17,1700
NL,D04617,5617,10,18,1800
DE,D04618,5618,11,19,1900
FR,D04619,5619,12,20,2000
HU,D04620,5620,1,21,2100
NL,D04621,5621,2,22,2200
DE,D04622,5622,3,23,2300
FR,D04623,5623,4,24,2400
HU,D04624,5624,5,25,2500
NL,D04625,5625,6,26,2600
DE,D04626,5626,7,27,2700
FR,D04627,5627,8,28,2800
HU,D04628,5628,9,29,2900
NL,D04629,5629,10,30,3000
DE,D04630,5630,11,31,3100
FR,D04631,5631,12,32,3200
HU,D04632,5632,1,33,3300
NL,D04633,5633,2,34,3400
DE,D04634,5634,3,35,3500
FR,D04635,5635,4,36,3600
HU,D04636,5636,5,37,3700
NL,D04637,5637,6,38,3800
DE,D04638,5638,7,39,3900
FR,D04639,5639,8,40,4000
HU,D04640,5640,9,41,4100
NL,D04641,5641,10,42,4200
DE,D04642,5642,11,43,4300
FR,D04643,5643,12,44,4400
HU,D04644,5644,1,45,4500
NL,D04645,5645,2,46,4600
DE,D04646,5646,3,47,4700
FR,D04647,5647,4,48,4800
HU,D04648,5648,5,49,4900
NL,D04649,5649,6,50,5000
DE,D04650,5650,7,1,100
FR,D04651,5651,8,2,200
HU,D04652,5652,9,3,300
NL,D04653,5653,10,4,400
DE,D04654,5654,11,5,500
FR,D04655,5655,12,6,600
HU,D04656,5656,1,7,700
NL,D04657,5657,2,8,800
DE,D04658,5658,3,9,900
FR,D04659,5659,4,10,1000
HU,D04660,5660,5,11,1100
NL,D04661,5661,6,12,1200
DE,D04662,5662,7,13,1300
FR,D04663,5663,8,14,1400
HU,D04664,5664,9,15,1500
NL,D04665,5665,10,16,1600
DE,D04666,5666,11,17,1700
FR,D04667,5667,12,18,1800
HU,D04668,5668,1,19,1900
NL,D04669,5669,2,20,2000
DE,D04670,5670,3,21,2100
FR,D04671,5671,4,22,2200
HU,D04672,5672,5,23,2300
NL,D04673,5673,6,24,2400
DE,D04674,5674,7,25,2500
FR,D04675,5675,8,26,2600
HU,D04676,5676,9,27,2700
NL,D04677,5677,10,28,2800
DE,D04678,5678,11,29,2900
FR,D04679,5679,12,30,3000
HU,D04680,5680,1,31,3100
NL,D04681,5681,2,32,3200
DE,D04682,5682,3,33,3300
FR,D04683,5683,4,34,3400
HU,D04684,5684,5,35,3500
NL,D04685,5685,6,36,3600
DE,D04686,5686,7,37,3700
FR,D04687,5687,8,38,3800
HU,D04688,5688,9,39,3900
NL,D04689,5689,10,40,4000
DE,D04690,5690,11,41,4100
FR,D04691,5691,12,42,4200
HU,D04692,5692,1,43,4300
NL,D04693,5693,2,44,4400
DE,D04694,5694,3,45,4500
FR,D04695,5695,4,46,4600
HU,D04696,5696,5,47,4700
NL,D04697,5697,6,48,4800
DE,D04698,5698,7,49,4900
FR,D04699,5699,8,50,5000
HU,D04700,5700,9,1,100
NL,D04701,5701,10,2,200
DE,D04702,5702,11,3,300
FR,D04703,5703,12,4,400
HU,D04704,5704,1,5,500
NL,D04705,5705,2,6,600
DE,D04706,5706,3,7,700
FR,D04707,5707,4,8,800
HU,D04708,5708,5,9,900
NL,D04709,5709,6,10,1000
DE,D04710,5710,7,11,1100
FR,D04711,5711,8,12,1200
HU,D04712,5712,9,13,1300
NL,D04713,5713,10,14,1400
DE,D04714,5714,11,15,1500
FR,D04715,5715,12,16,1600
HU,D04716,5716,1,17,1700
NL,D04717,5717,2,18,1800
DE,D04718,5718,3,19,1900
FR,D04719,5719,4,20,2000
HU,D04720,5720,5,21,2100
NL,D04721,5721,6,22,2200
DE,D04722,5722,7,23,2300
FR,D04723,5723,8,24,2400
HU,D04724,5724,9,25,2500
NL,D04725,5725,10,26,2600
DE,D04726,5726,11,27,2700
FR,D04727,5727,12,28,2800
HU,D04728,5728,1,29,2900
NL,D04729,5729,2,30,3000
DE,D04730,5730,3,31,3100
FR,D04731,5731,4,32,3200
HU,D04732,5732,5,33,3300
NL,D04733,5733,6,34,3400
DE,D04734,5734,7,35,3500
FR,D04735,5735,8,36,3600
HU,D04736,5736,9,37,3700
NL,D04737,5737,10,38,3800
DE,D04738,5738,11,39,3900
FR,D04739,5739,12,40,4000
HU,D04740,5740,1,41,4100
NL,D04741,5741,2,42,4200
DE,D04742,5742,3,43,4300
FR,D04743,5743,4,44,4400
HU,D04744,5744,5,45,4500
NL,D04745,5745,6,46,4600
DE,D04746,5746,7,47,4700
FR,D04747,5747,8,48,4800
HU,D04748,5748,9,49,4900
NL,D04749,5749,10,50,5000
DE,D04750,5750,11,1,100
FR,D04751,5751,12,2,200
HU,D04752,5752,1,3,300
NL,D04753,5753,2,4,400
DE,D04754,5754,3,5,500
FR,D04755,5755,4,6,600
HU,D04756,5756,5,7,700
NL,D04757,5757,6,8,800
DE,D04758,5758,7,9,900
FR,D04759,5759,8,10,1000
HU,D04760,5760,9,11,1100
NL,D04761,5761,10,12,1200
DE,D04762,5762,11,13,1300
FR,D04763,5763,12,14,1400
HU,D04764,5764,1,15,1500
NL,D04765,5765,2,16,1600
DE,D04766,5766,3,17,1700
FR,D04767,5767,4,18,1800
HU,D04768,5768,5,19,1900
NL,D04769,5769,6,20,2000
DE,D04770,5770,7,21,2100
FR,D04771,5771,8,22,2200
HU,D04772,5772,9,23,2300
NL,D04773,5773,10,24,2400
DE,D04774,5774,11,25,2500
FR,D04775,5775,12,26,2600
HU,D04776,5776,1,27,2700
NL,D04777,5777,2,28,2800
DE,D04778,5778,3,29,2900
FR,D04779,5779,4,30,3000
HU,D04780,5780,5,31,3100
NL,D04781,5781,6,32,3200
DE,D04782,5782,7,33,3300
FR,D04783,5783,8,34,3400
HU,D04784,5784,9,35,3500
NL,D04785,5785,10,36,3600
DE,D04786,5786,11,37,3700
FR,D04787,5787,12,38,3800
HU,D04788,5788,1,39,3900
NL,D04789,5789,2,40,4000
DE,D04790,5790,3,41,4100
FR,D04791,5791,4,42,4200
HU,D04792,5792,5,43,4300
NL,D04793,5793,6,44,4400
DE,D04794,5794,7,45,4500
FR,D04795,5795,8,46,4600
HU,D04796,5796,9,47,4700
NL,D04797,5797,10,48,4800
DE,D04798,5798,11,49,4900
FR,D04799,5799,12,50,5000
HU,D04800,5800,1,1,100
NL,D04801,5801,2,2,200
DE,D04802,5802,3,3,300
FR,D04803,5803,4,4,400
HU,D04804,5804,5,5,500
NL,D04805,5805,6,6,600
DE,D04806,5806,7,7,700
FR,D04807,5807,8,8,800
HU,D04808,5808,9,9,900
NL,D04809,5809,10,10,1000
DE,D04810,5810,11,11,1100
FR,D04811,5811,12,12,1200
HU,D04812,5812,1,13,1300
NL,D04813,5813,2,14,1400
DE,D04814,5814,3,15,1500
FR,D04815,5815,4,16,1600
HU,D04816,5816,5,17,1700
NL,D04817,5817,6,18,1800
DE,D04818,5818,7,19,1900
FR,D04819,5819,8,20,2000
HU,D04820,5820,9,21,2100
NL,D04821,5821,10,22,2200
DE,D04822,5822,11,23,2300
FR,D04823,5823,12,24,2400
HU,D04824,5824,1,25,2500
NL,D04825,5825,2,26,2600
DE,D04826,5826,3,27,2700
FR,D04827,5827,4,28,2800
HU,D04828,5828,5,29,2900
NL,D04829,5829,6,30,3000
DE,D04830,5830,7,31,3100
FR,D04831,5831,8,32,3200
HU,D04832,5832,9,33,3300
NL,D04833,5833,10,34,3400
DE,D04834,5834,11,35,3500
FR,D04835,5835,12,36,3600
HU,D04836,5836,1,37,3700
NL,D04837,5837,2,38,3800
DE,D04838,5838,3,39,3900
FR,D04839,5839,4,40,4000
HU,D04840,5840,5,41,4100
NL,D04841,5841,6,42,4200
DE,D04842,5842,7,43,4300
FR,D04843,5843,8,44,4400
HU,D04844,5844,9,45,4500
NL,D04845,5845,10,46,4600
DE,D04846,5846,11,47,4700
FR,D04847,5847,12,48,4800
HU,D04848,5848,1,49,4900
NL,D04849,5849,2,50,5000
DE,D04850,5850,3,1,100
FR,D04851,5851,4,2,200
HU,D04852,5852,5,3,300
NL,D04853,5853,6,4,400
DE,D04854,5854,7,5,500
FR,D04855,5855,8,6,600
HU,D04856,5856,9,7,700
NL,D04857,5857,10,8,800
DE,D04858,5858,11,9,900
FR,D04859,5859,12,10,1000
HU,D04860,5860,1,11,1100
NL,D04861,5861,2,12,1200
DE,D04862,5862,3,13,1300
FR,D04863,5863,4,14,1400
HU,D04864,5864,5,15,1500
NL,D04865,5865,6,16,1600
DE,D04866,5866,7,17,1700
FR,D04867,5867,8,18,1800
HU,D04868,5868,9,19,1900
NL,D04869,5869,10,20,2000
DE,D04870,5870,11,21,2100
FR,D04871,5871,12,22,2200
HU,D04872,5872,1,23,2300
NL,D04873,5873,2,24,2400
DE,D04874,5874,3,25,2500
FR,D04875,5875,4,26,2600
HU,D04876,5876,5,27,2700
NL,D04877,5877,6,28,2800
DE,D04878,5878,7,29,2900
FR,D04879,5879,8,30,3000
HU,D04880,5880,9,31,3100
NL,D04881,5881,10,32,3200
DE,D04882,5882,11,33,3300
FR,D04883,5883,12,34,3400
HU,D04884,5884,1,35,3500
NL,D04885,5885,2,36,3600
DE,D04886,5886,3,37,3700
FR,D04887,5887,4,38,3800
HU,D04888,5888,5,39,3900
NL,D04889,5889,6,40,4000
DE,D04890,5890,7,41,4100
FR,D04891,5891,8,42,4200
HU,D04892,5892,9,43,4300
NL,D04893,5893,10,44,4400
DE,D04894,5894,11,45,4500
FR,D04895,5895,12,46,4600
HU,D04896,5896,1,47,4700
NL,D04897,5897,2,48,4800
DE,D04898,5898,3,49,4900
FR,D04899,5899,4,50,5000
HU,D04900,5900,5,1,100
NL,D04901,5901,6,2,200
DE,D04902,5902,7,3,300
FR,D04903,5903,8,4,400
HU,D04904,5904,9,5,500
NL,D04905,5905,10,6,600
DE,D04906,5906,11,7,700
FR,D04907,5907,12,8,800
HU,D04908,5908,1,9,900
NL,D04909,5909,2,10,1000
DE,D04910,5910,3,11,1100
FR,D04911,5911,4,12,1200
HU,D04912,5912,5,13,1300
NL,D04913,5913,6,14,1400
DE,D04914,5914,7,15,1500
FR,D04915,5915,8,16,1600
HU,D04916,5916,9,17,1700
NL,D04917,5917,10,18,1800
DE,D04918,5918,11,19,1900
FR,D04919,5919,12,20,2000
HU,D04920,5920,1,21,2100
NL,D04921,5921,2,22,2200
DE,D04922,5922,3,23,2300
FR,D04923,5923,4,24,2400
HU,D04924,5924,5,25,2500
NL,D04925,5925,6,26,2600
DE,D04926,5926,7,27,2700
FR,D04927,5927,8,28,2800
HU,D04928,5928,9,29,2900
NL,D04929,5929,10,30,3000
DE,D04930,5930,11,31,3100
FR,D04931,5931,12,32,3200
HU,D04932,5932,1,33,3300
NL,D04933,5933,2,34,3400
DE,D04934,5934,3,35,3500
FR,D04935,5935,4,36,3600
HU,D04936,5936,5,37,3700
NL,D04937,5937,6,38,3800
DE,D04938,5938,7,39,3900
FR,D04939,5939,8,40,4000
HU,D04940,5940,9,41,4100
NL,D04941,5941,10,42,4200
DE,D04942,5942,11,43,4300
FR,D04943,5943,12,44,4400
HU,D04944,5944,1,45,4500
NL,D04945,5945,2,46,4600
DE,D04946,5946,3,47,4700
FR,D04947,5947,4,48,4800
HU,D04948,5948,5,49,4900
NL,D04949,5949,6,50,5000
DE,D04950,5950,7,1,100
FR,D04951,5951,8,2,200
HU,D04952,5952,9,3,300
NL,D04953,5953,10,4,400
DE,D04954,5954,11,5,500
FR,D04955,5955,12,6,600
HU,D04956,5956,1,7,700
NL,D04957,5957,2,8,800
DE,D04958,5958,3,9,900
FR,D04959,5959,4,10,1000
HU,D04960,5960,5,11,1100
NL,D04961,5961,6,12,1200
DE,D04962,5962,7,13,1300
FR,D04963,5963,8,14,1400
HU,D04964,5964,9,15,1500
NL,D04965,5965,10,16,1600
DE,D04966,5966,11,17,1700
FR,D04967,5967,12,18,1800
HU,D04968,5968,1,19,1900
NL,D04969,5969,2,20,2000
DE,D04970,5970,3,21,2100
FR,D04971,5971,4,22,2200
HU,D04972,5972,5,23,2300
NL,D04973,5973,6,24,2400
DE,D04974,5974,7,25,2500
FR,D04975,5975,8,26,2600
HU,D04976,5976,9,27,2700
NL,D04977,5977,10,28,2800
DE,D04978,5978,11,29,2900
FR,D04979,5979,12,30,3000
HU,D04980,5980,1,31,3100
NL,D04981,5981,2,32,3200
DE,D04982,5982,3,33,3300
FR,D04983,5983,4,34,3400
HU,D04984,5984,5,35,3500
NL,D04985,5985,6,36,3600
DE,D04986,5986,7,37,3700
FR,D04987,5987,8,38,3800
HU,D04988,5988,9,39,3900
NL,D04989,5989,10,40,4000
DE,D04990,5990,11,41,4100
FR,D04991,5991,12,42,4200
HU,D04992,5992,1,43,4300
NL,D04993,5993,2,44,4400
DE,D04994,5994,3,45,4500
FR,D04995,5995,4,46,4600
HU,D04996,5996,5,47,4700
NL,D04997,5997,6,48,4800
DE,D04998,5998,7,49,4900
FR,D04999,5999,8,50,5000
HU,D05000,6000,9,1,100
NL,D05001,6001,10,2,200
DE,D05002,6002,11,3,300
FR,D05003,6003,12,4,400
HU,D05004,6004,1,5,500
NL,D05005,6005,2,6,600
DE,D05006,6006,3,7,700
FR,D05007,6007,4,8,800
HU,D05008,6008,5,9,900
NL,D05009,6009,6,10,1000
DE,D05010,6010,7,11,1100
FR,D05011,6011,8,12,1200
HU,D05012,6012,9,13,1300
NL,D05013,6013,10,14,1400
DE,D05014,6014,11,15,1500
FR,D05015,6015,12,16,1600
HU,D05016,6016,1,17,1700
NL,D05017,6017,2,18,1800
DE,D05018,6018,3,19,1900
FR,D05019,6019,4,20,2000
HU,D05020,6020,5,21,2100
NL,D05021,6021,6,22,2200
DE,D05022,6022,7,23,2300
FR,D05023,6023,8,24,2400
HU,D05024,6024,9,25,2500
NL,D05025,6025,10,26,2600
DE,D05026,6026,11,27,2700
FR,D05027,6027,12,28,2800
HU,D05028,6028,1,29,2900
NL,D05029,6029,2,30,3000
DE,D05030,6030,3,31,3100
FR,D05031,6031,4,32,3200
HU,D05032,6032,5,33,3300
NL,D05033,6033,6,34,3400
DE,D05034,6034,7,35,3500
FR,D05035,6035,8,36,3600
HU,D05036,6036,9,37,3700
NL,D05037,6037,10,38,3800
DE,D05038,6038,11,39,3900
FR,D05039,6039,12,40,4000
HU,D05040,6040,1,41,4100
NL,D05041,6041,2,42,4200
DE,D05042,6042,3,43,4300
FR,D05043,6043,4,44,4400
HU,D05044,6044,5,45,4500
NL,D05045,6045,6,46,4600
DE,D05046,6046,7,47,4700
FR,D05047,6047,8,48,4800
HU,D05048,6048,9,49,4900
NL,D05049,6049,10,50,5000
DE,D05050,6050,11,1,100
FR,D05051,6051,12,2,200
HU,D05052,6052,1,3,300
NL,D05053,6053,2,4,400
DE,D05054,6054,3,5,500
FR,D05055,6055,4,6,600
HU,D05056,6056,5,7,700
NL,D05057,6057,6,8,800
DE,D05058,6058,7,9,900
FR,D05059,6059,8,10,1000
HU,D05060,6060,9,11,1100
NL,D05061,6061,10,12,1200
DE,D05062,6062,11,13,1300
FR,D05063,6063,12,14,1400
HU,D05064,6064,1,15,1500
NL,D05065,6065,2,16,1600
DE,D05066,6066,3,17,1700
FR,D05067,6067,4,18,1800
HU,D05068,6068,5,19,1900
NL,D05069,6069,6,20,2000
DE,D05070,6070,7,21,2100
FR,D05071,6071,8,22,2200
HU,D05072,6072,9,23,2300
NL,D05073,6073,10,24,2400
DE,D05074,6074,11,25,2500
FR,D05075,6075,12,26,2600
HU,D05076,6076,1,27,2700
NL,D05077,6077,2,28,2800
DE,D05078,6078,3,29,2900
FR,D05079,6079,4,30,3000
HU,D05080,6080,5,31,3100
NL,D05081,6081,6,32,3200
DE,D05082,6082,7,33,3300
FR,D05083,6083,8,34,3400
HU,D05084,6084,9,35,3500
NL,D05085,6085,10,36,3600
DE,D05086,6086,11,37,3700
FR,D05087,6087,12,38,3800
HU,D05088,6088,1,39,3900
NL,D05089,6089,2,40,4000
DE,D05090,6090,3,41,4100
FR,D05091,6091,4,42,4200
HU,D05092,6092,5,43,4300
NL,D05093,6093,6,44,4400
DE,D05094,6094,7,45,4500
FR,D05095,6095,8,46,4600
HU,D05096,6096,9,47,4700
NL,D05097,6097,10,48,4800
DE,D05098,6098,11,49,4900
FR,D05099,6099,12,50,5000
HU,D05100,6100,1,1,100
NL,D05101,6101,2,2,200
DE,D05102,6102,3,3,300
FR,D05103,6103,4,4,400
HU,D05104,6104,5,5,500
NL,D05105,6105,6,6,600
DE,D05106,6106,7,7,700
FR,D05107,6107,8,8,800
HU,D05108,6108,9,9,900
NL,D05109,6109,10,10,1000
DE,D05110,6110,11,11,1100
FR,D05111,6111,12,12,1200
HU,D05112,6112,1,13,1300
NL,D05113,6113,2,14,1400
DE,D05114,6114,3,15,1500
FR,D05115,6115,4,16,1600
HU,D05116,6116,5,17,1700
NL,D05117,6117,6,18,1800
DE,D05118,6118,7,19,1900
FR,D05119,6119,8,20,2000
HU,D05120,6120,9,21,2100
NL,D05121,6121,10,22,2200
DE,D05122,6122,11,23,2300
FR,D05123,6123,12,24,2400
HU,D05124,6124,1,25,2500
NL,D05125,6125,2,26,2600
DE,D05126,6126,3,27,2700
FR,D05127,6127,4,28,2800
HU,D05128,6128,5,29,2900
NL,D05129,6129,6,30,3000
DE,D05130,6130,7,31,3100
FR,D05131,6131,8,32,3200
HU,D05132,6132,9,33,3300
NL,D05133,6133,10,34,3400
DE,D05134,6134,11,35,3500
FR,D05135,6135,12,36,3600
HU,D05136,6136,1,37,3700
NL,D05137,6137,2,38,3800
DE,D05138,6138,3,39,3900
FR,D05139,6139,4,40,4000
HU,D05140,6140,5,41,4100
NL,D05141,6141,6,42,4200
DE,D05142,6142,7,43,4300
FR,D05143,6143,8,44,4400
HU,D05144,6144,9,45,4500
NL,D05145,6145,10,46,4600
DE,D05146,6146,11,47,4700
FR,D05147,6147,12,48,4800
HU,D05148,6148,1,49,4900
NL,D05149,6149,2,50,5000
DE,D05150,6150,3,1,100
FR,D05151,6151,4,2,200
HU,D05152,6152,5,3,300
NL,D05153,6153,6,4,400
DE,D05154,6154,7,5,500
FR,D05155,6155,8,6,600
HU,D05156,6156,9,7,700
NL,D05157,6157,10,8,800
DE,D05158,6158,11,9,900
FR,D05159,6159,12,10,1000
HU,D05160,6160,1,11,1100
NL,D05161,6161,2,12,1200
DE,D05162,6162,3,13,1300
FR,D05163,6163,4,14,1400
HU,D05164,6164,5,15,1500
NL,D05165,6165,6,16,1600
DE,D05166,6166,7,17,1700
FR,D05167,6167,8,18,1800
HU,D05168,6168,9,19,1900
NL,D05169,6169,10,20,2000
DE,D05170,6170,11,21,2100
FR,D05171,6171,12,22,2200
HU,D05172,6172,1,23,2300
NL,D05173,6173,2,24,2400
DE,D05174,6174,3,25,2500
FR,D05175,6175,4,26,2600
HU,D05176,6176,5,27,2700
NL,D05177,6177,6,28,2800
DE,D05178,6178,7,29,2900
FR,D05179,6179,8,30,3000
HU,D05180,6180,9,31,3100
NL,D05181,6181,10,32,3200
DE,D05182,6182,11,33,3300
FR,D05183,6183,12,34,3400
HU,D05184,6184,1,35,3500
NL,D05185,6185,2,36,3600
DE,D05186,6186,3,37,3700
FR,D05187,6187,4,38,3800
HU,D05188,6188,5,39,3900
NL,D05189,6189,6,40,4000
DE,D05190,6190,7,41,4100
FR,D05191,6191,8,42,4200
HU,D05192,6192,9,43,4300
NL,D05193,6193,10,44,4400
DE,D05194,6194,11,45,4500
FR,D05195,6195,12,46,4600
HU,D05196,6196,1,47,4700
NL,D05197,6197,2,48,4800
DE,D05198,6198,3,49,4900
FR,D05199,6199,4,50,5000
HU,D05200,6200,5,1,100
NL,D05201,6201,6,2,200
DE,D05202,6202,7,3,300
FR,D05203,6203,8,4,400
HU,D05204,6204,9,5,500
NL,D05205,6205,10,6,600
DE,D05206,6206,11,7,700
FR,D05207,6207,12,8,800
HU,D05208,6208,1,9,900
NL,D05209,6209,2,10,1000
DE,D05210,6210,3,11,1100
FR,D05211,6211,4,12,1200
HU,D05212,6212,5,13,1300
NL,D05213,6213,6,14,1400
DE,D05214,6214,7,15,1500
FR,D05215,6215,8,16,1600
HU,D05216,6216,9,17,1700
NL,D05217,6217,10,18,1800
DE,D05218,6218,11,19,1900
FR,D05219,6219,12,20,2000
HU,D05220,6220,1,21,2100
NL,D05221,6221,2,22,2200
DE,D05222,6222,3,23,2300
FR,D05223,6223,4,24,2400
HU,D05224,6224,5,25,2500
NL,D05225,6225,6,26,2600
DE,D05226,6226,7,27,2700
FR,D05227,6227,8,28,2800
HU,D05228,6228,9,29,2900
NL,D05229,6229,10,30,3000
DE,D05230,6230,11,31,3100
FR,D05231,6231,12,32,3200
HU,D05232,6232,1,33,3300
NL,D05233,6233,2,34,3400
DE,D05234,6234,3,35,3500
FR,D05235,6235,4,36,3600
HU,D05236,6236,5,37,3700
NL,D05237,6237,6,38,3800
DE,D05238,6238,7,39,3900
FR,D05239,6239,8,40,4000
HU,D05240,6240,9,41,4100
NL,D05241,6241,10,42,4200
DE,D05242,6242,11,43,4300
FR,D05243,6243,12,44,4400
HU,D05244,6244,1,45,4500
NL,D05245,6245,2,46,4600
DE,D05246,6246,3,47,4700
FR,D05247,6247,4,48,4800
HU,D05248,6248,5,49,4900
NL,D05249,6249,6,50,5000
DE,D05250,6250,7,1,100
FR,D05251,6251,8,2,200
HU,D05252,6252,9,3,300
NL,D05253,6253,10,4,400
DE,D05254,6254,11,5,500
FR,D05255,6255,12,6,600
HU,D05256,6256,1,7,700
NL,D05257,6257,2,8,800
DE,D05258,6258,3,9,900
FR,D05259,6259,4,10,1000
HU,D05260,6260,5,11,1100
NL,D05261,6261,6,12,1200
DE,D05262,6262,7,13,1300
FR,D05263,6263,8,14,1400
HU,D05264,6264,9,15,1500
NL,D05265,6265,10,16,1600
DE,D05266,6266,11,17,1700
FR,D05267,6267,12,18,1800
HU,D05268,6268,1,19,1900
NL,D05269,6269,2,20,2000
DE,D05270,6270,3,21,2100
FR,D05271,6271,4,22,2200
HU,D05272,6272,5,23,2300
NL,D05273,6273,6,24,2400
DE,D05274,6274,7,25,2500
FR,D05275,6275,8,26,2600
HU,D05276,6276,9,27,2700
NL,D05277,6277,10,28,2800
DE,D05278,6278,11,29,2900
FR,D05279,6279,12,30,3000
HU,D05280,6280,1,31,3100
NL,D05281,6281,2,32,3200
DE,D05282,6282,3,33,3300
FR,D05283,6283,4,34,3400
HU,D05284,6284,5,35,3500
NL,D05285,6285,6,36,3600
DE,D05286,6286,7,37,3700
FR,D05287,6287,8,38,3800
HU,D05288,6288,9,39,3900
NL,D05289,6289,10,40,4000
DE,D05290,6290,11,41,4100
FR,D05291,6291,12,42,4200
HU,D05292,6292,1,43,4300
NL,D05293,6293,2,44,4400
DE,D05294,6294,3,45,4500
FR,D05295,6295,4,46,4600
HU,D05296,6296,5,47,4700
NL,D05297,6297,6,48,4800
DE,D05298,6298,7,49,4900
FR,D05299,6299,8,50,5000
HU,D05300,6300,9,1,100
NL,D05301,6301,10,2,200
DE,D05302,6302,11,3,300
FR,D05303,6303,12,4,400
HU,D05304,6304,1,5,500
NL,D05305,6305,2,6,600
DE,D05306,6306,3,7,700
FR,D05307,6307,4,8,800
HU,D05308,6308,5,9,900
NL,D05309,6309,6,10,1000
DE,D05310,6310,7,11,1100
FR,D05311,6311,8,12,1200
HU,D05312,6312,9,13,1300
NL,D05313,6313,10,14,1400
DE,D05314,6314,11,15,1500
FR,D05315,6315,12,16,1600
HU,D05316,6316,1,17,1700
NL,D05317,6317,2,18,1800
DE,D05318,6318,3,19,1900
FR,D05319,6319,4,20,2000
HU,D05320,6320,5,21,2100
NL,D05321,6321,6,22,2200
DE,D05322,6322,7,23,2300
FR,D05323,6323,8,24,2400
HU,D05324,6324,9,25,2500
NL,D05325,6325,10,26,2600
DE,D05326,6326,11,27,2700
FR,D05327,6327,12,28,2800
HU,D05328,6328,1,29,2900
NL,D05329,6329,2,30,3000
DE,D05330,6330,3,31,3100
FR,D05331,6331,4,32,3200
HU,D05332,6332,5,33,3300
NL,D05333,6333,6,34,3400
DE,D05334,6334,7,35,3500
FR,D05335,6335,8,36,3600
HU,D05336,6336,9,37,3700
NL,D05337,6337,10,38,3800
DE,D05338,6338,11,39,3900
FR,D05339,6339,12,40,4000
HU,D05340,6340,1,41,4100
NL,D05341,6341,2,42,4200
DE,D05342,6342,3,43,4300
FR,D05343,6343,4,44,4400
HU,D05344,6344,5,45,4500
NL,D05345,6345,6,46,4600
DE,D05346,6346,7,47,4700
FR,D05347,6347,8,48,4800
HU,D05348,6348,9,49,4900
NL,D05349,6349,10,50,5000
DE,D05350,6350,11,1,100
FR,D05351,6351,12,2,200
HU,D05352,6352,1,3,300
NL,D05353,6353,2,4,400
DE,D05354,6354,3,5,500
FR,D05355,6355,4,6,600
HU,D05356,6356,5,7,700
NL,D05357,6357,6,8,800
DE,D05358,6358,7,9,900
FR,D05359,6359,8,10,1000
HU,D05360,6360,9,11,1100
NL,D05361,6361,10,12,1200
DE,D05362,6362,11,13,1300
FR,D05363,6363,12,14,1400
HU,D05364,6364,1,15,1500
NL,D05365,6365,2,16,1600
DE,D05366,6366,3,17,1700
FR,D05367,6367,4,18,1800
HU,D05368,6368,5,19,1900
NL,D05369,6369,6,20,2000
DE,D05370,6370,7,21,2100
FR,D05371,6371,8,22,2200
HU,D05372,6372,9,23,2300
NL,D05373,6373,10,24,2400
DE,D05374,6374,11,25,2500
FR,D05375,6375,12,26,2600
HU,D05376,6376,1,27,2700
NL,D05377,6377,2,28,2800
DE,D05378,6378,3,29,2900
FR,D05379,6379,4,30,3000
HU,D05380,6380,5,31,3100
NL,D05381,6381,6,32,3200
DE,D05382,6382,7,33,3300
FR,D05383,6383,8,34,3400
HU,D05384,6384,9,35,3500
NL,D05385,6385,10,36,3600
DE,D05386,6386,11,37,3700
FR,D05387,6387,12,38,3800
HU,D05388,6388,1,39,3900
NL,D05389,6389,2,40,4000
DE,D05390,6390,3,41,4100
FR,D05391,6391,4,42,4200
HU,D05392,6392,5,43,4300
NL,D05393,6393,6,44,4400
DE,D05394,6394,7,45,4500
FR,D05395,6395,8,46,4600
HU,D05396,6396,9,47,4700
NL,D05397,6397,10,48,4800
DE,D05398,6398,11,49,4900
FR,D05399,6399,12,50,5000
HU,D05400,6400,1,1,100
NL,D05401,6401,2,2,200
DE,D05402,6402,3,3,300
FR,D05403,6403,4,4,400
HU,D05404,6404,5,5,500
NL,D05405,6405,6,6,600
DE,D05406,6406,7,7,700
FR,D05407,6407,8,8,800
HU,D05408,6408,9,9,900
NL,D05409,6409,10,10,1000
DE,D05410,6410,11,11,1100
FR,D05411,6411,12,12,1200
HU,D05412,6412,1,13,1300
NL,D05413,6413,2,14,1400
DE,D05414,6414,3,15,1500
FR,D05415,6415,4,16,1600
HU,D05416,6416,5,17,1700
NL,D05417,6417,6,18,1800
DE,D05418,6418,7,19,1900
FR,D05419,6419,8,20,2000
HU,D05420,6420,9,21,2100
NL,D05421,6421,10,22,2200
DE,D05422,6422,11,23,2300
FR,D05423,6423,12,24,2400
HU,D05424,6424,1,25,2500
NL,D05425,6425,2,26,2600
DE,D05426,6426,3,27,2700
FR,D05427,6427,4,28,2800
HU,D05428,6428,5,29,2900
NL,D05429,6429,6,30,3000
DE,D05430,6430,7,31,3100
FR,D05431,6431,8,32,3200
HU,D05432,6432,9,33,3300
NL,D05433,6433,10,34,3400
DE,D05434,6434,11,35,3500
FR,D05435,6435,12,36,3600
HU,D05436,6436,1,37,3700
NL,D05437,6437,2,38,3800
DE,D05438,6438,3,39,3900
FR,D05439,6439,4,40,4000
HU,D05440,6440,5,41,4100
NL,D05441,6441,6,42,4200
DE,D05442,6442,7,43,4300
FR,D05443,6443,8,44,4400
HU,D05444,6444,9,45,4500
NL,D05445,6445,10,46,4600
DE,D05446,6446,11,47,4700
FR,D05447,6447,12,48,4800
HU,D05448,6448,1,49,4900
NL,D05449,6449,2,50,5000
DE,D05450,6450,3,1,100
FR,D05451,6451,4,2,200
HU,D05452,6452,5,3,300
NL,D05453,6453,6,4,400
DE,D05454,6454,7,5,500
FR,D05455,6455,8,6,600
HU,D05456,6456,9,7,700
NL,D05457,6457,10,8,800
DE,D05458,6458,11,9,900
FR,D05459,6459,12,10,1000
HU,D05460,6460,1,11,1100
NL,D05461,6461,2,12,1200
DE,D05462,6462,3,13,1300
FR,D05463,6463,4,14,1400
HU,D05464,6464,5,15,1500
NL,D05465,6465,6,16,1600
DE,D05466,6466,7,17,1700
FR,D05467,6467,8,18,1800
HU,D05468,6468,9,19,1900
NL,D05469,6469,10,20,2000
DE,D05470,6470,11,21,2100
FR,D05471,6471,12,22,2200
HU,D05472,6472,1,23,2300
NL,D05473,6473,2,24,2400
DE,D05474,6474,3,25,2500
FR,D05475,6475,4,26,2600
HU,D05476,6476,5,27,2700
NL,D05477,6477,6,28,2800
DE,D05478,6478,7,29,2900
FR,D05479,6479,8,30,3000
HU,D05480,6480,9,31,3100
NL,D05481,6481,10,32,3200
DE,D05482,6482,11,33,3300
FR,D05483,6483,12,34,3400
HU,D05484,6484,1,35,3500
NL,D05485,6485,2,36,3600
DE,D05486,6486,3,37,3700
FR,D05487,6487,4,38,3800
HU,D05488,6488,5,39,3900
NL,D05489,6489,6,40,4000
DE,D05490,6490,7,41,4100
FR,D05491,6491,8,42,4200
HU,D05492,6492,9,43,4300
NL,D05493,6493,10,44,4400
DE,D05494,6494,11,45,4500
FR,D05495,6495,12,46,4600
HU,D05496,6496,1,47,4700
NL,D05497,6497,2,48,4800
DE,D05498,6498,3,49,4900
FR,D05499,6499,4,50,5000
HU,D05500,6500,5,1,100
NL,D05501,6501,6,2,200
DE,D05502,6502,7,3,300
FR,D05503,6503,8,4,400
HU,D05504,6504,9,5,500
NL,D05505,6505,10,6,600
DE,D05506,6506,11,7,700
FR,D05507,6507,12,8,800
HU,D05508,6508,1,9,900
NL,D05509,6509,2,10,1000
DE,D05510,6510,3,11,1100
FR,D05511,6511,4,12,1200
HU,D05512,6512,5,13,1300
NL,D05513,6513,6,14,1400
DE,D05514,6514,7,15,1500
FR,D05515,6515,8,16,1600
HU,D05516,6516,9,17,1700
NL,D05517,6517,10,18,1800
DE,D05518,6518,11,19,1900
FR,D05519,6519,12,20,2000
HU,D05520,6520,1,21,2100
NL,D05521,6521,2,22,2200
DE,D05522,6522,3,23,2300
FR,D05523,6523,4,24,2400
HU,D05524,6524,5,25,2500
NL,D05525,6525,6,26,2600
DE,D05526,6526,7,27,2700
FR,D05527,6527,8,28,2800
HU,D05528,6528,9,29,2900
NL,D05529,6529,10,30,3000
DE,D05530,6530,11,31,3100
FR,D05531,6531,12,32,3200
HU,D05532,6532,1,33,3300
NL,D05533,6533,2,34,3400
DE,D05534,6534,3,35,3500
FR,D05535,6535,4,36,3600
HU,D05536,6536,5,37,3700
NL,D05537,6537,6,38,3800
DE,D05538,6538,7,39,3900
FR,D05539,6539,8,40,4000
HU,D05540,6540,9,41,4100
NL,D05541,6541,10,42,4200
DE,D05542,6542,11,43,4300
FR,D05543,6543,12,44,4400
HU,D05544,6544,1,45,4500
NL,D05545,6545,2,46,4600
DE,D05546,6546,3,47,4700
FR,D05547,6547,4,48,4800
HU,D05548,6548,5,49,4900
NL,D05549,6549,6,50,5000
DE,D05550,6550,7,1,100
FR,D05551,6551,8,2,200
HU,D05552,6552,9,3,300
NL,D05553,6553,10,4,400
DE,D05554,6554,11,5,500
FR,D05555,6555,12,6,600
HU,D05556,6556,1,7,700
NL,D05557,6557,2,8,800
DE,D05558,6558,3,9,900
FR,D05559,6559,4,10,1000
HU,D05560,6560,5,11,1100
NL,D05561,6561,6,12,1200
DE,D05562,6562,7,13,1300
FR,D05563,6563,8,14,1400
HU,D05564,6564,9,15,1500
NL,D05565,6565,10,16,1600
DE,D05566,6566,11,17,1700
FR,D05567,6567,12,18,1800
HU,D05568,6568,1,19,1900
NL,D05569,6569,2,20,2000
DE,D05570,6570,3,21,2100
FR,D05571,6571,4,22,2200
HU,D05572,6572,5,23,2300
NL,D05573,6573,6,24,2400
DE,D05574,6574,7,25,2500
FR,D05575,6575,8,26,2600
HU,D05576,6576,9,27,2700
NL,D05577,6577,10,28,2800
DE,D05578,6578,11,29,2900
FR,D05579,6579,12,30,3000
HU,D05580,6580,1,31,3100
NL,D05581,6581,2,32,3200
DE,D05582,6582,3,33,3300
FR,D05583,6583,4,34,3400
HU,D05584,6584,5,35,3500
NL,D05585,6585,6,36,3600
DE,D05586,6586,7,37,3700
FR,D05587,6587,8,38,3800
HU,D05588,6588,9,39,3900
NL,D05589,6589,10,40,4000
DE,D05590,6590,11,41,4100
FR,D05591,6591,12,42,4200
HU,D05592,6592,1,43,4300
NL,D05593,6593,2,44,4400
DE,D05594,6594,3,45,4500
FR,D05595,6595,4,46,4600
HU,D05596,6596,5,47,4700
NL,D05597,6597,6,48,4800
DE,D05598,6598,7,49,4900
FR,D05599,6599,8,50,5000
HU,D05600,6600,9,1,100
NL,D05601,6601,10,2,200
DE,D05602,6602,11,3,300
FR,D05603,6603,12,4,400
HU,D05604,6604,1,5,500
NL,D05605,6605,2,6,600
DE,D05606,6606,3,7,700
FR,D05607,6607,4,8,800
HU,D05608,6608,5,9,900
NL,D05609,6609,6,10,1000
DE,D05610,6610,7,11,1100
FR,D05611,6611,8,12,1200
HU,D05612,6612,9,13,1300
NL,D05613,6613,10,14,1400
DE,D05614,6614,11,15,1500
FR,D05615,6615,12,16,1600
HU,D05616,6616,1,17,1700
NL,D05617,6617,2,18,1800
DE,D05618,6618,3,19,1900
FR,D05619,6619,4,20,2000
HU,D05620,6620,5,21,2100
NL,D05621,6621,6,22,2200
DE,D05622,6622,7,23,2300
FR,D05623,6623,8,24,2400
HU,D05624,6624,9,25,2500
NL,D05625,6625,10,26,2600
DE,D05626,6626,11,27,2700
FR,D05627,6627,12,28,2800
HU,D05628,6628,1,29,2900
NL,D05629,6629,2,30,3000
DE,D05630,6630,3,31,3100
FR,D05631,6631,4,32,3200
HU,D05632,6632,5,33,3300
NL,D05633,6633,6,34,3400
DE,D05634,6634,7,35,3500
FR,D05635,6635,8,36,3600
HU,D05636,6636,9,37,3700
NL,D05637,6637,10,38,3800
DE,D05638,6638,11,39,3900
FR,D05639,6639,12,40,4000
HU,D05640,6640,1,41,4100
NL,D05641,6641,2,42,4200
DE,D05642,6642,3,43,4300
FR,D05643,6643,4,44,4400
HU,D05644,6644,5,45,4500
NL,D05645,6645,6,46,4600
DE,D05646,6646,7,47,4700
FR,D05647,6647,8,48,4800
HU,D05648,6648,9,49,4900
NL,D05649,6649,10,50,5000
DE,D05650,6650,11,1,100
FR,D05651,6651,12,2,200
HU,D05652,6652,1,3,300
NL,D05653,6653,2,4,400
DE,D05654,6654,3,5,500
FR,D05655,6655,4,6,600
HU,D05656,6656,5,7,700
NL,D05657,6657,6,8,800
DE,D05658,6658,7,9,900
FR,D05659,6659,8,10,1000
HU,D05660,6660,9,11,1100
NL,D05661,6661,10,12,1200
DE,D05662,6662,11,13,1300
FR,D05663,6663,12,14,1400
HU,D05664,6664,1,15,1500
NL,D05665,6665,2,16,1600
DE,D05666,6666,3,17,1700
FR,D05667,6667,4,18,1800
HU,D05668,6668,5,19,1900
NL,D05669,6669,6,20,2000
DE,D05670,6670,7,21,2100
FR,D05671,6671,8,22,2200
HU,D05672,6672,9,23,2300
NL,D05673,6673,10,24,2400
DE,D05674,6674,11,25,2500
FR,D05675,6675,12,26,2600
HU,D05676,6676,1,27,2700
NL,D05677,6677,2,28,2800
DE,D05678,6678,3,29,2900
FR,D05679,6679,4,30,3000
HU,D05680,6680,5,31,3100
NL,D05681,6681,6,32,3200
DE,D05682,6682,7,33,3300
FR,D05683,6683,8,34,3400
HU,D05684,6684,9,35,3500
NL,D05685,6685,10,36,3600
DE,D05686,6686,11,37,3700
FR,D05687,6687,12,38,3800
HU,D05688,6688,1,39,3900
NL,D05689,6689,2,40,4000
DE,D05690,6690,3,41,4100
FR,D05691,6691,4,42,4200
HU,D05692,6692,5,43,4300
NL,D05693,6693,6,44,4400
DE,D05694,6694,7,45,4500
FR,D05695,6695,8,46,4600
HU,D05696,6696,9,47,4700
NL,D05697,6697,10,48,4800
DE,D05698,6698,11,49,4900
FR,D05699,6699,12,50,5000
HU,D05700,6700,1,1,100
NL,D05701,6701,2,2,200
DE,D05702,6702,3,3,300
FR,D05703,6703,4,4,400
HU,D05704,6704,5,5,500
NL,D05705,6705,6,6,600
DE,D05706,6706,7,7,700
FR,D05707,6707,8,8,800
HU,D05708,6708,9,9,900
NL,D05709,6709,10,10,1000
DE,D05710,6710,11,11,1100
FR,D05711,6711,12,12,1200
HU,D05712,6712,1,13,1300
NL,D05713,6713,2,14,1400
DE,D05714,6714,3,15,1500
FR,D05715,6715,4,16,1600
HU,D05716,6716,5,17,1700
NL,D05717,6717,6,18,1800
DE,D05718,6718,7,19,1900
FR,D05719,6719,8,20,2000
HU,D05720,6720,9,21,2100
NL,D05721,6721,10,22,2200
DE,D05722,6722,11,23,2300
FR,D05723,6723,12,24,2400
HU,D05724,6724,1,25,2500
NL,D05725,6725,2,26,2600
DE,D05726,6726,3,27,2700
FR,D05727,6727,4,28,2800
HU,D05728,6728,5,29,2900
NL,D05729,6729,6,30,3000
DE,D05730,6730,7,31,3100
FR,D05731,6731,8,32,3200
HU,D05732,6732,9,33,3300
NL,D05733,6733,10,34,3400
DE,D05734,6734,11,35,3500
FR,D05735,6735,12,36,3600
HU,D05736,6736,1,37,3700
NL,D05737,6737,2,38,3800
DE,D05738,6738,3,39,3900
FR,D05739,6739,4,40,4000
HU,D05740,6740,5,41,4100
NL,D05741,6741,6,42,4200
DE,D05742,6742,7,43,4300
FR,D05743,6743,8,44,4400
HU,D05744,6744,9,45,4500
NL,D05745,6745,10,46,4600
DE,D05746,6746,11,47,4700
FR,D05747,6747,12,48,4800
HU,D05748,6748,1,49,4900
NL,D05749,6749,2,50,5000
DE,D05750,6750,3,1,100
FR,D05751,6751,4,2,200
HU,D05752,6752,5,3,300
NL,D05753,6753,6,4,400
DE,D05754,6754,7,5,500
FR,D05755,6755,8,6,600
HU,D05756,6756,9,7,700
NL,D05757,6757,10,8,800
DE,D05758,6758,11,9,900
FR,D05759,6759,12,10,1000
HU,D05760,6760,1,11,1100
NL,D05761,6761,2,12,1200
DE,D05762,6762,3,13,1300
FR,D05763,6763,4,14,1400
HU,D05764,6764,5,15,1500
NL,D05765,6765,6,16,1600
DE,D05766,6766,7,17,1700
FR,D05767,6767,8,18,1800
HU,D05768,6768,9,19,1900
NL,D05769,6769,10,20,2000
DE,D05770,6770,11,21,2100
FR,D05771,6771,12,22,2200
HU,D05772,6772,1,23,2300
NL,D05773,6773,2,24,2400
DE,D05774,6774,3,25,2500
FR,D05775,6775,4,26,2600
HU,D05776,6776,5,27,2700
NL,D05777,6777,6,28,2800
DE,D05778,6778,7,29,2900
FR,D05779,6779,8,30,3000
HU,D05780,6780,9,31,3100
NL,D05781,6781,10,32,3200
DE,D05782,6782,11,33,3300
FR,D05783,6783,12,34,3400
HU,D05784,6784,1,35,3500
NL,D05785,6785,2,36,3600
DE,D05786,6786,3,37,3700
FR,D05787,6787,4,38,3800
HU,D05788,6788,5,39,3900
NL,D05789,6789,6,40,4000
DE,D05790,6790,7,41,4100
FR,D05791,6791,8,42,4200
HU,D05792,6792,9,43,4300
NL,D05793,6793,10,44,4400
DE,D05794,6794,11,45,4500
FR,D05795,6795,12,46,4600
HU,D05796,6796,1,47,4700
NL,D05797,6797,2,48,4800
DE,D05798,6798,3,49,4900
FR,D05799,6799,4,50,5000
HU,D05800,6800,5,1,100
NL,D05801,6801,6,2,200
DE,D05802,6802,7,3,300
FR,D05803,6803,8,4,400
HU,D05804,6804,9,5,500
NL,D05805,6805,10,6,600
DE,D05806,6806,11,7,700
FR,D05807,6807,12,8,800
HU,D05808,6808,1,9,900
NL,D05809,6809,2,10,1000
DE,D05810,6810,3,11,1100
FR,D05811,6811,4,12,1200
HU,D05812,6812,5,13,1300
NL,D05813,6813,6,14,1400
DE,D05814,6814,7,15,1500
FR,D05815,6815,8,16,1600
HU,D05816,6816,9,17,1700
NL,D05817,6817,10,18,1800
DE,D05818,6818,11,19,1900
FR,D05819,6819,12,20,2000
HU,D05820,6820,1,21,2100
NL,D05821,6821,2,22,2200
DE,D05822,6822,3,23,2300
FR,D05823,6823,4,24,2400
HU,D05824,6824,5,25,2500
NL,D05825,6825,6,26,2600
DE,D05826,6826,7,27,2700
FR,D05827,6827,8,28,2800
HU,D05828,6828,9,29,2900
NL,D05829,6829,10,30,3000
DE,D05830,6830,11,31,3100
FR,D05831,6831,12,32,3200
HU,D05832,6832,1,33,3300
NL,D05833,6833,2,34,3400
DE,D05834,6834,3,35,3500
FR,D05835,6835,4,36,3600
HU,D05836,6836,5,37,3700
NL,D05837,6837,6,38,3800
DE,D05838,6838,7,39,3900
FR,D05839,6839,8,40,4000
HU,D05840,6840,9,41,4100
NL,D05841,6841,10,42,4200
DE,D05842,6842,11,43,4300
FR,D05843,6843,12,44,4400
HU,D05844,6844,1,45,4500
NL,D05845,6845,2,46,4600
DE,D05846,6846,3,47,4700
FR,D05847,6847,4,48,4800
HU,D05848,6848,5,49,4900
NL,D05849,6849,6,50,5000
DE,D05850,6850,7,1,100
FR,D05851,6851,8,2,200
HU,D05852,6852,9,3,300
NL,D05853,6853,10,4,400
DE,D05854,6854,11,5,500
FR,D05855,6855,12,6,600
HU,D05856,6856,1,7,700
NL,D05857,6857,2,8,800
DE,D05858,6858,3,9,900
FR,D05859,6859,4,10,1000
HU,D05860,6860,5,11,1100
NL,D05861,6861,6,12,1200
DE,D05862,6862,7,13,1300
FR,D05863,6863,8,14,1400
HU,D05864,6864,9,15,1500
NL,D05865,6865,10,16,1600
DE,D05866,6866,11,17,1700
FR,D05867,6867,12,18,1800
HU,D05868,6868,1,19,1900
NL,D05869,6869,2,20,2000
DE,D05870,6870,3,21,2100
FR,D05871,6871,4,22,2200
HU,D05872,6872,5,23,2300
NL,D05873,6873,6,24,2400
DE,D05874,6874,7,25,2500
FR,D05875,6875,8,26,2600
HU,D05876,6876,9,27,2700
NL,D05877,6877,10,28,2800
DE,D05878,6878,11,29,2900
FR,D05879,6879,12,30,3000
HU,D05880,6880,1,31,3100
NL,D05881,6881,2,32,3200
DE,D05882,6882,3,33,3300
FR,D05883,6883,4,34,3400
HU,D05884,6884,5,35,3500
NL,D05885,6885,6,36,3600
DE,D05886,6886,7,37,3700
FR,D05887,6887,8,38,3800
HU,D05888,6888,9,39,3900
NL,D05889,6889,10,40,4000
DE,D05890,6890,11,41,4100
FR,D05891,6891,12,42,4200
HU,D05892,6892,1,43,4300
NL,D05893,6893,2,44,4400
DE,D05894,6894,3,45,4500
FR,D05895,6895,4,46,4600
HU,D05896,6896,5,47,4700
NL,D05897,6897,6,48,4800
DE,D05898,6898,7,49,4900
FR,D05899,6899,8,50,5000
HU,D05900,6900,9,1,100
NL,D05901,6901,10,2,200
DE,D05902,6902,11,3,300
FR,D05903,6903,12,4,400
HU,D05904,6904,1,5,500
NL,D05905,6905,2,6,600
DE,D05906,6906,3,7,700
FR,D05907,6907,4,8,800
HU,D05908,6908,5,9,900
NL,D05909,6909,6,10,1000
DE,D05910,6910,7,11,1100
FR,D05911,6911,8,12,1200
HU,D05912,6912,9,13,1300
NL,D05913,6913,10,14,1400
DE,D05914,6914,11,15,1500
FR,D05915,6915,12,16,1600
HU,D05916,6916,1,17,1700
NL,D05917,6917,2,18,1800
DE,D05918,6918,3,19,1900
FR,D05919,6919,4,20,2000
HU,D05920,6920,5,21,2100
NL,D05921,6921,6,22,2200
DE,D05922,6922,7,23,2300
FR,D05923,6923,8,24,2400
HU,D05924,6924,9,25,2500
NL,D05925,6925,10,26,2600
DE,D05926,6926,11,27,2700
FR,D05927,6927,12,28,2800
HU,D05928,6928,1,29,2900
NL,D05929,6929,2,30,3000
DE,D05930,6930,3,31,3100
FR,D05931,6931,4,32,3200
HU,D05932,6932,5,33,3300
NL,D05933,6933,6,34,3400
DE,D05934,6934,7,35,3500
FR,D05935,6935,8,36,3600
HU,D05936,6936,9,37,3700
NL,D05937,6937,10,38,3800
DE,D05938,6938,11,39,3900
FR,D05939,6939,12,40,4000
HU,D05940,6940,1,41,4100
NL,D05941,6941,2,42,4200
DE,D05942,6942,3,43,4300
FR,D05943,6943,4,44,4400
HU,D05944,6944,5,45,4500
NL,D05945,6945,6,46,4600
DE,D05946,6946,7,47,4700
FR,D05947,6947,8,48,4800
HU,D05948,6948,9,49,4900
NL,D05949,6949,10,50,5000
DE,D05950,6950,11,1,100
FR,D05951,6951,12,2,200
HU,D05952,6952,1,3,300
NL,D05953,6953,2,4,400
DE,D05954,6954,3,5,500
FR,D05955,6955,4,6,600
HU,D05956,6956,5,7,700
NL,D05957,6957,6,8,800
DE,D05958,6958,7,9,900
FR,D05959,6959,8,10,1000
HU,D05960,6960,9,11,1100
NL,D05961,6961,10,12,1200
DE,D05962,6962,11,13,1300
FR,D05963,6963,12,14,1400
HU,D05964,6964,1,15,1500
NL,D05965,6965,2,16,1600
DE,D05966,6966,3,17,1700
FR,D05967,6967,4,18,1800
HU,D05968,6968,5,19,1900
NL,D05969,6969,6,20,2000
DE,D05970,6970,7,21,2100
FR,D05971,6971,8,22,2200
HU,D05972,6972,9,23,2300
NL,D05973,6973,10,24,2400
DE,D05974,6974,11,25,2500
FR,D05975,6975,12,26,2600
HU,D05976,6976,1,27,2700
NL,D05977,6977,2,28,2800
DE,D05978,6978,3,29,2900
FR,D05979,6979,4,30,3000
HU,D05980,6980,5,31,3100
NL,D05981,6981,6,32,3200
DE,D05982,6982,7,33,3300
FR,D05983,6983,8,34,3400
HU,D05984,6984,9,35,3500
NL,D05985,6985,10,36,3600
DE,D05986,6986,11,37,3700
FR,D05987,6987,12,38,3800
HU,D05988,6988,1,39,3900
NL,D05989,6989,2,40,4000
DE,D05990,6990,3,41,4100
FR,D05991,6991,4,42,4200
HU,D05992,6992,5,43,4300
NL,D05993,6993,6,44,4400
DE,D05994,6994,7,45,4500
FR,D05995,6995,8,46,4600
HU,D05996,6996,9,47,4700
NL,D05997,6997,10,48,4800
DE,D05998,6998,11,49,4900
FR,D05999,6999,12,50,5000
HU,D06000,7000,1,1,100
NL,D06001,7001,2,2,200
DE,D06002,7002,3,3,300
FR,D06003,7003,4,4,400
HU,D06004,7004,5,5,500
NL,D06005,7005,6,6,600
DE,D06006,7006,7,7,700
FR,D06007,7007,8,8,800
HU,D06008,7008,9,9,900
NL,D06009,7009,10,10,1000
DE,D06010,7010,11,11,1100
FR,D06011,7011,12,12,1200
HU,D06012,7012,1,13,1300
NL,D06013,7013,2,14,1400
DE,D06014,7014,3,15,1500
FR,D06015,7015,4,16,1600
HU,D06016,7016,5,17,1700
NL,D06017,7017,6,18,1800
DE,D06018,7018,7,19,1900
FR,D06019,7019,8,20,2000
HU,D06020,7020,9,21,2100
NL,D06021,7021,10,22,2200
DE,D06022,7022,11,23,2300
FR,D06023,7023,12,24,2400
HU,D06024,7024,1,25,2500
NL,D06025,7025,2,26,2600
DE,D06026,7026,3,27,2700
FR,D06027,7027,4,28,2800
HU,D06028,7028,5,29,2900
NL,D06029,7029,6,30,3000
DE,D06030,7030,7,31,3100
FR,D06031,7031,8,32,3200
HU,D06032,7032,9,33,3300
NL,D06033,7033,10,34,3400
DE,D06034,7034,11,35,3500
FR,D06035,7035,12,36,3600
HU,D06036,7036,1,37,3700
NL,D06037,7037,2,38,3800
DE,D06038,7038,3,39,3900
FR,D06039,7039,4,40,4000
HU,D06040,7040,5,41,4100
NL,D06041,7041,6,42,4200
DE,D06042,7042,7,43,4300
FR,D06043,7043,8,44,4400
HU,D06044,7044,9,45,4500
NL,D06045,7045,10,46,4600
DE,D06046,7046,11,47,4700
FR,D06047,7047,12,48,4800
HU,D06048,7048,1,49,4900
NL,D06049,7049,2,50,5000
DE,D06050,7050,3,1,100
FR,D06051,7051,4,2,200
HU,D06052,7052,5,3,300
NL,D06053,7053,6,4,400
DE,D06054,7054,7,5,500
FR,D06055,7055,8,6,600
HU,D06056,7056,9,7,700
NL,D06057,7057,10,8,800
DE,D06058,7058,11,9,900
FR,D06059,7059,12,10,1000
HU,D06060,7060,1,11,1100
NL,D06061,7061,2,12,1200
DE,D06062,7062,3,13,1300
FR,D06063,7063,4,14,1400
HU,D06064,7064,5,15,1500
NL,D06065,7065,6,16,1600
DE,D06066,7066,7,17,1700
FR,D06067,7067,8,18,1800
HU,D06068,7068,9,19,1900
NL,D06069,7069,10,20,2000
DE,D06070,7070,11,21,2100
FR,D06071,7071,12,22,2200
HU,D06072,7072,1,23,2300
NL,D06073,7073,2,24,2400
DE,D06074,7074,3,25,2500
FR,D06075,7075,4,26,2600
HU,D06076,7076,5,27,2700
NL,D06077,7077,6,28,2800
DE,D06078,7078,7,29,2900
FR,D06079,7079,8,30,3000
HU,D06080,7080,9,31,3100
NL,D06081,7081,10,32,3200
DE,D06082,7082,11,33,3300
FR,D06083,7083,12,34,3400
HU,D06084,7084,1,35,3500
NL,D06085,7085,2,36,3600
DE,D06086,7086,3,37,3700
FR,D06087,7087,4,38,3800
HU,D06088,7088,5,39,3900
NL,D06089,7089,6,40,4000
DE,D06090,7090,7,41,4100
FR,D06091,7091,8,42,4200
HU,D06092,7092,9,43,4300
NL,D06093,7093,10,44,4400
DE,D06094,7094,11,45,4500
FR,D06095,7095,12,46,4600
HU,D06096,7096,1,47,4700
NL,D06097,7097,2,48,4800
DE,D06098,7098,3,49,4900
FR,D06099,7099,4,50,5000
HU,D06100,7100,5,1,100
NL,D06101,7101,6,2,200
DE,D06102,7102,7,3,300
FR,D06103,7103,8,4,400
HU,D06104,7104,9,5,500
NL,D06105,7105,10,6,600
DE,D06106,7106,11,7,700
FR,D06107,7107,12,8,800
HU,D06108,7108,1,9,900
NL,D06109,7109,2,10,1000
DE,D06110,7110,3,11,1100
FR,D06111,7111,4,12,1200
HU,D06112,7112,5,13,1300
NL,D06113,7113,6,14,1400
DE,D06114,7114,7,15,1500
FR,D06115,7115,8,16,1600
HU,D06116,7116,9,17,1700
NL,D06117,7117,10,18,1800
DE,D06118,7118,11,19,1900
FR,D06119,7119,12,20,2000
HU,D06120,7120,1,21,2100
NL,D06121,7121,2,22,2200
DE,D06122,7122,3,23,2300
FR,D06123,7123,4,24,2400
HU,D06124,7124,5,25,2500
NL,D06125,7125,6,26,2600
DE,D06126,7126,7,27,2700
FR,D06127,7127,8,28,2800
HU,D06128,7128,9,29,2900
NL,D06129,7129,10,30,3000
DE,D06130,7130,11,31,3100
FR,D06131,7131,12,32,3200
HU,D06132,7132,1,33,3300
NL,D06133,7133,2,34,3400
DE,D06134,7134,3,35,3500
FR,D06135,7135,4,36,3600
HU,D06136,7136,5,37,3700
NL,D06137,7137,6,38,3800
DE,D06138,7138,7,39,3900
FR,D06139,7139,8,40,4000
HU,D06140,7140,9,41,4100
NL,D06141,7141,10,42,4200
DE,D06142,7142,11,43,4300
FR,D06143,7143,12,44,4400
HU,D06144,7144,1,45,4500
NL,D06145,7145,2,46,4600
DE,D06146,7146,3,47,4700
FR,D06147,7147,4,48,4800
HU,D06148,7148,5,49,4900
NL,D06149,7149,6,50,5000
DE,D06150,7150,7,1,100
FR,D06151,7151,8,2,200
HU,D06152,7152,9,3,300
NL,D06153,7153,10,4,400
DE,D06154,7154,11,5,500
FR,D06155,7155,12,6,600
HU,D06156,7156,1,7,700
NL,D06157,7157,2,8,800
DE,D06158,7158,3,9,900
FR,D06159,7159,4,10,1000
HU,D06160,7160,5,11,1100
NL,D06161,7161,6,12,1200
DE,D06162,7162,7,13,1300
FR,D06163,7163,8,14,1400
HU,D06164,7164,9,15,1500
NL,D06165,7165,10,16,1600
DE,D06166,7166,11,17,1700
FR,D06167,7167,12,18,1800
HU,D06168,7168,1,19,1900
NL,D06169,7169,2,20,2000
DE,D06170,7170,3,21,2100
FR,D06171,7171,4,22,2200
HU,D06172,7172,5,23,2300
NL,D06173,7173,6,24,2400
DE,D06174,7174,7,25,2500
FR,D06175,7175,8,26,2600
HU,D06176,7176,9,27,2700
NL,D06177,7177,10,28,2800
DE,D06178,7178,11,29,2900
FR,D06179,7179,12,30,3000
HU,D06180,7180,1,31,3100
NL,D06181,7181,2,32,3200
DE,D06182,7182,3,33,3300
FR,D06183,7183,4,34,3400
HU,D06184,7184,5,35,3500
NL,D06185,7185,6,36,3600
DE,D06186,7186,7,37,3700
FR,D06187,7187,8,38,3800
HU,D06188,7188,9,39,3900
NL,D06189,7189,10,40,4000
DE,D06190,7190,11,41,4100
FR,D06191,7191,12,42,4200
HU,D06192,7192,1,43,4300
NL,D06193,7193,2,44,4400
DE,D06194,7194,3,45,4500
FR,D06195,7195,4,46,4600
HU,D06196,7196,5,47,4700
NL,D06197,7197,6,48,4800
DE,D06198,7198,7,49,4900
FR,D06199,7199,8,50,5000
HU,D06200,7200,9,1,100
NL,D06201,7201,10,2,200
DE,D06202,7202,11,3,300
FR,D06203,7203,12,4,400
HU,D06204,7204,1,5,500
NL,D06205,7205,2,6,600
DE,D06206,7206,3,7,700
FR,D06207,7207,4,8,800
HU,D06208,7208,5,9,900
NL,D06209,7209,6,10,1000
DE,D06210,7210,7,11,1100
FR,D06211,7211,8,12,1200
HU,D06212,7212,9,13,1300
NL,D06213,7213,10,14,1400
DE,D06214,7214,11,15,1500
FR,D06215,7215,12,16,1600
HU,D06216,7216,1,17,1700
NL,D06217,7217,2,18,1800
DE,D06218,7218,3,19,1900
FR,D06219,7219,4,20,2000
HU,D06220,7220,5,21,2100
NL,D06221,7221,6,22,2200
DE,D06222,7222,7,23,2300
FR,D06223,7223,8,24,2400
HU,D06224,7224,9,25,2500
NL,D06225,7225,10,26,2600
DE,D06226,7226,11,27,2700
FR,D06227,7227,12,28,2800
HU,D06228,7228,1,29,2900
NL,D06229,7229,2,30,3000
DE,D06230,7230,3,31,3100
FR,D06231,7231,4,32,3200
HU,D06232,7232,5,33,3300
NL,D06233,7233,6,34,3400
DE,D06234,7234,7,35,3500
FR,D06235,7235,8,36,3600
HU,D06236,7236,9,37,3700
NL,D06237,7237,10,38,3800
DE,D06238,7238,11,39,3900
FR,D06239,7239,12,40,4000
HU,D06240,7240,1,41,4100
NL,D06241,7241,2,42,4200
DE,D06242,7242,3,43,4300
FR,D06243,7243,4,44,4400
HU,D06244,7244,5,45,4500
NL,D06245,7245,6,46,4600
DE,D06246,7246,7,47,4700
FR,D06247,7247,8,48,4800
HU,D06248,7248,9,49,4900
NL,D06249,7249,10,50,5000
DE,D06250,7250,11,1,100
FR,D06251,7251,12,2,200
HU,D06252,7252,1,3,300
NL,D06253,7253,2,4,400
DE,D06254,7254,3,5,500
FR,D06255,7255,4,6,600
HU,D06256,7256,5,7,700
NL,D06257,7257,6,8,800
DE,D06258,7258,7,9,900
FR,D06259,7259,8,10,1000
HU,D06260,7260,9,11,1100
NL,D06261,7261,10,12,1200
DE,D06262,7262,11,13,1300
FR,D06263,7263,12,14,1400
HU,D06264,7264,1,15,1500
NL,D06265,7265,2,16,1600
DE,D06266,7266,3,17,1700
FR,D06267,7267,4,18,1800
HU,D06268,7268,5,19,1900
NL,D06269,7269,6,20,2000
DE,D06270,7270,7,21,2100
FR,D06271,7271,8,22,2200
HU,D06272,7272,9,23,2300
NL,D06273,7273,10,24,2400
DE,D06274,7274,11,25,2500
FR,D06275,7275,12,26,2600
HU,D06276,7276,1,27,2700
NL,D06277,7277,2,28,2800
DE,D06278,7278,3,29,2900
FR,D06279,7279,4,30,3000
HU,D06280,7280,5,31,3100
NL,D06281,7281,6,32,3200
DE,D06282,7282,7,33,3300
FR,D06283,7283,8,34,3400
HU,D06284,7284,9,35,3500
NL,D06285,7285,10,36,3600
DE,D06286,7286,11,37,3700
FR,D06287,7287,12,38,3800
HU,D06288,7288,1,39,3900
NL,D06289,7289,2,40,4000
DE,D06290,7290,3,41,4100
FR,D06291,7291,4,42,4200
HU,D06292,7292,5,43,4300
NL,D06293,7293,6,44,4400
DE,D06294,7294,7,45,4500
FR,D06295,7295,8,46,4600
HU,D06296,7296,9,47,4700
NL,D06297,7297,10,48,4800
DE,D06298,7298,11,49,4900
FR,D06299,7299,12,50,5000
HU,D06300,7300,1,1,100
NL,D06301,7301,2,2,200
DE,D06302,7302,3,3,300
FR,D06303,7303,4,4,400
HU,D06304,7304,5,5,500
NL,D06305,7305,6,6,600
DE,D06306,7306,7,7,700
FR,D06307,7307,8,8,800
HU,D06308,7308,9,9,900
NL,D06309,7309,10,10,1000
DE,D06310,7310,11,11,1100
FR,D06311,7311,12,12,1200
HU,D06312,7312,1,13,1300
NL,D06313,7313,2,14,1400
DE,D06314,7314,3,15,1500
FR,D06315,7315,4,16,1600
HU,D06316,7316,5,17,1700
NL,D06317,7317,6,18,1800
DE,D06318,7318,7,19,1900
FR,D06319,7319,8,20,2000
HU,D06320,7320,9,21,2100
NL,D06321,7321,10,22,2200
DE,D06322,7322,11,23,2300
FR,D06323,7323,12,24,2400
HU,D06324,7324,1,25,2500
NL,D06325,7325,2,26,2600
DE,D06326,7326,3,27,2700
FR,D06327,7327,4,28,2800
HU,D06328,7328,5,29,2900
NL,D06329,7329,6,30,3000
DE,D06330,7330,7,31,3100
FR,D06331,7331,8,32,3200
HU,D06332,7332,9,33,3300
NL,D06333,7333,10,34,3400
DE,D06334,7334,11,35,3500
FR,D06335,7335,12,36,3600
HU,D06336,7336,1,37,3700
NL,D06337,7337,2,38,3800
DE,D06338,7338,3,39,3900
FR,D06339,7339,4,40,4000
HU,D06340,7340,5,41,4100
NL,D06341,7341,6,42,4200
DE,D06342,7342,7,43,4300
FR,D06343,7343,8,44,4400
HU,D06344,7344,9,45,4500
NL,D06345,7345,10,46,4600
DE,D06346,7346,11,47,4700
FR,D06347,7347,12,48,4800
HU,D06348,7348,1,49,4900
NL,D06349,7349,2,50,5000
DE,D06350,7350,3,1,100
FR,D06351,7351,4,2,200
HU,D06352,7352,5,3,300
NL,D06353,7353,6,4,400
DE,D06354,7354,7,5,500
FR,D06355,7355,8,6,600
HU,D06356,7356,9,7,700
NL,D06357,7357,10,8,800
DE,D06358,7358,11,9,900
FR,D06359,7359,12,10,1000
HU,D06360,7360,1,11,1100
NL,D06361,7361,2,12,1200
DE,D06362,7362,3,13,1300
FR,D06363,7363,4,14,1400
HU,D06364,7364,5,15,1500
NL,D06365,7365,6,16,1600
DE,D06366,7366,7,17,1700
FR,D06367,7367,8,18,1800
HU,D06368,7368,9,19,1900
NL,D06369,7369,10,20,2000
DE,D06370,7370,11,21,2100
FR,D06371,7371,12,22,2200
HU,D06372,7372,1,23,2300
NL,D06373,7373,2,24,2400
DE,D06374,7374,3,25,2500
FR,D06375,7375,4,26,2600
HU,D06376,7376,5,27,2700
NL,D06377,7377,6,28,2800
DE,D06378,7378,7,29,2900
FR,D06379,7379,8,30,3000
HU,D06380,7380,9,31,3100
NL,D06381,7381,10,32,3200
DE,D06382,7382,11,33,3300
FR,D06383,7383,12,34,3400
HU,D06384,7384,1,35,3500
NL,D06385,7385,2,36,3600
DE,D06386,7386,3,37,3700
FR,D06387,7387,4,38,3800
HU,D06388,7388,5,39,3900
NL,D06389,7389,6,40,4000
DE,D06390,7390,7,41,4100
FR,D06391,7391,8,42,4200
HU,D06392,7392,9,43,4300
NL,D06393,7393,10,44,4400
DE,D06394,7394,11,45,4500
FR,D06395,7395,12,46,4600
HU,D06396,7396,1,47,4700
NL,D06397,7397,2,48,4800
DE,D06398,7398,3,49,4900
FR,D06399,7399,4,50,5000
HU,D06400,7400,5,1,100
NL,D06401,7401,6,2,200
DE,D06402,7402,7,3,300
FR,D06403,7403,8,4,400
HU,D06404,7404,9,5,500
NL,D06405,7405,10,6,600
DE,D06406,7406,11,7,700
FR,D06407,7407,12,8,800
HU,D06408,7408,1,9,900
NL,D06409,7409,2,10,1000
DE,D06410,7410,3,11,1100
FR,D06411,7411,4,12,1200
HU,D06412,7412,5,13,1300
NL,D06413,7413,6,14,1400
DE,D06414,7414,7,15,1500
FR,D06415,7415,8,16,1600
HU,D06416,7416,9,17,1700
NL,D06417,7417,10,18,1800
DE,D06418,7418,11,19,1900
FR,D06419,7419,12,20,2000
HU,D06420,7420,1,21,2100
NL,D06421,7421,2,22,2200
DE,D06422,7422,3,23,2300
FR,D06423,7423,4,24,2400
HU,D06424,7424,5,25,2500
NL,D06425,7425,6,26,2600
DE,D06426,7426,7,27,2700
FR,D06427,7427,8,28,2800
HU,D06428,7428,9,29,2900
NL,D06429,7429,10,30,3000
DE,D06430,7430,11,31,3100
FR,D06431,7431,12,32,3200
HU,D06432,7432,1,33,3300
NL,D06433,7433,2,34,3400
DE,D06434,7434,3,35,3500
FR,D06435,7435,4,36,3600
HU,D06436,7436,5,37,3700
NL,D06437,7437,6,38,3800
DE,D06438,7438,7,39,3900
FR,D06439,7439,8,40,4000
HU,D06440,7440,9,41,4100
NL,D06441,7441,10,42,4200
DE,D06442,7442,11,43,4300
FR,D06443,7443,12,44,4400
HU,D06444,7444,1,45,4500
NL,D06445,7445,2,46,4600
DE,D06446,7446,3,47,4700
FR,D06447,7447,4,48,4800
HU,D06448,7448,5,49,4900
NL,D06449,7449,6,50,5000
DE,D06450,7450,7,1,100
FR,D06451,7451,8,2,200
HU,D06452,7452,9,3,300
NL,D06453,7453,10,4,400
DE,D06454,7454,11,5,500
FR,D06455,7455,12,6,600
HU,D06456,7456,1,7,700
NL,D06457,7457,2,8,800
DE,D06458,7458,3,9,900
FR,D06459,7459,4,10,1000
HU,D06460,7460,5,11,1100
NL,D06461,7461,6,12,1200
DE,D06462,7462,7,13,1300
FR,D06463,7463,8,14,1400
HU,D06464,7464,9,15,1500
NL,D06465,7465,10,16,1600
DE,D06466,7466,11,17,1700
FR,D06467,7467,12,18,1800
HU,D06468,7468,1,19,1900
NL,D06469,7469,2,20,2000
DE,D06470,7470,3,21,2100
FR,D06471,7471,4,22,2200
HU,D06472,7472,5,23,2300
NL,D06473,7473,6,24,2400
DE,D06474,7474,7,25,2500
FR,D06475,7475,8,26,2600
HU,D06476,7476,9,27,2700
NL,D06477,7477,10,28,2800
DE,D06478,7478,11,29,2900
FR,D06479,7479,12,30,3000
HU,D06480,7480,1,31,3100
NL,D06481,7481,2,32,3200
DE,D06482,7482,3,33,3300
FR,D06483,7483,4,34,3400
HU,D06484,7484,5,35,3500
NL,D06485,7485,6,36,3600
DE,D06486,7486,7,37,3700
FR,D06487,7487,8,38,3800
HU,D06488,7488,9,39,3900
NL,D06489,7489,10,40,4000
DE,D06490,7490,11,41,4100
FR,D06491,7491,12,42,4200
HU,D06492,7492,1,43,4300
NL,D06493,7493,2,44,4400
DE,D06494,7494,3,45,4500
FR,D06495,7495,4,46,4600
HU,D06496,7496,5,47,4700
NL,D06497,7497,6,48,4800
DE,D06498,7498,7,49,4900
FR,D06499,7499,8,50,5000
HU,D06500,7500,9,1,100
NL,D06501,7501,10,2,200
DE,D06502,7502,11,3,300
FR,D06503,7503,12,4,400
HU,D06504,7504,1,5,500
NL,D06505,7505,2,6,600
DE,D06506,7506,3,7,700
FR,D06507,7507,4,8,800
HU,D06508,7508,5,9,900
NL,D06509,7509,6,10,1000
DE,D06510,7510,7,11,1100
FR,D06511,7511,8,12,1200
HU,D06512,7512,9,13,1300
NL,D06513,7513,10,14,1400
DE,D06514,7514,11,15,1500
FR,D06515,7515,12,16,1600
HU,D06516,7516,1,17,1700
NL,D06517,7517,2,18,1800
DE,D06518,7518,3,19,1900
FR,D06519,7519,4,20,2000
HU,D06520,7520,5,21,2100
NL,D06521,7521,6,22,2200
DE,D06522,7522,7,23,2300
FR,D06523,7523,8,24,2400
HU,D06524,7524,9,25,2500
NL,D06525,7525,10,26,2600
DE,D06526,7526,11,27,2700
FR,D06527,7527,12,28,2800
HU,D06528,7528,1,29,2900
NL,D06529,7529,2,30,3000
DE,D06530,7530,3,31,3100
FR,D06531,7531,4,32,3200
HU,D06532,7532,5,33,3300
NL,D06533,7533,6,34,3400
DE,D06534,7534,7,35,3500
FR,D06535,7535,8,36,3600
HU,D06536,7536,9,37,3700
NL,D06537,7537,10,38,3800
DE,D06538,7538,11,39,3900
FR,D06539,7539,12,40,4000
HU,D06540,7540,1,41,4100
NL,D06541,7541,2,42,4200
DE,D06542,7542,3,43,4300
FR,D06543,7543,4,44,4400
HU,D06544,7544,5,45,4500
NL,D06545,7545,6,46,4600
DE,D06546,7546,7,47,4700
FR,D06547,7547,8,48,4800
HU,D06548,7548,9,49,4900
NL,D06549,7549,10,50,5000
DE,D06550,7550,11,1,100
FR,D06551,7551,12,2,200
HU,D06552,7552,1,3,300
NL,D06553,7553,2,4,400
DE,D06554,7554,3,5,500
FR,D06555,7555,4,6,600
HU,D06556,7556,5,7,700
NL,D06557,7557,6,8,800
DE,D06558,7558,7,9,900
FR,D06559,7559,8,10,1000
HU,D06560,7560,9,11,1100
NL,D06561,7561,10,12,1200
DE,D06562,7562,11,13,1300
FR,D06563,7563,12,14,1400
HU,D06564,7564,1,15,1500
NL,D06565,7565,2,16,1600
DE,D06566,7566,3,17,1700
FR,D06567,7567,4,18,1800
HU,D06568,7568,5,19,1900
NL,D06569,7569,6,20,2000
DE,D06570,7570,7,21,2100
FR,D06571,7571,8,22,2200
HU,D06572,7572,9,23,2300
NL,D06573,7573,10,24,2400
DE,D06574,7574,11,25,2500
FR,D06575,7575,12,26,2600
HU,D06576,7576,1,27,2700
NL,D06577,7577,2,28,2800
DE,D06578,7578,3,29,2900
FR,D06579,7579,4,30,3000
HU,D06580,7580,5,31,3100
NL,D06581,7581,6,32,3200
DE,D06582,7582,7,33,3300
FR,D06583,7583,8,34,3400
HU,D06584,7584,9,35,3500
NL,D06585,7585,10,36,3600
DE,D06586,7586,11,37,3700
FR,D06587,7587,12,38,3800
HU,D06588,7588,1,39,3900
NL,D06589,7589,2,40,4000
DE,D06590,7590,3,41,4100
FR,D06591,7591,4,42,4200
HU,D06592,7592,5,43,4300
NL,D06593,7593,6,44,4400
DE,D06594,7594,7,45,4500
FR,D06595,7595,8,46,4600
HU,D06596,7596,9,47,4700
NL,D06597,7597,10,48,4800
DE,D06598,7598,11,49,4900
FR,D06599,7599,12,50,5000
HU,D06600,7600,1,1,100
NL,D06601,7601,2,2,200
DE,D06602,7602,3,3,300
FR,D06603,7603,4,4,400
HU,D06604,7604,5,5,500
NL,D06605,7605,6,6,600
DE,D06606,7606,7,7,700
FR,D06607,7607,8,8,800
HU,D06608,7608,9,9,900
NL,D06609,7609,10,10,1000
DE,D06610,7610,11,11,1100
FR,D06611,7611,12,12,1200
HU,D06612,7612,1,13,1300
NL,D06613,7613,2,14,1400
DE,D06614,7614,3,15,1500
FR,D06615,7615,4,16,1600
HU,D06616,7616,5,17,1700
NL,D06617,7617,6,18,1800
DE,D06618,7618,7,19,1900
FR,D06619,7619,8,20,2000
HU,D06620,7620,9,21,2100
NL,D06621,7621,10,22,2200
DE,D06622,7622,11,23,2300
FR,D06623,7623,12,24,2400
HU,D06624,7624,1,25,2500
NL,D06625,7625,2,26,2600
DE,D06626,7626,3,27,2700
FR,D06627,7627,4,28,2800
HU,D06628,7628,5,29,2900
NL,D06629,7629,6,30,3000
DE,D06630,7630,7,31,3100
FR,D06631,7631,8,32,3200
HU,D06632,7632,9,33,3300
NL,D06633,7633,10,34,3400
DE,D06634,7634,11,35,3500
FR,D06635,7635,12,36,3600
HU,D06636,7636,1,37,3700
NL,D06637,7637,2,38,3800
DE,D06638,7638,3,39,3900
FR,D06639,7639,4,40,4000
HU,D06640,7640,5,41,4100
NL,D06641,7641,6,42,4200
DE,D06642,7642,7,43,4300
FR,D06643,7643,8,44,4400
HU,D06644,7644,9,45,4500
NL,D06645,7645,10,46,4600
DE,D06646,7646,11,47,4700
FR,D06647,7647,12,48,4800
HU,D06648,7648,1,49,4900
NL,D06649,7649,2,50,5000
DE,D06650,7650,3,1,100
FR,D06651,7651,4,2,200
HU,D06652,7652,5,3,300
NL,D06653,7653,6,4,400
DE,D06654,7654,7,5,500
FR,D06655,7655,8,6,600
HU,D06656,7656,9,7,700
NL,D06657,7657,10,8,800
DE,D06658,7658,11,9,900
FR,D06659,7659,12,10,1000
HU,D06660,7660,1,11,1100
NL,D06661,7661,2,12,1200
DE,D06662,7662,3,13,1300
FR,D06663,7663,4,14,1400
HU,D06664,7664,5,15,1500
NL,D06665,7665,6,16,1600
DE,D06666,7666,7,17,1700
FR,D06667,7667,8,18,1800
HU,D06668,7668,9,19,1900
NL,D06669,7669,10,20,2000
DE,D06670,7670,11,21,2100
FR,D06671,7671,12,22,2200
HU,D06672,7672,1,23,2300
NL,D06673,7673,2,24,2400
DE,D06674,7674,3,25,2500
FR,D06675,7675,4,26,2600
HU,D06676,7676,5,27,2700
NL,D06677,7677,6,28,2800
DE,D06678,7678,7,29,2900
FR,D06679,7679,8,30,3000
HU,D06680,7680,9,31,3100
NL,D06681,7681,10,32,3200
DE,D06682,7682,11,33,3300
FR,D06683,7683,12,34,3400
HU,D06684,7684,1,35,3500
NL,D06685,7685,2,36,3600
DE,D06686,7686,3,37,3700
FR,D06687,7687,4,38,3800
HU,D06688,7688,5,39,3900
NL,D06689,7689,6,40,4000
DE,D06690,7690,7,41,4100
FR,D06691,7691,8,42,4200
HU,D06692,7692,9,43,4300
NL,D06693,7693,10,44,4400
DE,D06694,7694,11,45,4500
FR,D06695,7695,12,46,4600
HU,D06696,7696,1,47,4700
NL,D06697,7697,2,48,4800
DE,D06698,7698,3,49,4900
FR,D06699,7699,4,50,5000
HU,D06700,7700,5,1,100
NL,D06701,7701,6,2,200
DE,D06702,7702,7,3,300
FR,D06703,7703,8,4,400
HU,D06704,7704,9,5,500
NL,D06705,7705,10,6,600
DE,D06706,7706,11,7,700
FR,D06707,7707,12,8,800
HU,D06708,7708,1,9,900
NL,D06709,7709,2,10,1000
DE,D06710,7710,3,11,1100
FR,D06711,7711,4,12,1200
HU,D06712,7712,5,13,1300
NL,D06713,7713,6,14,1400
DE,D06714,7714,7,15,1500
FR,D06715,7715,8,16,1600
HU,D06716,7716,9,17,1700
NL,D06717,7717,10,18,1800
DE,D06718,7718,11,19,1900
FR,D06719,7719,12,20,2000
HU,D06720,7720,1,21,2100
NL,D06721,7721,2,22,2200
DE,D06722,7722,3,23,2300
FR,D06723,7723,4,24,2400
HU,D06724,7724,5,25,2500
NL,D06725,7725,6,26,2600
DE,D06726,7726,7,27,2700
FR,D06727,7727,8,28,2800
HU,D06728,7728,9,29,2900
NL,D06729,7729,10,30,3000
DE,D06730,7730,11,31,3100
FR,D06731,7731,12,32,3200
HU,D06732,7732,1,33,3300
NL,D06733,7733,2,34,3400
DE,D06734,7734,3,35,3500
FR,D06735,7735,4,36,3600
HU,D06736,7736,5,37,3700
NL,D06737,7737,6,38,3800
DE,D06738,7738,7,39,3900
FR,D06739,7739,8,40,4000
HU,D06740,7740,9,41,4100
NL,D06741,7741,10,42,4200
DE,D06742,7742,11,43,4300
FR,D06743,7743,12,44,4400
HU,D06744,7744,1,45,4500
NL,D06745,7745,2,46,4600
DE,D06746,7746,3,47,4700
FR,D06747,7747,4,48,4800
HU,D06748,7748,5,49,4900
NL,D06749,7749,6,50,5000
DE,D06750,7750,7,1,100
FR,D06751,7751,8,2,200
HU,D06752,7752,9,3,300
NL,D06753,7753,10,4,400
DE,D06754,7754,11,5,500
FR,D06755,7755,12,6,600
HU,D06756,7756,1,7,700
NL,D06757,7757,2,8,800
DE,D06758,7758,3,9,900
FR,D06759,7759,4,10,1000
HU,D06760,7760,5,11,1100
NL,D06761,7761,6,12,1200
DE,D06762,7762,7,13,1300
FR,D06763,7763,8,14,1400
HU,D06764,7764,9,15,1500
NL,D06765,7765,10,16,1600
DE,D06766,7766,11,17,1700
FR,D06767,7767,12,18,1800
HU,D06768,7768,1,19,1900
NL,D06769,7769,2,20,2000
DE,D06770,7770,3,21,2100
FR,D06771,7771,4,22,2200
HU,D06772,7772,5,23,2300
NL,D06773,7773,6,24,2400
DE,D06774,7774,7,25,2500
FR,D06775,7775,8,26,2600
HU,D06776,7776,9,27,2700
NL,D06777,7777,10,28,2800
DE,D06778,7778,11,29,2900
FR,D06779,7779,12,30,3000
HU,D06780,7780,1,31,3100
NL,D06781,7781,2,32,3200
DE,D06782,7782,3,33,3300
FR,D06783,7783,4,34,3400
HU,D06784,7784,5,35,3500
NL,D06785,7785,6,36,3600
DE,D06786,7786,7,37,3700
FR,D06787,7787,8,38,3800
HU,D06788,7788,9,39,3900
NL,D06789,7789,10,40,4000
DE,D06790,7790,11,41,4100
FR,D06791,7791,12,42,4200
HU,D06792,7792,1,43,4300
NL,D06793,7793,2,44,4400
DE,D06794,7794,3,45,4500
FR,D06795,7795,4,46,4600
HU,D06796,7796,5,47,4700
NL,D06797,7797,6,48,4800
DE,D06798,7798,7,49,4900
FR,D06799,7799,8,50,5000
HU,D06800,7800,9,1,100
NL,D06801,7801,10,2,200
DE,D06802,7802,11,3,300
FR,D06803,7803,12,4,400
HU,D06804,7804,1,5,500
NL,D06805,7805,2,6,600
DE,D06806,7806,3,7,700
FR,D06807,7807,4,8,800
HU,D06808,7808,5,9,900
NL,D06809,7809,6,10,1000
DE,D06810,7810,7,11,1100
FR,D06811,7811,8,12,1200
HU,D06812,7812,9,13,1300
NL,D06813,7813,10,14,1400
DE,D06814,7814,11,15,1500
FR,D06815,7815,12,16,1600
HU,D06816,7816,1,17,1700
NL,D06817,7817,2,18,1800
DE,D06818,7818,3,19,1900
FR,D06819,7819,4,20,2000
HU,D06820,7820,5,21,2100
NL,D06821,7821,6,22,2200
DE,D06822,7822,7,23,2300
FR,D06823,7823,8,24,2400
HU,D06824,7824,9,25,2500
NL,D06825,7825,10,26,2600
DE,D06826,7826,11,27,2700
FR,D06827,7827,12,28,2800
HU,D06828,7828,1,29,2900
NL,D06829,7829,2,30,3000
DE,D06830,7830,3,31,3100
FR,D06831,7831,4,32,3200
HU,D06832,7832,5,33,3300
NL,D06833,7833,6,34,3400
DE,D06834,7834,7,35,3500
FR,D06835,7835,8,36,3600
HU,D06836,7836,9,37,3700
NL,D06837,7837,10,38,3800
DE,D06838,7838,11,39,3900
FR,D06839,7839,12,40,4000
HU,D06840,7840,1,41,4100
NL,D06841,7841,2,42,4200
DE,D06842,7842,3,43,4300
FR,D06843,7843,4,44,4400
HU,D06844,7844,5,45,4500
NL,D06845,7845,6,46,4600
DE,D06846,7846,7,47,4700
FR,D06847,7847,8,48,4800
HU,D06848,7848,9,49,4900
NL,D06849,7849,10,50,5000
DE,D06850,7850,11,1,100
FR,D06851,7851,12,2,200
HU,D06852,7852,1,3,300
NL,D06853,7853,2,4,400
DE,D06854,7854,3,5,500
FR,D06855,7855,4,6,600
HU,D06856,7856,5,7,700
NL,D06857,7857,6,8,800
DE,D06858,7858,7,9,900
FR,D06859,7859,8,10,1000
HU,D06860,7860,9,11,1100
NL,D06861,7861,10,12,1200
DE,D06862,7862,11,13,1300
FR,D06863,7863,12,14,1400
HU,D06864,7864,1,15,1500
NL,D06865,7865,2,16,1600
DE,D06866,7866,3,17,1700
FR,D06867,7867,4,18,1800
HU,D06868,7868,5,19,1900
NL,D06869,7869,6,20,2000
DE,D06870,7870,7,21,2100
FR,D06871,7871,8,22,2200
HU,D06872,7872,9,23,2300
NL,D06873,7873,10,24,2400
DE,D06874,7874,11,25,2500
FR,D06875,7875,12,26,2600
HU,D06876,7876,1,27,2700
NL,D06877,7877,2,28,2800
DE,D06878,7878,3,29,2900
FR,D06879,7879,4,30,3000
HU,D06880,7880,5,31,3100
NL,D06881,7881,6,32,3200
DE,D06882,7882,7,33,3300
FR,D06883,7883,8,34,3400
HU,D06884,7884,9,35,3500
NL,D06885,7885,10,36,3600
DE,D06886,7886,11,37,3700
FR,D06887,7887,12,38,3800
HU,D06888,7888,1,39,3900
NL,D06889,7889,2,40,4000
DE,D06890,7890,3,41,4100
FR,D06891,7891,4,42,4200
HU,D06892,7892,5,43,4300
NL,D06893,7893,6,44,4400
DE,D06894,7894,7,45,4500
FR,D06895,7895,8,46,4600
HU,D06896,7896,9,47,4700
NL,D06897,7897,10,48,4800
DE,D06898,7898,11,49,4900
FR,D06899,7899,12,50,5000
HU,D06900,7900,1,1,100
NL,D06901,7901,2,2,200
DE,D06902,7902,3,3,300
FR,D06903,7903,4,4,400
HU,D06904,7904,5,5,500
NL,D06905,7905,6,6,600
DE,D06906,7906,7,7,700
FR,D06907,7907,8,8,800
HU,D06908,7908,9,9,900
NL,D06909,7909,10,10,1000
DE,D06910,7910,11,11,1100
FR,D06911,7911,12,12,1200
HU,D06912,7912,1,13,1300
NL,D06913,7913,2,14,1400
DE,D06914,7914,3,15,1500
FR,D06915,7915,4,16,1600
HU,D06916,7916,5,17,1700
NL,D06917,7917,6,18,1800
DE,D06918,7918,7,19,1900
FR,D06919,7919,8,20,2000
HU,D06920,7920,9,21,2100
NL,D06921,7921,10,22,2200
DE,D06922,7922,11,23,2300
FR,D06923,7923,12,24,2400
HU,D06924,7924,1,25,2500
NL,D06925,7925,2,26,2600
DE,D06926,7926,3,27,2700
FR,D06927,7927,4,28,2800
HU,D06928,7928,5,29,2900
NL,D06929,7929,6,30,3000
DE,D06930,7930,7,31,3100
FR,D06931,7931,8,32,3200
HU,D06932,7932,9,33,3300
NL,D06933,7933,10,34,3400
DE,D06934,7934,11,35,3500
FR,D06935,7935,12,36,3600
HU,D06936,7936,1,37,3700
NL,D06937,7937,2,38,3800
DE,D06938,7938,3,39,3900
FR,D06939,7939,4,40,4000
HU,D06940,7940,5,41,4100
NL,D06941,7941,6,42,4200
DE,D06942,7942,7,43,4300
FR,D06943,7943,8,44,4400
HU,D06944,7944,9,45,4500
NL,D06945,7945,10,46,4600
DE,D06946,7946,11,47,4700
FR,D06947,7947,12,48,4800
HU,D06948,7948,1,49,4900
NL,D06949,7949,2,50,5000
DE,D06950,7950,3,1,100
FR,D06951,7951,4,2,200
HU,D06952,7952,5,3,300
NL,D06953,7953,6,4,400
DE,D06954,7954,7,5,500
FR,D06955,7955,8,6,600
HU,D06956,7956,9,7,700
NL,D06957,7957,10,8,800
DE,D06958,7958,11,9,900
FR,D06959,7959,12,10,1000
HU,D06960,7960,1,11,1100
NL,D06961,7961,2,12,1200
DE,D06962,7962,3,13,1300
FR,D06963,7963,4,14,1400
HU,D06964,7964,5,15,1500
NL,D06965,7965,6,16,1600
DE,D06966,7966,7,17,1700
FR,D06967,7967,8,18,1800
HU,D06968,7968,9,19,1900
NL,D06969,7969,10,20,2000
DE,D06970,7970,11,21,2100
FR,D06971,7971,12,22,2200
HU,D06972,7972,1,23,2300
NL,D06973,7973,2,24,2400
DE,D06974,7974,3,25,2500
FR,D06975,7975,4,26,2600
HU,D06976,7976,5,27,2700
NL,D06977,7977,6,28,2800
DE,D06978,7978,7,29,2900
FR,D06979,7979,8,30,3000
HU,D06980,7980,9,31,3100
NL,D06981,7981,10,32,3200
DE,D06982,7982,11,33,3300
FR,D06983,7983,12,34,3400
HU,D06984,7984,1,35,3500
NL,D06985,7985,2,36,3600
DE,D06986,7986,3,37,3700
FR,D06987,7987,4,38,3800
HU,D06988,7988,5,39,3900
NL,D06989,7989,6,40,4000
DE,D06990,7990,7,41,4100
FR,D06991,7991,8,42,4200
HU,D06992,7992,9,43,4300
NL,D06993,7993,10,44,4400
DE,D06994,7994,11,45,4500
FR,D06995,7995,12,46,4600
HU,D06996,7996,1,47,4700
NL,D06997,7997,2,48,4800
DE,D06998,7998,3,49,4900
FR,D06999,7999,4,50,5000
HU,D07000,8000,5,1,100
NL,D07001,8001,6,2,200
DE,D07002,8002,7,3,300
FR,D07003,8003,8,4,400
HU,D07004,8004,9,5,500
NL,D07005,8005,10,6,600
DE,D07006,8006,11,7,700
FR,D07007,8007,12,8,800
HU,D07008,8008,1,9,900
NL,D07009,8009,2,10,1000
DE,D07010,8010,3,11,1100
FR,D07011,8011,4,12,1200
HU,D07012,8012,5,13,1300
NL,D07013,8013,6,14,1400
DE,D07014,8014,7,15,1500
FR,D07015,8015,8,16,1600
HU,D07016,8016,9,17,1700
NL,D07017,8017,10,18,1800
DE,D07018,8018,11,19,1900
FR,D07019,8019,12,20,2000
HU,D07020,8020,1,21,2100
NL,D07021,8021,2,22,2200
DE,D07022,8022,3,23,2300
FR,D07023,8023,4,24,2400
HU,D07024,8024,5,25,2500
NL,D07025,8025,6,26,2600
DE,D07026,8026,7,27,2700
FR,D07027,8027,8,28,2800
HU,D07028,8028,9,29,2900
NL,D07029,8029,10,30,3000
DE,D07030,8030,11,31,3100
FR,D07031,8031,12,32,3200
HU,D07032,8032,1,33,3300
NL,D07033,8033,2,34,3400
DE,D07034,8034,3,35,3500
FR,D07035,8035,4,36,3600
HU,D07036,8036,5,37,3700
NL,D07037,8037,6,38,3800
DE,D07038,8038,7,39,3900
FR,D07039,8039,8,40,4000
HU,D07040,8040,9,41,4100
NL,D07041,8041,10,42,4200
DE,D07042,8042,11,43,4300
FR,D07043,8043,12,44,4400
HU,D07044,8044,1,45,4500
NL,D07045,8045,2,46,4600
DE,D07046,8046,3,47,4700
FR,D07047,8047,4,48,4800
HU,D07048,8048,5,49,4900
NL,D07049,8049,6,50,5000
DE,D07050,8050,7,1,100
FR,D07051,8051,8,2,200
HU,D07052,8052,9,3,300
NL,D07053,8053,10,4,400
DE,D07054,8054,11,5,500
FR,D07055,8055,12,6,600
HU,D07056,8056,1,7,700
NL,D07057,8057,2,8,800
DE,D07058,8058,3,9,900
FR,D07059,8059,4,10,1000
HU,D07060,8060,5,11,1100
NL,D07061,8061,6,12,1200
DE,D07062,8062,7,13,1300
FR,D07063,8063,8,14,1400
HU,D07064,8064,9,15,1500
NL,D07065,8065,10,16,1600
DE,D07066,8066,11,17,1700
FR,D07067,8067,12,18,1800
HU,D07068,8068,1,19,1900
NL,D07069,8069,2,20,2000
DE,D07070,8070,3,21,2100
FR,D07071,8071,4,22,2200
HU,D07072,8072,5,23,2300
NL,D07073,8073,6,24,2400
DE,D07074,8074,7,25,2500
FR,D07075,8075,8,26,2600
HU,D07076,8076,9,27,2700
NL,D07077,8077,10,28,2800
DE,D07078,8078,11,29,2900
FR,D07079,8079,12,30,3000
HU,D07080,8080,1,31,3100
NL,D07081,8081,2,32,3200
DE,D07082,8082,3,33,3300
FR,D07083,8083,4,34,3400
HU,D07084,8084,5,35,3500
NL,D07085,8085,6,36,3600
DE,D07086,8086,7,37,3700
FR,D07087,8087,8,38,3800
HU,D07088,8088,9,39,3900
NL,D07089,8089,10,40,4000
DE,D07090,8090,11,41,4100
FR,D07091,8091,12,42,4200
HU,D07092,8092,1,43,4300
NL,D07093,8093,2,44,4400
DE,D07094,8094,3,45,4500
FR,D07095,8095,4,46,4600
HU,D07096,8096,5,47,4700
NL,D07097,8097,6,48,4800
DE,D07098,8098,7,49,4900
FR,D07099,8099,8,50,5000
HU,D07100,8100,9,1,100
NL,D07101,8101,10,2,200
DE,D07102,8102,11,3,300
FR,D07103,8103,12,4,400
HU,D07104,8104,1,5,500
NL,D07105,8105,2,6,600
DE,D07106,8106,3,7,700
FR,D07107,8107,4,8,800
HU,D07108,8108,5,9,900
NL,D07109,8109,6,10,1000
DE,D07110,8110,7,11,1100
FR,D07111,8111,8,12,1200
HU,D07112,8112,9,13,1300
NL,D07113,8113,10,14,1400
DE,D07114,8114,11,15,1500
FR,D07115,8115,12,16,1600
HU,D07116,8116,1,17,1700
NL,D07117,8117,2,18,1800
DE,D07118,8118,3,19,1900
FR,D07119,8119,4,20,2000
HU,D07120,8120,5,21,2100
NL,D07121,8121,6,22,2200
DE,D07122,8122,7,23,2300
FR,D07123,8123,8,24,2400
HU,D07124,8124,9,25,2500
NL,D07125,8125,10,26,2600
DE,D07126,8126,11,27,2700
FR,D07127,8127,12,28,2800
HU,D07128,8128,1,29,2900
NL,D07129,8129,2,30,3000
DE,D07130,8130,3,31,3100
FR,D07131,8131,4,32,3200
HU,D07132,8132,5,33,3300
NL,D07133,8133,6,34,3400
DE,D07134,8134,7,35,3500
FR,D07135,8135,8,36,3600
HU,D07136,8136,9,37,3700
NL,D07137,8137,10,38,3800
DE,D07138,8138,11,39,3900
FR,D07139,8139,12,40,4000
HU,D07140,8140,1,41,4100
NL,D07141,8141,2,42,4200
DE,D07142,8142,3,43,4300
FR,D07143,8143,4,44,4400
HU,D07144,8144,5,45,4500
NL,D07145,8145,6,46,4600
DE,D07146,8146,7,47,4700
FR,D07147,8147,8,48,4800
HU,D07148,8148,9,49,4900
NL,D07149,8149,10,50,5000
DE,D07150,8150,11,1,100
FR,D07151,8151,12,2,200
HU,D07152,8152,1,3,300
NL,D07153,8153,2,4,400
DE,D07154,8154,3,5,500
FR,D07155,8155,4,6,600
HU,D07156,8156,5,7,700
NL,D07157,8157,6,8,800
DE,D07158,8158,7,9,900
FR,D07159,8159,8,10,1000
HU,D07160,8160,9,11,1100
NL,D07161,8161,10,12,1200
DE,D07162,8162,11,13,1300
FR,D07163,8163,12,14,1400
HU,D07164,8164,1,15,1500
NL,D07165,8165,2,16,1600
DE,D07166,8166,3,17,1700
FR,D07167,8167,4,18,1800
HU,D07168,8168,5,19,1900
NL,D07169,8169,6,20,2000
DE,D07170,8170,7,21,2100
FR,D07171,8171,8,22,2200
HU,D07172,8172,9,23,2300
NL,D07173,8173,10,24,2400
DE,D07174,8174,11,25,2500
FR,D07175,8175,12,26,2600
HU,D07176,8176,1,27,2700
NL,D07177,8177,2,28,2800
DE,D07178,8178,3,29,2900
FR,D07179,8179,4,30,3000
HU,D07180,8180,5,31,3100
NL,D07181,8181,6,32,3200
DE,D07182,8182,7,33,3300
FR,D07183,8183,8,34,3400
HU,D07184,8184,9,35,3500
NL,D07185,8185,10,36,3600
DE,D07186,8186,11,37,3700
FR,D07187,8187,12,38,3800
HU,D07188,8188,1,39,3900
NL,D07189,8189,2,40,4000
DE,D07190,8190,3,41,4100
FR,D07191,8191,4,42,4200
HU,D07192,8192,5,43,4300
NL,D07193,8193,6,44,4400
DE,D07194,8194,7,45,4500
FR,D07195,8195,8,46,4600
HU,D07196,8196,9,47,4700
NL,D07197,8197,10,48,4800
DE,D07198,8198,11,49,4900
FR,D07199,8199,12,50,5000
HU,D07200,8200,1,1,100
NL,D07201,8201,2,2,200
DE,D07202,8202,3,3,300
FR,D07203,8203,4,4,400
HU,D07204,8204,5,5,500
NL,D07205,8205,6,6,600
DE,D07206,8206,7,7,700
FR,D07207,8207,8,8,800
HU,D07208,8208,9,9,900
NL,D07209,8209,10,10,1000
DE,D07210,8210,11,11,1100
FR,D07211,8211,12,12,1200
HU,D07212,8212,1,13,1300
NL,D07213,8213,2,14,1400
DE,D07214,8214,3,15,1500
FR,D07215,8215,4,16,1600
HU,D07216,8216,5,17,1700
NL,D07217,8217,6,18,1800
DE,D07218,8218,7,19,1900
FR,D07219,8219,8,20,2000
HU,D07220,8220,9,21,2100
NL,D07221,8221,10,22,2200
DE,D07222,8222,11,23,2300
FR,D07223,8223,12,24,2400
HU,D07224,8224,1,25,2500
NL,D07225,8225,2,26,2600
DE,D07226,8226,3,27,2700
FR,D07227,8227,4,28,2800
HU,D07228,8228,5,29,2900
NL,D07229,8229,6,30,3000
DE,D07230,8230,7,31,3100
FR,D07231,8231,8,32,3200
HU,D07232,8232,9,33,3300
NL,D07233,8233,10,34,3400
DE,D07234,8234,11,35,3500
FR,D07235,8235,12,36,3600
HU,D07236,8236,1,37,3700
NL,D07237,8237,2,38,3800
DE,D07238,8238,3,39,3900
FR,D07239,8239,4,40,4000
HU,D07240,8240,5,41,4100
NL,D07241,8241,6,42,4200
DE,D07242,8242,7,43,4300
FR,D07243,8243,8,44,4400
HU,D07244,8244,9,45,4500
NL,D07245,8245,10,46,4600
DE,D07246,8246,11,47,4700
FR,D07247,8247,12,48,4800
HU,D07248,8248,1,49,4900
NL,D07249,8249,2,50,5000
DE,D07250,8250,3,1,100
FR,D07251,8251,4,2,200
HU,D07252,8252,5,3,300
NL,D07253,8253,6,4,400
DE,D07254,8254,7,5,500
FR,D07255,8255,8,6,600
HU,D07256,8256,9,7,700
NL,D07257,8257,10,8,800
DE,D07258,8258,11,9,900
FR,D07259,8259,12,10,1000
HU,D07260,8260,1,11,1100
NL,D07261,8261,2,12,1200
DE,D07262,8262,3,13,1300
FR,D07263,8263,4,14,1400
HU,D07264,8264,5,15,1500
NL,D07265,8265,6,16,1600
DE,D07266,8266,7,17,1700
FR,D07267,8267,8,18,1800
HU,D07268,8268,9,19,1900
NL,D07269,8269,10,20,2000
DE,D07270,8270,11,21,2100
FR,D07271,8271,12,22,2200
HU,D07272,8272,1,23,2300
NL,D07273,8273,2,24,2400
DE,D07274,8274,3,25,2500
FR,D07275,8275,4,26,2600
HU,D07276,8276,5,27,2700
NL,D07277,8277,6,28,2800
DE,D07278,8278,7,29,2900
FR,D07279,8279,8,30,3000
HU,D07280,8280,9,31,3100
NL,D07281,8281,10,32,3200
DE,D07282,8282,11,33,3300
FR,D07283,8283,12,34,3400
HU,D07284,8284,1,35,3500
NL,D07285,8285,2,36,3600
DE,D07286,8286,3,37,3700
FR,D07287,8287,4,38,3800
HU,D07288,8288,5,39,3900
NL,D07289,8289,6,40,4000
DE,D07290,8290,7,41,4100
FR,D07291,8291,8,42,4200
HU,D07292,8292,9,43,4300
NL,D07293,8293,10,44,4400
DE,D07294,8294,11,45,4500
FR,D07295,8295,12,46,4600
HU,D07296,8296,1,47,4700
NL,D07297,8297,2,48,4800
DE,D07298,8298,3,49,4900
FR,D07299,8299,4,50,5000
HU,D07300,8300,5,1,100
NL,D07301,8301,6,2,200
DE,D07302,8302,7,3,300
FR,D07303,8303,8,4,400
HU,D07304,8304,9,5,500
NL,D07305,8305,10,6,600
DE,D07306,8306,11,7,700
FR,D07307,8307,12,8,800
HU,D07308,8308,1,9,900
NL,D07309,8309,2,10,1000
DE,D07310,8310,3,11,1100
FR,D07311,8311,4,12,1200
HU,D07312,8312,5,13,1300
NL,D07313,8313,6,14,1400
DE,D07314,8314,7,15,1500
FR,D07315,8315,8,16,1600
HU,D07316,8316,9,17,1700
NL,D07317,8317,10,18,1800
DE,D07318,8318,11,19,1900
FR,D07319,8319,12,20,2000
HU,D07320,8320,1,21,2100
NL,D07321,8321,2,22,2200
DE,D07322,8322,3,23,2300
FR,D07323,8323,4,24,2400
HU,D07324,8324,5,25,2500
NL,D07325,8325,6,26,2600
DE,D07326,8326,7,27,2700
FR,D07327,8327,8,28,2800
HU,D07328,8328,9,29,2900
NL,D07329,8329,10,30,3000
DE,D07330,8330,11,31,3100
FR,D07331,8331,12,32,3200
HU,D07332,8332,1,33,3300
NL,D07333,8333,2,34,3400
DE,D07334,8334,3,35,3500
FR,D07335,8335,4,36,3600
HU,D07336,8336,5,37,3700
NL,D07337,8337,6,38,3800
DE,D07338,8338,7,39,3900
FR,D07339,8339,8,40,4000
HU,D07340,8340,9,41,4100
NL,D07341,8341,10,42,4200
DE,D07342,8342,11,43,4300
FR,D07343,8343,12,44,4400
HU,D07344,8344,1,45,4500
NL,D07345,8345,2,46,4600
DE,D07346,8346,3,47,4700
FR,D07347,8347,4,48,4800
HU,D07348,8348,5,49,4900
NL,D07349,8349,6,50,5000
DE,D07350,8350,7,1,100
FR,D07351,8351,8,2,200
HU,D07352,8352,9,3,300
NL,D07353,8353,10,4,400
DE,D07354,8354,11,5,500
FR,D07355,8355,12,6,600
HU,D07356,8356,1,7,700
NL,D07357,8357,2,8,800
DE,D07358,8358,3,9,900
FR,D07359,8359,4,10,1000
HU,D07360,8360,5,11,1100
NL,D07361,8361,6,12,1200
DE,D07362,8362,7,13,1300
FR,D07363,8363,8,14,1400
HU,D07364,8364,9,15,1500
NL,D07365,8365,10,16,1600
DE,D07366,8366,11,17,1700
FR,D07367,8367,12,18,1800
HU,D07368,8368,1,19,1900
NL,D07369,8369,2,20,2000
DE,D07370,8370,3,21,2100
FR,D07371,8371,4,22,2200
HU,D07372,8372,5,23,2300
NL,D07373,8373,6,24,2400
DE,D07374,8374,7,25,2500
FR,D07375,8375,8,26,2600
HU,D07376,8376,9,27,2700
NL,D07377,8377,10,28,2800
DE,D07378,8378,11,29,2900
FR,D07379,8379,12,30,3000
HU,D07380,8380,1,31,3100
NL,D07381,8381,2,32,3200
DE,D07382,8382,3,33,3300
FR,D07383,8383,4,34,3400
HU,D07384,8384,5,35,3500
NL,D07385,8385,6,36,3600
DE,D07386,8386,7,37,3700
FR,D07387,8387,8,38,3800
HU,D07388,8388,9,39,3900
NL,D07389,8389,10,40,4000
DE,D07390,8390,11,41,4100
FR,D07391,8391,12,42,4200
HU,D07392,8392,1,43,4300
NL,D07393,8393,2,44,4400
DE,D07394,8394,3,45,4500
FR,D07395,8395,4,46,4600
HU,D07396,8396,5,47,4700
NL,D07397,8397,6,48,4800
DE,D07398,8398,7,49,4900
FR,D07399,8399,8,50,5000
HU,D07400,8400,9,1,100
NL,D07401,8401,10,2,200
DE,D07402,8402,11,3,300
FR,D07403,8403,12,4,400
HU,D07404,8404,1,5,500
NL,D07405,8405,2,6,600
DE,D07406,8406,3,7,700
FR,D07407,8407,4,8,800
HU,D07408,8408,5,9,900
NL,D07409,8409,6,10,1000
DE,D07410,8410,7,11,1100
FR,D07411,8411,8,12,1200
HU,D07412,8412,9,13,1300
NL,D07413,8413,10,14,1400
DE,D07414,8414,11,15,1500
FR,D07415,8415,12,16,1600
HU,D07416,8416,1,17,1700
NL,D07417,8417,2,18,1800
DE,D07418,8418,3,19,1900
FR,D07419,8419,4,20,2000
HU,D07420,8420,5,21,2100
NL,D07421,8421,6,22,2200
DE,D07422,8422,7,23,2300
FR,D07423,8423,8,24,2400
HU,D07424,8424,9,25,2500
NL,D07425,8425,10,26,2600
DE,D07426,8426,11,27,2700
FR,D07427,8427,12,28,2800
HU,D07428,8428,1,29,2900
NL,D07429,8429,2,30,3000
DE,D07430,8430,3,31,3100
FR,D07431,8431,4,32,3200
HU,D07432,8432,5,33,3300
NL,D07433,8433,6,34,3400
DE,D07434,8434,7,35,3500
FR,D07435,8435,8,36,3600
HU,D07436,8436,9,37,3700
NL,D07437,8437,10,38,3800
DE,D07438,8438,11,39,3900
FR,D07439,8439,12,40,4000
HU,D07440,8440,1,41,4100
NL,D07441,8441,2,42,4200
DE,D07442,8442,3,43,4300
FR,D07443,8443,4,44,4400
HU,D07444,8444,5,45,4500
NL,D07445,8445,6,46,4600
DE,D07446,8446,7,47,4700
FR,D07447,8447,8,48,4800
HU,D07448,8448,9,49,4900
NL,D07449,8449,10,50,5000
DE,D07450,8450,11,1,100
FR,D07451,8451,12,2,200
HU,D07452,8452,1,3,300
NL,D07453,8453,2,4,400
DE,D07454,8454,3,5,500
FR,D07455,8455,4,6,600
HU,D07456,8456,5,7,700
NL,D07457,8457,6,8,800
DE,D07458,8458,7,9,900
FR,D07459,8459,8,10,1000
HU,D07460,8460,9,11,1100
NL,D07461,8461,10,12,1200
DE,D07462,8462,11,13,1300
FR,D07463,8463,12,14,1400
HU,D07464,8464,1,15,1500
NL,D07465,8465,2,16,1600
DE,D07466,8466,3,17,1700
FR,D07467,8467,4,18,1800
HU,D07468,8468,5,19,1900
NL,D07469,8469,6,20,2000
DE,D07470,8470,7,21,2100
FR,D07471,8471,8,22,2200
HU,D07472,8472,9,23,2300
NL,D07473,8473,10,24,2400
DE,D07474,8474,11,25,2500
FR,D07475,8475,12,26,2600
HU,D07476,8476,1,27,2700
NL,D07477,8477,2,28,2800
DE,D07478,8478,3,29,2900
FR,D07479,8479,4,30,3000
HU,D07480,8480,5,31,3100
NL,D07481,8481,6,32,3200
DE,D07482,8482,7,33,3300
FR,D07483,8483,8,34,3400
HU,D07484,8484,9,35,3500
NL,D07485,8485,10,36,3600
DE,D07486,8486,11,37,3700
FR,D07487,8487,12,38,3800
HU,D07488,8488,1,39,3900
NL,D07489,8489,2,40,4000
DE,D07490,8490,3,41,4100
FR,D07491,8491,4,42,4200
HU,D07492,8492,5,43,4300
NL,D07493,8493,6,44,4400
DE,D07494,8494,7,45,4500
FR,D07495,8495,8,46,4600
HU,D07496,8496,9,47,4700
NL,D07497,8497,10,48,4800
DE,D07498,8498,11,49,4900
FR,D07499,8499,12,50,5000
HU,D07500,8500,1,1,100
NL,D07501,8501,2,2,200
DE,D07502,8502,3,3,300
FR,D07503,8503,4,4,400
HU,D07504,8504,5,5,500
NL,D07505,8505,6,6,600
DE,D07506,8506,7,7,700
FR,D07507,8507,8,8,800
HU,D07508,8508,9,9,900
NL,D07509,8509,10,10,1000
DE,D07510,8510,11,11,1100
FR,D07511,8511,12,12,1200
HU,D07512,8512,1,13,1300
NL,D07513,8513,2,14,1400
DE,D07514,8514,3,15,1500
FR,D07515,8515,4,16,1600
HU,D07516,8516,5,17,1700
NL,D07517,8517,6,18,1800
DE,D07518,8518,7,19,1900
FR,D07519,8519,8,20,2000
HU,D07520,8520,9,21,2100
NL,D07521,8521,10,22,2200
DE,D07522,8522,11,23,2300
FR,D07523,8523,12,24,2400
HU,D07524,8524,1,25,2500
NL,D07525,8525,2,26,2600
DE,D07526,8526,3,27,2700
FR,D07527,8527,4,28,2800
HU,D07528,8528,5,29,2900
NL,D07529,8529,6,30,3000
DE,D07530,8530,7,31,3100
FR,D07531,8531,8,32,3200
HU,D07532,8532,9,33,3300
NL,D07533,8533,10,34,3400
DE,D07534,8534,11,35,3500
FR,D07535,8535,12,36,3600
HU,D07536,8536,1,37,3700
NL,D07537,8537,2,38,3800
DE,D07538,8538,3,39,3900
FR,D07539,8539,4,40,4000
HU,D07540,8540,5,41,4100
NL,D07541,8541,6,42,4200
DE,D07542,8542,7,43,4300
FR,D07543,8543,8,44,4400
HU,D07544,8544,9,45,4500
NL,D07545,8545,10,46,4600
DE,D07546,8546,11,47,4700
FR,D07547,8547,12,48,4800
HU,D07548,8548,1,49,4900
NL,D07549,8549,2,50,5000
DE,D07550,8550,3,1,100
FR,D07551,8551,4,2,200
HU,D07552,8552,5,3,300
NL,D07553,8553,6,4,400
DE,D07554,8554,7,5,500
FR,D07555,8555,8,6,600
HU,D07556,8556,9,7,700
NL,D07557,8557,10,8,800
DE,D07558,8558,11,9,900
FR,D07559,8559,12,10,1000
HU,D07560,8560,1,11,1100
NL,D07561,8561,2,12,1200
DE,D07562,8562,3,13,1300
FR,D07563,8563,4,14,1400
HU,D07564,8564,5,15,1500
NL,D07565,8565,6,16,1600
DE,D07566,8566,7,17,1700
FR,D07567,8567,8,18,1800
HU,D07568,8568,9,19,1900
NL,D07569,8569,10,20,2000
DE,D07570,8570,11,21,2100
FR,D07571,8571,12,22,2200
HU,D07572,8572,1,23,2300
NL,D07573,8573,2,24,2400
DE,D07574,8574,3,25,2500
FR,D07575,8575,4,26,2600
HU,D07576,8576,5,27,2700
NL,D07577,8577,6,28,2800
DE,D07578,8578,7,29,2900
FR,D07579,8579,8,30,3000
HU,D07580,8580,9,31,3100
NL,D07581,8581,10,32,3200
DE,D07582,8582,11,33,3300
FR,D07583,8583,12,34,3400
HU,D07584,8584,1,35,3500
NL,D07585,8585,2,36,3600
DE,D07586,8586,3,37,3700
FR,D07587,8587,4,38,3800
HU,D07588,8588,5,39,3900
NL,D07589,8589,6,40,4000
DE,D07590,8590,7,41,4100
FR,D07591,8591,8,42,4200
HU,D07592,8592,9,43,4300
NL,D07593,8593,10,44,4400
DE,D07594,8594,11,45,4500
FR,D07595,8595,12,46,4600
HU,D07596,8596,1,47,4700
NL,D07597,8597,2,48,4800
DE,D07598,8598,3,49,4900
FR,D07599,8599,4,50,5000
HU,D07600,8600,5,1,100
NL,D07601,8601,6,2,200
DE,D07602,8602,7,3,300
FR,D07603,8603,8,4,400
HU,D07604,8604,9,5,500
NL,D07605,8605,10,6,600
DE,D07606,8606,11,7,700
FR,D07607,8607,12,8,800
HU,D07608,8608,1,9,900
NL,D07609,8609,2,10,1000
DE,D07610,8610,3,11,1100
FR,D07611,8611,4,12,1200
HU,D07612,8612,5,13,1300
NL,D07613,8613,6,14,1400
DE,D07614,8614,7,15,1500
FR,D07615,8615,8,16,1600
HU,D07616,8616,9,17,1700
NL,D07617,8617,10,18,1800
DE,D07618,8618,11,19,1900
FR,D07619,8619,12,20,2000
HU,D07620,8620,1,21,2100
NL,D07621,8621,2,22,2200
DE,D07622,8622,3,23,2300
FR,D07623,8623,4,24,2400
HU,D07624,8624,5,25,2500
NL,D07625,8625,6,26,2600
DE,D07626,8626,7,27,2700
FR,D07627,8627,8,28,2800
HU,D07628,8628,9,29,2900
NL,D07629,8629,10,30,3000
DE,D07630,8630,11,31,3100
FR,D07631,8631,12,32,3200
HU,D07632,8632,1,33,3300
NL,D07633,8633,2,34,3400
DE,D07634,8634,3,35,3500
FR,D07635,8635,4,36,3600
HU,D07636,8636,5,37,3700
NL,D07637,8637,6,38,3800
DE,D07638,8638,7,39,3900
FR,D07639,8639,8,40,4000
HU,D07640,8640,9,41,4100
NL,D07641,8641,10,42,4200
DE,D07642,8642,11,43,4300
FR,D07643,8643,12,44,4400
HU,D07644,8644,1,45,4500
NL,D07645,8645,2,46,4600
DE,D07646,8646,3,47,4700
FR,D07647,8647,4,48,4800
HU,D07648,8648,5,49,4900
NL,D07649,8649,6,50,5000
DE,D07650,8650,7,1,100
FR,D07651,8651,8,2,200
HU,D07652,8652,9,3,300
NL,D07653,8653,10,4,400
DE,D07654,8654,11,5,500
FR,D07655,8655,12,6,600
HU,D07656,8656,1,7,700
NL,D07657,8657,2,8,800
DE,D07658,8658,3,9,900
FR,D07659,8659,4,10,1000
HU,D07660,8660,5,11,1100
NL,D07661,8661,6,12,1200
DE,D07662,8662,7,13,1300
FR,D07663,8663,8,14,1400
HU,D07664,8664,9,15,1500
NL,D07665,8665,10,16,1600
DE,D07666,8666,11,17,1700
FR,D07667,8667,12,18,1800
HU,D07668,8668,1,19,1900
NL,D07669,8669,2,20,2000
DE,D07670,8670,3,21,2100
FR,D07671,8671,4,22,2200
HU,D07672,8672,5,23,2300
NL,D07673,8673,6,24,2400
DE,D07674,8674,7,25,2500
FR,D07675,8675,8,26,2600
HU,D07676,8676,9,27,2700
NL,D07677,8677,10,28,2800
DE,D07678,8678,11,29,2900
FR,D07679,8679,12,30,3000
HU,D07680,8680,1,31,3100
NL,D07681,8681,2,32,3200
DE,D07682,8682,3,33,3300
FR,D07683,8683,4,34,3400
HU,D07684,8684,5,35,3500
NL,D07685,8685,6,36,3600
DE,D07686,8686,7,37,3700
FR,D07687,8687,8,38,3800
HU,D07688,8688,9,39,3900
NL,D07689,8689,10,40,4000
DE,D07690,8690,11,41,4100
FR,D07691,8691,12,42,4200
HU,D07692,8692,1,43,4300
NL,D07693,8693,2,44,4400
DE,D07694,8694,3,45,4500
FR,D07695,8695,4,46,4600
HU,D07696,8696,5,47,4700
NL,D07697,8697,6,48,4800
DE,D07698,8698,7,49,4900
FR,D07699,8699,8,50,5000
HU,D07700,8700,9,1,100
NL,D07701,8701,10,2,200
DE,D07702,8702,11,3,300
FR,D07703,8703,12,4,400
HU,D07704,8704,1,5,500
NL,D07705,8705,2,6,600
DE,D07706,8706,3,7,700
FR,D07707,8707,4,8,800
HU,D07708,8708,5,9,900
NL,D07709,8709,6,10,1000
DE,D07710,8710,7,11,1100
FR,D07711,8711,8,12,1200
HU,D07712,8712,9,13,1300
NL,D07713,8713,10,14,1400
DE,D07714,8714,11,15,1500
FR,D07715,8715,12,16,1600
HU,D07716,8716,1,17,1700
NL,D07717,8717,2,18,1800
DE,D07718,8718,3,19,1900
FR,D07719,8719,4,20,2000
HU,D07720,8720,5,21,2100
NL,D07721,8721,6,22,2200
DE,D07722,8722,7,23,2300
FR,D07723,8723,8,24,2400
HU,D07724,8724,9,25,2500
NL,D07725,8725,10,26,2600
DE,D07726,8726,11,27,2700
FR,D07727,8727,12,28,2800
HU,D07728,8728,1,29,2900
NL,D07729,8729,2,30,3000
DE,D07730,8730,3,31,3100
FR,D07731,8731,4,32,3200
HU,D07732,8732,5,33,3300
NL,D07733,8733,6,34,3400
DE,D07734,8734,7,35,3500
FR,D07735,8735,8,36,3600
HU,D07736,8736,9,37,3700
NL,D07737,8737,10,38,3800
DE,D07738,8738,11,39,3900
FR,D07739,8739,12,40,4000
HU,D07740,8740,1,41,4100
NL,D07741,8741,2,42,4200
DE,D07742,8742,3,43,4300
FR,D07743,8743,4,44,4400
HU,D07744,8744,5,45,4500
NL,D07745,8745,6,46,4600
DE,D07746,8746,7,47,4700
FR,D07747,8747,8,48,4800
HU,D07748,8748,9,49,4900
NL,D07749,8749,10,50,5000
DE,D07750,8750,11,1,100
FR,D07751,8751,12,2,200
HU,D07752,8752,1,3,300
NL,D07753,8753,2,4,400
DE,D07754,8754,3,5,500
FR,D07755,8755,4,6,600
HU,D07756,8756,5,7,700
NL,D07757,8757,6,8,800
DE,D07758,8758,7,9,900
FR,D07759,8759,8,10,1000
HU,D07760,8760,9,11,1100
NL,D07761,8761,10,12,1200
DE,D07762,8762,11,13,1300
FR,D07763,8763,12,14,1400
HU,D07764,8764,1,15,1500
NL,D07765,8765,2,16,1600
DE,D07766,8766,3,17,1700
FR,D07767,8767,4,18,1800
HU,D07768,8768,5,19,1900
NL,D07769,8769,6,20,2000
DE,D07770,8770,7,21,2100
FR,D07771,8771,8,22,2200
HU,D07772,8772,9,23,2300
NL,D07773,8773,10,24,2400
DE,D07774,8774,11,25,2500
FR,D07775,8775,12,26,2600
HU,D07776,8776,1,27,2700
NL,D07777,8777,2,28,2800
DE,D07778,8778,3,29,2900
FR,D07779,8779,4,30,3000
HU,D07780,8780,5,31,3100
NL,D07781,8781,6,32,3200
DE,D07782,8782,7,33,3300
FR,D07783,8783,8,34,3400
HU,D07784,8784,9,35,3500
NL,D07785,8785,10,36,3600
DE,D07786,8786,11,37,3700
FR,D07787,8787,12,38,3800
HU,D07788,8788,1,39,3900
NL,D07789,8789,2,40,4000
DE,D07790,8790,3,41,4100
FR,D07791,8791,4,42,4200
HU,D07792,8792,5,43,4300
NL,D07793,8793,6,44,4400
DE,D07794,8794,7,45,4500
FR,D07795,8795,8,46,4600
HU,D07796,8796,9,47,4700
NL,D07797,8797,10,48,4800
DE,D07798,8798,11,49,4900
FR,D07799,8799,12,50,5000
HU,D07800,8800,1,1,100
NL,D07801,8801,2,2,200
DE,D07802,8802,3,3,300
FR,D07803,8803,4,4,400
HU,D07804,8804,5,5,500
NL,D07805,8805,6,6,600
DE,D07806,8806,7,7,700
FR,D07807,8807,8,8,800
HU,D07808,8808,9,9,900
NL,D07809,8809,10,10,1000
DE,D07810,8810,11,11,1100
FR,D07811,8811,12,12,1200
HU,D07812,8812,1,13,1300
NL,D07813,8813,2,14,1400
DE,D07814,8814,3,15,1500
FR,D07815,8815,4,16,1600
HU,D07816,8816,5,17,1700
NL,D07817,8817,6,18,1800
DE,D07818,8818,7,19,1900
FR,D07819,8819,8,20,2000
HU,D07820,8820,9,21,2100
NL,D07821,8821,10,22,2200
DE,D07822,8822,11,23,2300
FR,D07823,8823,12,24,2400
HU,D07824,8824,1,25,2500
NL,D07825,8825,2,26,2600
DE,D07826,8826,3,27,2700
FR,D07827,8827,4,28,2800
HU,D07828,8828,5,29,2900
NL,D07829,8829,6,30,3000
DE,D07830,8830,7,31,3100
FR,D07831,8831,8,32,3200
HU,D07832,8832,9,33,3300
NL,D07833,8833,10,34,3400
DE,D07834,8834,11,35,3500
FR,D07835,8835,12,36,3600
HU,D07836,8836,1,37,3700
NL,D07837,8837,2,38,3800
DE,D07838,8838,3,39,3900
FR,D07839,8839,4,40,4000
HU,D07840,8840,5,41,4100
NL,D07841,8841,6,42,4200
DE,D07842,8842,7,43,4300
FR,D07843,8843,8,44,4400
HU,D07844,8844,9,45,4500
NL,D07845,8845,10,46,4600
DE,D07846,8846,11,47,4700
FR,D07847,8847,12,48,4800
HU,D07848,8848,1,49,4900
NL,D07849,8849,2,50,5000
DE,D07850,8850,3,1,100
FR,D07851,8851,4,2,200
HU,D07852,8852,5,3,300
NL,D07853,8853,6,4,400
DE,D07854,8854,7,5,500
FR,D07855,8855,8,6,600
HU,D07856,8856,9,7,700
NL,D07857,8857,10,8,800
DE,D07858,8858,11,9,900
FR,D07859,8859,12,10,1000
HU,D07860,8860,1,11,1100
NL,D07861,8861,2,12,1200
DE,D07862,8862,3,13,1300
FR,D07863,8863,4,14,1400
HU,D07864,8864,5,15,1500
NL,D07865,8865,6,16,1600
DE,D07866,8866,7,17,1700
FR,D07867,8867,8,18,1800
HU,D07868,8868,9,19,1900
NL,D07869,8869,10,20,2000
DE,D07870,8870,11,21,2100
FR,D07871,8871,12,22,2200
HU,D07872,8872,1,23,2300
NL,D07873,8873,2,24,2400
DE,D07874,8874,3,25,2500
FR,D07875,8875,4,26,2600
HU,D07876,8876,5,27,2700
NL,D07877,8877,6,28,2800
DE,D07878,8878,7,29,2900
FR,D07879,8879,8,30,3000
HU,D07880,8880,9,31,3100
NL,D07881,8881,10,32,3200
DE,D07882,8882,11,33,3300
FR,D07883,8883,12,34,3400
HU,D07884,8884,1,35,3500
NL,D07885,8885,2,36,3600
DE,D07886,8886,3,37,3700
FR,D07887,8887,4,38,3800
HU,D07888,8888,5,39,3900
NL,D07889,8889,6,40,4000
DE,D07890,8890,7,41,4100
FR,D07891,8891,8,42,4200
HU,D07892,8892,9,43,4300
NL,D07893,8893,10,44,4400
DE,D07894,8894,11,45,4500
FR,D07895,8895,12,46,4600
HU,D07896,8896,1,47,4700
NL,D07897,8897,2,48,4800
DE,D07898,8898,3,49,4900
FR,D07899,8899,4,50,5000
HU,D07900,8900,5,1,100
NL,D07901,8901,6,2,200
DE,D07902,8902,7,3,300
FR,D07903,8903,8,4,400
HU,D07904,8904,9,5,500
NL,D07905,8905,10,6,600
DE,D07906,8906,11,7,700
FR,D07907,8907,12,8,800
HU,D07908,8908,1,9,900
NL,D07909,8909,2,10,1000
DE,D07910,8910,3,11,1100
FR,D07911,8911,4,12,1200
HU,D07912,8912,5,13,1300
NL,D07913,8913,6,14,1400
DE,D07914,8914,7,15,1500
FR,D07915,8915,8,16,1600
HU,D07916,8916,9,17,1700
NL,D07917,8917,10,18,1800
DE,D07918,8918,11,19,1900
FR,D07919,8919,12,20,2000
HU,D07920,8920,1,21,2100
NL,D07921,8921,2,22,2200
DE,D07922,8922,3,23,2300
FR,D07923,8923,4,24,2400
HU,D07924,8924,5,25,2500
NL,D07925,8925,6,26,2600
DE,D07926,8926,7,27,2700
FR,D07927,8927,8,28,2800
HU,D07928,8928,9,29,2900
NL,D07929,8929,10,30,3000
DE,D07930,8930,11,31,3100
FR,D07931,8931,12,32,3200
HU,D07932,8932,1,33,3300
NL,D07933,8933,2,34,3400
DE,D07934,8934,3,35,3500
FR,D07935,8935,4,36,3600
HU,D07936,8936,5,37,3700
NL,D07937,8937,6,38,3800
DE,D07938,8938,7,39,3900
FR,D07939,8939,8,40,4000
HU,D07940,8940,9,41,4100
NL,D07941,8941,10,42,4200
DE,D07942,8942,11,43,4300
FR,D07943,8943,12,44,4400
HU,D07944,8944,1,45,4500
NL,D07945,8945,2,46,4600
DE,D07946,8946,3,47,4700
FR,D07947,8947,4,48,4800
HU,D07948,8948,5,49,4900
NL,D07949,8949,6,50,5000
DE,D07950,8950,7,1,100
FR,D07951,8951,8,2,200
HU,D07952,8952,9,3,300
NL,D07953,8953,10,4,400
DE,D07954,8954,11,5,500
FR,D07955,8955,12,6,600
HU,D07956,8956,1,7,700
NL,D07957,8957,2,8,800
DE,D07958,8958,3,9,900
FR,D07959,8959,4,10,1000
HU,D07960,8960,5,11,1100
NL,D07961,8961,6,12,1200
DE,D07962,8962,7,13,1300
FR,D07963,8963,8,14,1400
HU,D07964,8964,9,15,1500
NL,D07965,8965,10,16,1600
DE,D07966,8966,11,17,1700
FR,D07967,8967,12,18,1800
HU,D07968,8968,1,19,1900
NL,D07969,8969,2,20,2000
DE,D07970,8970,3,21,2100
FR,D07971,8971,4,22,2200
HU,D07972,8972,5,23,2300
NL,D07973,8973,6,24,2400
DE,D07974,8974,7,25,2500
FR,D07975,8975,8,26,2600
HU,D07976,8976,9,27,2700
NL,D07977,8977,10,28,2800
DE,D07978,8978,11,29,2900
FR,D07979,8979,12,30,3000
HU,D07980,8980,1,31,3100
NL,D07981,8981,2,32,3200
DE,D07982,8982,3,33,3300
FR,D07983,8983,4,34,3400
HU,D07984,8984,5,35,3500
NL,D07985,8985,6,36,3600
DE,D07986,8986,7,37,3700
FR,D07987,8987,8,38,3800
HU,D07988,8988,9,39,3900
NL,D07989,8989,10,40,4000
DE,D07990,8990,11,41,4100
FR,D07991,8991,12,42,4200
HU,D07992,8992,1,43,4300
NL,D07993,8993,2,44,4400
DE,D07994,8994,3,45,4500
FR,D07995,8995,4,46,4600
HU,D07996,8996,5,47,4700
NL,D07997,8997,6,48,4800
DE,D07998,8998,7,49,4900
FR,D07999,8999,8,50,5000
HU,D08000,9000,9,1,100
NL,D08001,9001,10,2,200
DE,D08002,9002,11,3,300
FR,D08003,9003,12,4,400
HU,D08004,9004,1,5,500
NL,D08005,9005,2,6,600
DE,D08006,9006,3,7,700
FR,D08007,9007,4,8,800
HU,D08008,9008,5,9,900
NL,D08009,9009,6,10,1000
DE,D08010,9010,7,11,1100
FR,D08011,9011,8,12,1200
HU,D08012,9012,9,13,1300
NL,D08013,9013,10,14,1400
DE,D08014,9014,11,15,1500
FR,D08015,9015,12,16,1600
HU,D08016,9016,1,17,1700
NL,D08017,9017,2,18,1800
DE,D08018,9018,3,19,1900
FR,D08019,9019,4,20,2000
HU,D08020,9020,5,21,2100
NL,D08021,9021,6,22,2200
DE,D08022,9022,7,23,2300
FR,D08023,9023,8,24,2400
HU,D08024,9024,9,25,2500
NL,D08025,9025,10,26,2600
DE,D08026,9026,11,27,2700
FR,D08027,9027,12,28,2800
HU,D08028,9028,1,29,2900
NL,D08029,9029,2,30,3000
DE,D08030,9030,3,31,3100
FR,D08031,9031,4,32,3200
HU,D08032,9032,5,33,3300
NL,D08033,9033,6,34,3400
DE,D08034,9034,7,35,3500
FR,D08035,9035,8,36,3600
HU,D08036,9036,9,37,3700
NL,D08037,9037,10,38,3800
DE,D08038,9038,11,39,3900
FR,D08039,9039,12,40,4000
HU,D08040,9040,1,41,4100
NL,D08041,9041,2,42,4200
DE,D08042,9042,3,43,4300
FR,D08043,9043,4,44,4400
HU,D08044,9044,5,45,4500
NL,D08045,9045,6,46,4600
DE,D08046,9046,7,47,4700
FR,D08047,9047,8,48,4800
HU,D08048,9048,9,49,4900
NL,D08049,9049,10,50,5000
DE,D08050,9050,11,1,100
FR,D08051,9051,12,2,200
HU,D08052,9052,1,3,300
NL,D08053,9053,2,4,400
DE,D08054,9054,3,5,500
FR,D08055,9055,4,6,600
HU,D08056,9056,5,7,700
NL,D08057,9057,6,8,800
DE,D08058,9058,7,9,900
FR,D08059,9059,8,10,1000
HU,D08060,9060,9,11,1100
NL,D08061,9061,10,12,1200
DE,D08062,9062,11,13,1300
FR,D08063,9063,12,14,1400
HU,D08064,9064,1,15,1500
NL,D08065,9065,2,16,1600
DE,D08066,9066,3,17,1700
FR,D08067,9067,4,18,1800
HU,D08068,9068,5,19,1900
NL,D08069,9069,6,20,2000
DE,D08070,9070,7,21,2100
FR,D08071,9071,8,22,2200
HU,D08072,9072,9,23,2300
NL,D08073,9073,10,24,2400
DE,D08074,9074,11,25,2500
FR,D08075,9075,12,26,2600
HU,D08076,9076,1,27,2700
NL,D08077,9077,2,28,2800
DE,D08078,9078,3,29,2900
FR,D08079,9079,4,30,3000
HU,D08080,9080,5,31,3100
NL,D08081,9081,6,32,3200
DE,D08082,9082,7,33,3300
FR,D08083,9083,8,34,3400
HU,D08084,9084,9,35,3500
NL,D08085,9085,10,36,3600
DE,D08086,9086,11,37,3700
FR,D08087,9087,12,38,3800
HU,D08088,9088,1,39,3900
NL,D08089,9089,2,40,4000
DE,D08090,9090,3,41,4100
FR,D08091,9091,4,42,4200
HU,D08092,9092,5,43,4300
NL,D08093,9093,6,44,4400
DE,D08094,9094,7,45,4500
FR,D08095,9095,8,46,4600
HU,D08096,9096,9,47,4700
NL,D08097,9097,10,48,4800
DE,D08098,9098,11,49,4900
FR,D08099,9099,12,50,5000
HU,D08100,9100,1,1,100
NL,D08101,9101,2,2,200
DE,D08102,9102,3,3,300
FR,D08103,9103,4,4,400
HU,D08104,9104,5,5,500
NL,D08105,9105,6,6,600
DE,D08106,9106,7,7,700
FR,D08107,9107,8,8,800
HU,D08108,9108,9,9,900
NL,D08109,9109,10,10,1000
DE,D08110,9110,11,11,1100
FR,D08111,9111,12,12,1200
HU,D08112,9112,1,13,1300
NL,D08113,9113,2,14,1400
DE,D08114,9114,3,15,1500
FR,D08115,9115,4,16,1600
HU,D08116,9116,5,17,1700
NL,D08117,9117,6,18,1800
DE,D08118,9118,7,19,1900
FR,D08119,9119,8,20,2000
HU,D08120,9120,9,21,2100
NL,D08121,9121,10,22,2200
DE,D08122,9122,11,23,2300
FR,D08123,9123,12,24,2400
HU,D08124,9124,1,25,2500
NL,D08125,9125,2,26,2600
DE,D08126,9126,3,27,2700
FR,D08127,9127,4,28,2800
HU,D08128,9128,5,29,2900
NL,D08129,9129,6,30,3000
DE,D08130,9130,7,31,3100
FR,D08131,9131,8,32,3200
HU,D08132,9132,9,33,3300
NL,D08133,9133,10,34,3400
DE,D08134,9134,11,35,3500
FR,D08135,9135,12,36,3600
HU,D08136,9136,1,37,3700
NL,D08137,9137,2,38,3800
DE,D08138,9138,3,39,3900
FR,D08139,9139,4,40,4000
HU,D08140,9140,5,41,4100
NL,D08141,9141,6,42,4200
DE,D08142,9142,7,43,4300
FR,D08143,9143,8,44,4400
HU,D08144,9144,9,45,4500
NL,D08145,9145,10,46,4600
DE,D08146,9146,11,47,4700
FR,D08147,9147,12,48,4800
HU,D08148,9148,1,49,4900
NL,D08149,9149,2,50,5000
DE,D08150,9150,3,1,100
FR,D08151,9151,4,2,200
HU,D08152,9152,5,3,300
NL,D08153,9153,6,4,400
DE,D08154,9154,7,5,500
FR,D08155,9155,8,6,600
HU,D08156,9156,9,7,700
NL,D08157,9157,10,8,800
DE,D08158,9158,11,9,900
FR,D08159,9159,12,10,1000
HU,D08160,9160,1,11,1100
NL,D08161,9161,2,12,1200
DE,D08162,9162,3,13,1300
FR,D08163,9163,4,14,1400
HU,D08164,9164,5,15,1500
NL,D08165,9165,6,16,1600
DE,D08166,9166,7,17,1700
FR,D08167,9167,8,18,1800
HU,D08168,9168,9,19,1900
NL,D08169,9169,10,20,2000
DE,D08170,9170,11,21,2100
FR,D08171,9171,12,22,2200
HU,D08172,9172,1,23,2300
NL,D08173,9173,2,24,2400
DE,D08174,9174,3,25,2500
FR,D08175,9175,4,26,2600
HU,D08176,9176,5,27,2700
NL,D08177,9177,6,28,2800
DE,D08178,9178,7,29,2900
FR,D08179,9179,8,30,3000
HU,D08180,9180,9,31,3100
NL,D08181,9181,10,32,3200
DE,D08182,9182,11,33,3300
FR,D08183,9183,12,34,3400
HU,D08184,9184,1,35,3500
NL,D08185,9185,2,36,3600
DE,D08186,9186,3,37,3700
FR,D08187,9187,4,38,3800
HU,D08188,9188,5,39,3900
NL,D08189,9189,6,40,4000
DE,D08190,9190,7,41,4100
FR,D08191,9191,8,42,4200
HU,D08192,9192,9,43,4300
NL,D08193,9193,10,44,4400
DE,D08194,9194,11,45,4500
FR,D08195,9195,12,46,4600
HU,D08196,9196,1,47,4700
NL,D08197,9197,2,48,4800
DE,D08198,9198,3,49,4900
FR,D08199,9199,4,50,5000
HU,D08200,9200,5,1,100
NL,D08201,9201,6,2,200
DE,D08202,9202,7,3,300
FR,D08203,9203,8,4,400
HU,D08204,9204,9,5,500
NL,D08205,9205,10,6,600
DE,D08206,9206,11,7,700
FR,D08207,9207,12,8,800
HU,D08208,9208,1,9,900
NL,D08209,9209,2,10,1000
DE,D08210,9210,3,11,1100
FR,D08211,9211,4,12,1200
HU,D08212,9212,5,13,1300
NL,D08213,9213,6,14,1400
DE,D08214,9214,7,15,1500
FR,D08215,9215,8,16,1600
HU,D08216,9216,9,17,1700
NL,D08217,9217,10,18,1800
DE,D08218,9218,11,19,1900
FR,D08219,9219,12,20,2000
HU,D08220,9220,1,21,2100
NL,D08221,9221,2,22,2200
DE,D08222,9222,3,23,2300
FR,D08223,9223,4,24,2400
HU,D08224,9224,5,25,2500
NL,D08225,9225,6,26,2600
DE,D08226,9226,7,27,2700
FR,D08227,9227,8,28,2800
HU,D08228,9228,9,29,2900
NL,D08229,9229,10,30,3000
DE,D08230,9230,11,31,3100
FR,D08231,9231,12,32,3200
HU,D08232,9232,1,33,3300
NL,D08233,9233,2,34,3400
DE,D08234,9234,3,35,3500
FR,D08235,9235,4,36,3600
HU,D08236,9236,5,37,3700
NL,D08237,9237,6,38,3800
DE,D08238,9238,7,39,3900
FR,D08239,9239,8,40,4000
HU,D08240,9240,9,41,4100
NL,D08241,9241,10,42,4200
DE,D08242,9242,11,43,4300
FR,D08243,9243,12,44,4400
HU,D08244,9244,1,45,4500
NL,D08245,9245,2,46,4600
DE,D08246,9246,3,47,4700
FR,D08247,9247,4,48,4800
HU,D08248,9248,5,49,4900
NL,D08249,9249,6,50,5000
DE,D08250,9250,7,1,100
FR,D08251,9251,8,2,200
HU,D08252,9252,9,3,300
NL,D08253,9253,10,4,400
DE,D08254,9254,11,5,500
FR,D08255,9255,12,6,600
HU,D08256,9256,1,7,700
NL,D08257,9257,2,8,800
DE,D08258,9258,3,9,900
FR,D08259,9259,4,10,1000
HU,D08260,9260,5,11,1100
NL,D08261,9261,6,12,1200
DE,D08262,9262,7,13,1300
FR,D08263,9263,8,14,1400
HU,D08264,9264,9,15,1500
NL,D08265,9265,10,16,1600
DE,D08266,9266,11,17,1700
FR,D08267,9267,12,18,1800
HU,D08268,9268,1,19,1900
NL,D08269,9269,2,20,2000
DE,D08270,9270,3,21,2100
FR,D08271,9271,4,22,2200
HU,D08272,9272,5,23,2300
NL,D08273,9273,6,24,2400
DE,D08274,9274,7,25,2500
FR,D08275,9275,8,26,2600
HU,D08276,9276,9,27,2700
NL,D08277,9277,10,28,2800
DE,D08278,9278,11,29,2900
FR,D08279,9279,12,30,3000
HU,D08280,9280,1,31,3100
NL,D08281,9281,2,32,3200
DE,D08282,9282,3,33,3300
FR,D08283,9283,4,34,3400
HU,D08284,9284,5,35,3500
NL,D08285,9285,6,36,3600
DE,D08286,9286,7,37,3700
FR,D08287,9287,8,38,3800
HU,D08288,9288,9,39,3900
NL,D08289,9289,10,40,4000
DE,D08290,9290,11,41,4100
FR,D08291,9291,12,42,4200
HU,D08292,9292,1,43,4300
NL,D08293,9293,2,44,4400
DE,D08294,9294,3,45,4500
FR,D08295,9295,4,46,4600
HU,D08296,9296,5,47,4700
NL,D08297,9297,6,48,4800
DE,D08298,9298,7,49,4900
FR,D08299,9299,8,50,5000
HU,D08300,9300,9,1,100
NL,D08301,9301,10,2,200
DE,D08302,9302,11,3,300
FR,D08303,9303,12,4,400
HU,D08304,9304,1,5,500
NL,D08305,9305,2,6,600
DE,D08306,9306,3,7,700
FR,D08307,9307,4,8,800
HU,D08308,9308,5,9,900
NL,D08309,9309,6,10,1000
DE,D08310,9310,7,11,1100
FR,D08311,9311,8,12,1200
HU,D08312,9312,9,13,1300
NL,D08313,9313,10,14,1400
DE,D08314,9314,11,15,1500
FR,D08315,9315,12,16,1600
HU,D08316,9316,1,17,1700
NL,D08317,9317,2,18,1800
DE,D08318,9318,3,19,1900
FR,D08319,9319,4,20,2000
HU,D08320,9320,5,21,2100
NL,D08321,9321,6,22,2200
DE,D08322,9322,7,23,2300
FR,D08323,9323,8,24,2400
HU,D08324,9324,9,25,2500
NL,D08325,9325,10,26,2600
DE,D08326,9326,11,27,2700
FR,D08327,9327,12,28,2800
HU,D08328,9328,1,29,2900
NL,D08329,9329,2,30,3000
DE,D08330,9330,3,31,3100
FR,D08331,9331,4,32,3200
HU,D08332,9332,5,33,3300
NL,D08333,9333,6,34,3400
DE,D08334,9334,7,35,3500
FR,D08335,9335,8,36,3600
HU,D08336,9336,9,37,3700
NL,D08337,9337,10,38,3800
DE,D08338,9338,11,39,3900
FR,D08339,9339,12,40,4000
HU,D08340,9340,1,41,4100
NL,D08341,9341,2,42,4200
DE,D08342,9342,3,43,4300
FR,D08343,9343,4,44,4400
HU,D08344,9344,5,45,4500
NL,D08345,9345,6,46,4600
DE,D08346,9346,7,47,4700
FR,D08347,9347,8,48,4800
HU,D08348,9348,9,49,4900
NL,D08349,9349,10,50,5000
DE,D08350,9350,11,1,100
FR,D08351,9351,12,2,200
HU,D08352,9352,1,3,300
NL,D08353,9353,2,4,400
DE,D08354,9354,3,5,500
FR,D08355,9355,4,6,600
HU,D08356,9356,5,7,700
NL,D08357,9357,6,8,800
DE,D08358,9358,7,9,900
FR,D08359,9359,8,10,1000
HU,D08360,9360,9,11,1100
NL,D08361,9361,10,12,1200
DE,D08362,9362,11,13,1300
FR,D08363,9363,12,14,1400
HU,D08364,9364,1,15,1500
NL,D08365,9365,2,16,1600
DE,D08366,9366,3,17,1700
FR,D08367,9367,4,18,1800
HU,D08368,9368,5,19,1900
NL,D08369,9369,6,20,2000
DE,D08370,9370,7,21,2100
FR,D08371,9371,8,22,2200
HU,D08372,9372,9,23,2300
NL,D08373,9373,10,24,2400
DE,D08374,9374,11,25,2500
FR,D08375,9375,12,26,2600
HU,D08376,9376,1,27,2700
NL,D08377,9377,2,28,2800
DE,D08378,9378,3,29,2900
FR,D08379,9379,4,30,3000
HU,D08380,9380,5,31,3100
NL,D08381,9381,6,32,3200
DE,D08382,9382,7,33,3300
FR,D08383,9383,8,34,3400
HU,D08384,9384,9,35,3500
NL,D08385,9385,10,36,3600
DE,D08386,9386,11,37,3700
FR,D08387,9387,12,38,3800
HU,D08388,9388,1,39,3900
NL,D08389,9389,2,40,4000
DE,D08390,9390,3,41,4100
FR,D08391,9391,4,42,4200
HU,D08392,9392,5,43,4300
NL,D08393,9393,6,44,4400
DE,D08394,9394,7,45,4500
FR,D08395,9395,8,46,4600
HU,D08396,9396,9,47,4700
NL,D08397,9397,10,48,4800
DE,D08398,9398,11,49,4900
FR,D08399,9399,12,50,5000
HU,D08400,9400,1,1,100
NL,D08401,9401,2,2,200
DE,D08402,9402,3,3,300
FR,D08403,9403,4,4,400
HU,D08404,9404,5,5,500
NL,D08405,9405,6,6,600
DE,D08406,9406,7,7,700
FR,D08407,9407,8,8,800
HU,D08408,9408,9,9,900
NL,D08409,9409,10,10,1000
DE,D08410,9410,11,11,1100
FR,D08411,9411,12,12,1200
HU,D08412,9412,1,13,1300
NL,D08413,9413,2,14,1400
DE,D08414,9414,3,15,1500
FR,D08415,9415,4,16,1600
HU,D08416,9416,5,17,1700
NL,D08417,9417,6,18,1800
DE,D08418,9418,7,19,1900
FR,D08419,9419,8,20,2000
HU,D08420,9420,9,21,2100
NL,D08421,9421,10,22,2200
DE,D08422,9422,11,23,2300
FR,D08423,9423,12,24,2400
HU,D08424,9424,1,25,2500
NL,D08425,9425,2,26,2600
DE,D08426,9426,3,27,2700
FR,D08427,9427,4,28,2800
HU,D08428,9428,5,29,2900
NL,D08429,9429,6,30,3000
DE,D08430,9430,7,31,3100
FR,D08431,9431,8,32,3200
HU,D08432,9432,9,33,3300
NL,D08433,9433,10,34,3400
DE,D08434,9434,11,35,3500
FR,D08435,9435,12,36,3600
HU,D08436,9436,1,37,3700
NL,D08437,9437,2,38,3800
DE,D08438,9438,3,39,3900
FR,D08439,9439,4,40,4000
HU,D08440,9440,5,41,4100
NL,D08441,9441,6,42,4200
DE,D08442,9442,7,43,4300
FR,D08443,9443,8,44,4400
HU,D08444,9444,9,45,4500
NL,D08445,9445,10,46,4600
DE,D08446,9446,11,47,4700
FR,D08447,9447,12,48,4800
HU,D08448,9448,1,49,4900
NL,D08449,9449,2,50,5000
DE,D08450,9450,3,1,100
FR,D08451,9451,4,2,200
HU,D08452,9452,5,3,300
NL,D08453,9453,6,4,400
DE,D08454,9454,7,5,500
FR,D08455,9455,8,6,600
HU,D08456,9456,9,7,700
NL,D08457,9457,10,8,800
DE,D08458,9458,11,9,900
FR,D08459,9459,12,10,1000
HU,D08460,9460,1,11,1100
NL,D08461,9461,2,12,1200
DE,D08462,9462,3,13,1300
FR,D08463,9463,4,14,1400
HU,D08464,9464,5,15,1500
NL,D08465,9465,6,16,1600
DE,D08466,9466,7,17,1700
FR,D08467,9467,8,18,1800
HU,D08468,9468,9,19,1900
NL,D08469,9469,10,20,2000
DE,D08470,9470,11,21,2100
FR,D08471,9471,12,22,2200
HU,D08472,9472,1,23,2300
NL,D08473,9473,2,24,2400
DE,D08474,9474,3,25,2500
FR,D08475,9475,4,26,2600
HU,D08476,9476,5,27,2700
NL,D08477,9477,6,28,2800
DE,D08478,9478,7,29,2900
FR,D08479,9479,8,30,3000
HU,D08480,9480,9,31,3100
NL,D08481,9481,10,32,3200
DE,D08482,9482,11,33,3300
FR,D08483,9483,12,34,3400
HU,D08484,9484,1,35,3500
NL,D08485,9485,2,36,3600
DE,D08486,9486,3,37,3700
FR,D08487,9487,4,38,3800
HU,D08488,9488,5,39,3900
NL,D08489,9489,6,40,4000
DE,D08490,9490,7,41,4100
FR,D08491,9491,8,42,4200
HU,D08492,9492,9,43,4300
NL,D08493,9493,10,44,4400
DE,D08494,9494,11,45,4500
FR,D08495,9495,12,46,4600
HU,D08496,9496,1,47,4700
NL,D08497,9497,2,48,4800
DE,D08498,9498,3,49,4900
FR,D08499,9499,4,50,5000
HU,D08500,9500,5,1,100
NL,D08501,9501,6,2,200
DE,D08502,9502,7,3,300
FR,D08503,9503,8,4,400
HU,D08504,9504,9,5,500
NL,D08505,9505,10,6,600
DE,D08506,9506,11,7,700
FR,D08507,9507,12,8,800
HU,D08508,9508,1,9,900
NL,D08509,9509,2,10,1000
DE,D08510,9510,3,11,1100
FR,D08511,9511,4,12,1200
HU,D08512,9512,5,13,1300
NL,D08513,9513,6,14,1400
DE,D08514,9514,7,15,1500
FR,D08515,9515,8,16,1600
HU,D08516,9516,9,17,1700
NL,D08517,9517,10,18,1800
DE,D08518,9518,11,19,1900
FR,D08519,9519,12,20,2000
HU,D08520,9520,1,21,2100
NL,D08521,9521,2,22,2200
DE,D08522,9522,3,23,2300
FR,D08523,9523,4,24,2400
HU,D08524,9524,5,25,2500
NL,D08525,9525,6,26,2600
DE,D08526,9526,7,27,2700
FR,D08527,9527,8,28,2800
HU,D08528,9528,9,29,2900
NL,D08529,9529,10,30,3000
DE,D08530,9530,11,31,3100
FR,D08531,9531,12,32,3200
HU,D08532,9532,1,33,3300
NL,D08533,9533,2,34,3400
DE,D08534,9534,3,35,3500
FR,D08535,9535,4,36,3600
HU,D08536,9536,5,37,3700
NL,D08537,9537,6,38,3800
DE,D08538,9538,7,39,3900
FR,D08539,9539,8,40,4000
HU,D08540,9540,9,41,4100
NL,D08541,9541,10,42,4200
DE,D08542,9542,11,43,4300
FR,D08543,9543,12,44,4400
HU,D08544,9544,1,45,4500
NL,D08545,9545,2,46,4600
DE,D08546,9546,3,47,4700
FR,D08547,9547,4,48,4800
HU,D08548,9548,5,49,4900
NL,D08549,9549,6,50,5000
DE,D08550,9550,7,1,100
FR,D08551,9551,8,2,200
HU,D08552,9552,9,3,300
NL,D08553,9553,10,4,400
DE,D08554,9554,11,5,500
FR,D08555,9555,12,6,600
HU,D08556,9556,1,7,700
NL,D08557,9557,2,8,800
DE,D08558,9558,3,9,900
FR,D08559,9559,4,10,1000
HU,D08560,9560,5,11,1100
NL,D08561,9561,6,12,1200
DE,D08562,9562,7,13,1300
FR,D08563,9563,8,14,1400
HU,D08564,9564,9,15,1500
NL,D08565,9565,10,16,1600
DE,D08566,9566,11,17,1700
FR,D08567,9567,12,18,1800
HU,D08568,9568,1,19,1900
NL,D08569,9569,2,20,2000
DE,D08570,9570,3,21,2100
FR,D08571,9571,4,22,2200
HU,D08572,9572,5,23,2300
NL,D08573,9573,6,24,2400
DE,D08574,9574,7,25,2500
FR,D08575,9575,8,26,2600
HU,D08576,9576,9,27,2700
NL,D08577,9577,10,28,2800
DE,D08578,9578,11,29,2900
FR,D08579,9579,12,30,3000
HU,D08580,9580,1,31,3100
NL,D08581,9581,2,32,3200
DE,D08582,9582,3,33,3300
FR,D08583,9583,4,34,3400
HU,D08584,9584,5,35,3500
NL,D08585,9585,6,36,3600
DE,D08586,9586,7,37,3700
FR,D08587,9587,8,38,3800
HU,D08588,9588,9,39,3900
NL,D08589,9589,10,40,4000
DE,D08590,9590,11,41,4100
FR,D08591,9591,12,42,4200
HU,D08592,9592,1,43,4300
NL,D08593,9593,2,44,4400
DE,D08594,9594,3,45,4500
FR,D08595,9595,4,46,4600
HU,D08596,9596,5,47,4700
NL,D08597,9597,6,48,4800
DE,D08598,9598,7,49,4900
FR,D08599,9599,8,50,5000
HU,D08600,9600,9,1,100
NL,D08601,9601,10,2,200
DE,D08602,9602,11,3,300
FR,D08603,9603,12,4,400
HU,D08604,9604,1,5,500
NL,D08605,9605,2,6,600
DE,D08606,9606,3,7,700
FR,D08607,9607,4,8,800
HU,D08608,9608,5,9,900
NL,D08609,9609,6,10,1000
DE,D08610,9610,7,11,1100
FR,D08611,9611,8,12,1200
HU,D08612,9612,9,13,1300
NL,D08613,9613,10,14,1400
DE,D08614,9614,11,15,1500
FR,D08615,9615,12,16,1600
HU,D08616,9616,1,17,1700
NL,D08617,9617,2,18,1800
DE,D08618,9618,3,19,1900
FR,D08619,9619,4,20,2000
HU,D08620,9620,5,21,2100
NL,D08621,9621,6,22,2200
DE,D08622,9622,7,23,2300
FR,D08623,9623,8,24,2400
HU,D08624,9624,9,25,2500
NL,D08625,9625,10,26,2600
DE,D08626,9626,11,27,2700
FR,D08627,9627,12,28,2800
HU,D08628,9628,1,29,2900
NL,D08629,9629,2,30,3000
DE,D08630,9630,3,31,3100
FR,D08631,9631,4,32,3200
HU,D08632,9632,5,33,3300
NL,D08633,9633,6,34,3400
DE,D08634,9634,7,35,3500
FR,D08635,9635,8,36,3600
HU,D08636,9636,9,37,3700
NL,D08637,9637,10,38,3800
DE,D08638,9638,11,39,3900
FR,D08639,9639,12,40,4000
HU,D08640,9640,1,41,4100
NL,D08641,9641,2,42,4200
DE,D08642,9642,3,43,4300
FR,D08643,9643,4,44,4400
HU,D08644,9644,5,45,4500
NL,D08645,9645,6,46,4600
DE,D08646,9646,7,47,4700
FR,D08647,9647,8,48,4800
HU,D08648,9648,9,49,4900
NL,D08649,9649,10,50,5000
DE,D08650,9650,11,1,100
FR,D08651,9651,12,2,200
HU,D08652,9652,1,3,300
NL,D08653,9653,2,4,400
DE,D08654,9654,3,5,500
FR,D08655,9655,4,6,600
HU,D08656,9656,5,7,700
NL,D08657,9657,6,8,800
DE,D08658,9658,7,9,900
FR,D08659,9659,8,10,1000
HU,D08660,9660,9,11,1100
NL,D08661,9661,10,12,1200
DE,D08662,9662,11,13,1300
FR,D08663,9663,12,14,1400
HU,D08664,9664,1,15,1500
NL,D08665,9665,2,16,1600
DE,D08666,9666,3,17,1700
FR,D08667,9667,4,18,1800
HU,D08668,9668,5,19,1900
NL,D08669,9669,6,20,2000
DE,D08670,9670,7,21,2100
FR,D08671,9671,8,22,2200
HU,D08672,9672,9,23,2300
NL,D08673,9673,10,24,2400
DE,D08674,9674,11,25,2500
FR,D08675,9675,12,26,2600
HU,D08676,9676,1,27,2700
NL,D08677,9677,2,28,2800
DE,D08678,9678,3,29,2900
FR,D08679,9679,4,30,3000
HU,D08680,9680,5,31,3100
NL,D08681,9681,6,32,3200
DE,D08682,9682,7,33,3300
FR,D08683,9683,8,34,3400
HU,D08684,9684,9,35,3500
NL,D08685,9685,10,36,3600
DE,D08686,9686,11,37,3700
FR,D08687,9687,12,38,3800
HU,D08688,9688,1,39,3900
NL,D08689,9689,2,40,4000
DE,D08690,9690,3,41,4100
FR,D08691,9691,4,42,4200
HU,D08692,9692,5,43,4300
NL,D08693,9693,6,44,4400
DE,D08694,9694,7,45,4500
FR,D08695,9695,8,46,4600
HU,D08696,9696,9,47,4700
NL,D08697,9697,10,48,4800
DE,D08698,9698,11,49,4900
FR,D08699,9699,12,50,5000
HU,D08700,9700,1,1,100
NL,D08701,9701,2,2,200
DE,D08702,9702,3,3,300
FR,D08703,9703,4,4,400
HU,D08704,9704,5,5,500
NL,D08705,9705,6,6,600
DE,D08706,9706,7,7,700
FR,D08707,9707,8,8,800
HU,D08708,9708,9,9,900
NL,D08709,9709,10,10,1000
DE,D08710,9710,11,11,1100
FR,D08711,9711,12,12,1200
HU,D08712,9712,1,13,1300
NL,D08713,9713,2,14,1400
DE,D08714,9714,3,15,1500
FR,D08715,9715,4,16,1600
HU,D08716,9716,5,17,1700
NL,D08717,9717,6,18,1800
DE,D08718,9718,7,19,1900
FR,D08719,9719,8,20,2000
HU,D08720,9720,9,21,2100
NL,D08721,9721,10,22,2200
DE,D08722,9722,11,23,2300
FR,D08723,9723,12,24,2400
HU,D08724,9724,1,25,2500
NL,D08725,9725,2,26,2600
DE,D08726,9726,3,27,2700
FR,D08727,9727,4,28,2800
HU,D08728,9728,5,29,2900
NL,D08729,9729,6,30,3000
DE,D08730,9730,7,31,3100
FR,D08731,9731,8,32,3200
HU,D08732,9732,9,33,3300
NL,D08733,9733,10,34,3400
DE,D08734,9734,11,35,3500
FR,D08735,9735,12,36,3600
HU,D08736,9736,1,37,3700
NL,D08737,9737,2,38,3800
DE,D08738,9738,3,39,3900
FR,D08739,9739,4,40,4000
HU,D08740,9740,5,41,4100
NL,D08741,9741,6,42,4200
DE,D08742,9742,7,43,4300
FR,D08743,9743,8,44,4400
HU,D08744,9744,9,45,4500
NL,D08745,9745,10,46,4600
DE,D08746,9746,11,47,4700
FR,D08747,9747,12,48,4800
HU,D08748,9748,1,49,4900
NL,D08749,9749,2,50,5000
DE,D08750,9750,3,1,100
FR,D08751,9751,4,2,200
HU,D08752,9752,5,3,300
NL,D08753,9753,6,4,400
DE,D08754,9754,7,5,500
FR,D08755,9755,8,6,600
HU,D08756,9756,9,7,700
NL,D08757,9757,10,8,800
DE,D08758,9758,11,9,900
FR,D08759,9759,12,10,1000
HU,D08760,9760,1,11,1100
NL,D08761,9761,2,12,1200
DE,D08762,9762,3,13,1300
FR,D08763,9763,4,14,1400
HU,D08764,9764,5,15,1500
NL,D08765,9765,6,16,1600
DE,D08766,9766,7,17,1700
FR,D08767,9767,8,18,1800
HU,D08768,9768,9,19,1900
NL,D08769,9769,10,20,2000
DE,D08770,9770,11,21,2100
FR,D08771,9771,12,22,2200
HU,D08772,9772,1,23,2300
NL,D08773,9773,2,24,2400
DE,D08774,9774,3,25,2500
FR,D08775,9775,4,26,2600
HU,D08776,9776,5,27,2700
NL,D08777,9777,6,28,2800
DE,D08778,9778,7,29,2900
FR,D08779,9779,8,30,3000
HU,D08780,9780,9,31,3100
NL,D08781,9781,10,32,3200
DE,D08782,9782,11,33,3300
FR,D08783,9783,12,34,3400
HU,D08784,9784,1,35,3500
NL,D08785,9785,2,36,3600
DE,D08786,9786,3,37,3700
FR,D08787,9787,4,38,3800
HU,D08788,9788,5,39,3900
NL,D08789,9789,6,40,4000
DE,D08790,9790,7,41,4100
FR,D08791,9791,8,42,4200
HU,D08792,9792,9,43,4300
NL,D08793,9793,10,44,4400
DE,D08794,9794,11,45,4500
FR,D08795,9795,12,46,4600
HU,D08796,9796,1,47,4700
NL,D08797,9797,2,48,4800
DE,D08798,9798,3,49,4900
FR,D08799,9799,4,50,5000
HU,D08800,9800,5,1,100
NL,D08801,9801,6,2,200
DE,D08802,9802,7,3,300
FR,D08803,9803,8,4,400
HU,D08804,9804,9,5,500
NL,D08805,9805,10,6,600
DE,D08806,9806,11,7,700
FR,D08807,9807,12,8,800
HU,D08808,9808,1,9,900
NL,D08809,9809,2,10,1000
DE,D08810,9810,3,11,1100
FR,D08811,9811,4,12,1200
HU,D08812,9812,5,13,1300
NL,D08813,9813,6,14,1400
DE,D08814,9814,7,15,1500
FR,D08815,9815,8,16,1600
HU,D08816,9816,9,17,1700
NL,D08817,9817,10,18,1800
DE,D08818,9818,11,19,1900
FR,D08819,9819,12,20,2000
HU,D08820,9820,1,21,2100
NL,D08821,9821,2,22,2200
DE,D08822,9822,3,23,2300
FR,D08823,9823,4,24,2400
HU,D08824,9824,5,25,2500
NL,D08825,9825,6,26,2600
DE,D08826,9826,7,27,2700
FR,D08827,9827,8,28,2800
HU,D08828,9828,9,29,2900
NL,D08829,9829,10,30,3000
DE,D08830,9830,11,31,3100
FR,D08831,9831,12,32,3200
HU,D08832,9832,1,33,3300
NL,D08833,9833,2,34,3400
DE,D08834,9834,3,35,3500
FR,D08835,9835,4,36,3600
HU,D08836,9836,5,37,3700
NL,D08837,9837,6,38,3800
DE,D08838,9838,7,39,3900
FR,D08839,9839,8,40,4000
HU,D08840,9840,9,41,4100
NL,D08841,9841,10,42,4200
DE,D08842,9842,11,43,4300
FR,D08843,9843,12,44,4400
HU,D08844,9844,1,45,4500
NL,D08845,9845,2,46,4600
DE,D08846,9846,3,47,4700
FR,D08847,9847,4,48,4800
HU,D08848,9848,5,49,4900
NL,D08849,9849,6,50,5000
DE,D08850,9850,7,1,100
FR,D08851,9851,8,2,200
HU,D08852,9852,9,3,300
NL,D08853,9853,10,4,400
DE,D08854,9854,11,5,500
FR,D08855,9855,12,6,600
HU,D08856,9856,1,7,700
NL,D08857,9857,2,8,800
DE,D08858,9858,3,9,900
FR,D08859,9859,4,10,1000
HU,D08860,9860,5,11,1100
NL,D08861,9861,6,12,1200
DE,D08862,9862,7,13,1300
FR,D08863,9863,8,14,1400
HU,D08864,9864,9,15,1500
NL,D08865,9865,10,16,1600
DE,D08866,9866,11,17,1700
FR,D08867,9867,12,18,1800
HU,D08868,9868,1,19,1900
NL,D08869,9869,2,20,2000
DE,D08870,9870,3,21,2100
FR,D08871,9871,4,22,2200
HU,D08872,9872,5,23,2300
NL,D08873,9873,6,24,2400
DE,D08874,9874,7,25,2500
FR,D08875,9875,8,26,2600
HU,D08876,9876,9,27,2700
NL,D08877,9877,10,28,2800
DE,D08878,9878,11,29,2900
FR,D08879,9879,12,30,3000
HU,D08880,9880,1,31,3100
NL,D08881,9881,2,32,3200
DE,D08882,9882,3,33,3300
FR,D08883,9883,4,34,3400
HU,D08884,9884,5,35,3500
NL,D08885,9885,6,36,3600
DE,D08886,9886,7,37,3700
FR,D08887,9887,8,38,3800
HU,D08888,9888,9,39,3900
NL,D08889,9889,10,40,4000
DE,D08890,9890,11,41,4100
FR,D08891,9891,12,42,4200
HU,D08892,9892,1,43,4300
NL,D08893,9893,2,44,4400
DE,D08894,9894,3,45,4500
FR,D08895,9895,4,46,4600
HU,D08896,9896,5,47,4700
NL,D08897,9897,6,48,4800
DE,D08898,9898,7,49,4900
FR,D08899,9899,8,50,5000
HU,D08900,9900,9,1,100
NL,D08901,9901,10,2,200
DE,D08902,9902,11,3,300
FR,D08903,9903,12,4,400
HU,D08904,9904,1,5,500
NL,D08905,9905,2,6,600
DE,D08906,9906,3,7,700
FR,D08907,9907,4,8,800
HU,D08908,9908,5,9,900
NL,D08909,9909,6,10,1000
DE,D08910,9910,7,11,1100
FR,D08911,9911,8,12,1200
HU,D08912,9912,9,13,1300
NL,D08913,9913,10,14,1400
DE,D08914,9914,11,15,1500
FR,D08915,9915,12,16,1600
HU,D08916,9916,1,17,1700
NL,D08917,9917,2,18,1800
DE,D08918,9918,3,19,1900
FR,D08919,9919,4,20,2000
HU,D08920,9920,5,21,2100
NL,D08921,9921,6,22,2200
DE,D08922,9922,7,23,2300
FR,D08923,9923,8,24,2400
HU,D08924,9924,9,25,2500
NL,D08925,9925,10,26,2600
DE,D08926,9926,11,27,2700
FR,D08927,9927,12,28,2800
HU,D08928,9928,1,29,2900
NL,D08929,9929,2,30,3000
DE,D08930,9930,3,31,3100
FR,D08931,9931,4,32,3200
HU,D08932,9932,5,33,3300
NL,D08933,9933,6,34,3400
DE,D08934,9934,7,35,3500
FR,D08935,9935,8,36,3600
HU,D08936,9936,9,37,3700
NL,D08937,9937,10,38,3800
DE,D08938,9938,11,39,3900
FR,D08939,9939,12,40,4000
HU,D08940,9940,1,41,4100
NL,D08941,9941,2,42,4200
DE,D08942,9942,3,43,4300
FR,D08943,9943,4,44,4400
HU,D08944,9944,5,45,4500
NL,D08945,9945,6,46,4600
DE,D08946,9946,7,47,4700
FR,D08947,9947,8,48,4800
HU,D08948,9948,9,49,4900
NL,D08949,9949,10,50,5000
DE,D08950,9950,11,1,100
FR,D08951,9951,12,2,200
HU,D08952,9952,1,3,300
NL,D08953,9953,2,4,400
DE,D08954,9954,3,5,500
FR,D08955,9955,4,6,600
HU,D08956,9956,5,7,700
NL,D08957,9957,6,8,800
DE,D08958,9958,7,9,900
FR,D08959,9959,8,10,1000
HU,D08960,9960,9,11,1100
NL,D08961,9961,10,12,1200
DE,D08962,9962,11,13,1300
FR,D08963,9963,12,14,1400
HU,D08964,9964,1,15,1500
NL,D08965,9965,2,16,1600
DE,D08966,9966,3,17,1700
FR,D08967,9967,4,18,1800
HU,D08968,9968,5,19,1900
NL,D08969,9969,6,20,2000
DE,D08970,9970,7,21,2100
FR,D08971,9971,8,22,2200
HU,D08972,9972,9,23,2300
NL,D08973,9973,10,24,2400
DE,D08974,9974,11,25,2500
FR,D08975,9975,12,26,2600
HU,D08976,9976,1,27,2700
NL,D08977,9977,2,28,2800
DE,D08978,9978,3,29,2900
FR,D08979,9979,4,30,3000
HU,D08980,9980,5,31,3100
NL,D08981,9981,6,32,3200
DE,D08982,9982,7,33,3300
FR,D08983,9983,8,34,3400
HU,D08984,9984,9,35,3500
NL,D08985,9985,10,36,3600
DE,D08986,9986,11,37,3700
FR,D08987,9987,12,38,3800
HU,D08988,9988,1,39,3900
NL,D08989,9989,2,40,4000
DE,D08990,9990,3,41,4100
FR,D08991,9991,4,42,4200
HU,D08992,9992,5,43,4300
NL,D08993,9993,6,44,4400
DE,D08994,9994,7,45,4500
FR,D08995,9995,8,46,4600
HU,D08996,9996,9,47,4700
NL,D08997,9997,10,48,4800
DE,D08998,9998,11,49,4900
FR,D08999,9999,12,50,5000
HU,D09000,10000,1,1,100
NL,D09001,10001,2,2,200
DE,D09002,10002,3,3,300
FR,D09003,10003,4,4,400
HU,D09004,10004,5,5,500
NL,D09005,10005,6,6,600
DE,D09006,10006,7,7,700
FR,D09007,10007,8,8,800
HU,D09008,10008,9,9,900
NL,D09009,10009,10,10,1000
DE,D09010,10010,11,11,1100
FR,D09011,10011,12,12,1200
HU,D09012,10012,1,13,1300
NL,D09013,10013,2,14,1400
DE,D09014,10014,3,15,1500
FR,D09015,10015,4,16,1600
HU,D09016,10016,5,17,1700
NL,D09017,10017,6,18,1800
DE,D09018,10018,7,19,1900
FR,D09019,10019,8,20,2000
HU,D09020,10020,9,21,2100
NL,D09021,10021,10,22,2200
DE,D09022,10022,11,23,2300
FR,D09023,10023,12,24,2400
HU,D09024,10024,1,25,2500
NL,D09025,10025,2,26,2600
DE,D09026,10026,3,27,2700
FR,D09027,10027,4,28,2800
HU,D09028,10028,5,29,2900
NL,D09029,10029,6,30,3000
DE,D09030,10030,7,31,3100
FR,D09031,10031,8,32,3200
HU,D09032,10032,9,33,3300
NL,D09033,10033,10,34,3400
DE,D09034,10034,11,35,3500
FR,D09035,10035,12,36,3600
HU,D09036,10036,1,37,3700
NL,D09037,10037,2,38,3800
DE,D09038,10038,3,39,3900
FR,D09039,10039,4,40,4000
HU,D09040,10040,5,41,4100
NL,D09041,10041,6,42,4200
DE,D09042,10042,7,43,4300
FR,D09043,10043,8,44,4400
HU,D09044,10044,9,45,4500
NL,D09045,10045,10,46,4600
DE,D09046,10046,11,47,4700
FR,D09047,10047,12,48,4800
HU,D09048,10048,1,49,4900
NL,D09049,10049,2,50,5000
DE,D09050,10050,3,1,100
FR,D09051,10051,4,2,200
HU,D09052,10052,5,3,300
NL,D09053,10053,6,4,400
DE,D09054,10054,7,5,500
FR,D09055,10055,8,6,600
HU,D09056,10056,9,7,700
NL,D09057,10057,10,8,800
DE,D09058,10058,11,9,900
FR,D09059,10059,12,10,1000
HU,D09060,10060,1,11,1100
NL,D09061,10061,2,12,1200
DE,D09062,10062,3,13,1300
FR,D09063,10063,4,14,1400
HU,D09064,10064,5,15,1500
NL,D09065,10065,6,16,1600
DE,D09066,10066,7,17,1700
FR,D09067,10067,8,18,1800
HU,D09068,10068,9,19,1900
NL,D09069,10069,10,20,2000
DE,D09070,10070,11,21,2100
FR,D09071,10071,12,22,2200
HU,D09072,10072,1,23,2300
NL,D09073,10073,2,24,2400
DE,D09074,10074,3,25,2500
FR,D09075,10075,4,26,2600
HU,D09076,10076,5,27,2700
NL,D09077,10077,6,28,2800
DE,D09078,10078,7,29,2900
FR,D09079,10079,8,30,3000
HU,D09080,10080,9,31,3100
NL,D09081,10081,10,32,3200
DE,D09082,10082,11,33,3300
FR,D09083,10083,12,34,3400
HU,D09084,10084,1,35,3500
NL,D09085,10085,2,36,3600
DE,D09086,10086,3,37,3700
FR,D09087,10087,4,38,3800
HU,D09088,10088,5,39,3900
NL,D09089,10089,6,40,4000
DE,D09090,10090,7,41,4100
FR,D09091,10091,8,42,4200
HU,D09092,10092,9,43,4300
NL,D09093,10093,10,44,4400
DE,D09094,10094,11,45,4500
FR,D09095,10095,12,46,4600
HU,D09096,10096,1,47,4700
NL,D09097,10097,2,48,4800
DE,D09098,10098,3,49,4900
FR,D09099,10099,4,50,5000
HU,D09100,10100,5,1,100
NL,D09101,10101,6,2,200
DE,D09102,10102,7,3,300
FR,D09103,10103,8,4,400
HU,D09104,10104,9,5,500
NL,D09105,10105,10,6,600
DE,D09106,10106,11,7,700
FR,D09107,10107,12,8,800
HU,D09108,10108,1,9,900
NL,D09109,10109,2,10,1000
DE,D09110,10110,3,11,1100
FR,D09111,10111,4,12,1200
HU,D09112,10112,5,13,1300
NL,D09113,10113,6,14,1400
DE,D09114,10114,7,15,1500
FR,D09115,10115,8,16,1600
HU,D09116,10116,9,17,1700
NL,D09117,10117,10,18,1800
DE,D09118,10118,11,19,1900
FR,D09119,10119,12,20,2000
HU,D09120,10120,1,21,2100
NL,D09121,10121,2,22,2200
DE,D09122,10122,3,23,2300
FR,D09123,10123,4,24,2400
HU,D09124,10124,5,25,2500
NL,D09125,10125,6,26,2600
DE,D09126,10126,7,27,2700
FR,D09127,10127,8,28,2800
HU,D09128,10128,9,29,2900
NL,D09129,10129,10,30,3000
DE,D09130,10130,11,31,3100
FR,D09131,10131,12,32,3200
HU,D09132,10132,1,33,3300
NL,D09133,10133,2,34,3400
DE,D09134,10134,3,35,3500
FR,D09135,10135,4,36,3600
HU,D09136,10136,5,37,3700
NL,D09137,10137,6,38,3800
DE,D09138,10138,7,39,3900
FR,D09139,10139,8,40,4000
HU,D09140,10140,9,41,4100
NL,D09141,10141,10,42,4200
DE,D09142,10142,11,43,4300
FR,D09143,10143,12,44,4400
HU,D09144,10144,1,45,4500
NL,D09145,10145,2,46,4600
DE,D09146,10146,3,47,4700
FR,D09147,10147,4,48,4800
HU,D09148,10148,5,49,4900
NL,D09149,10149,6,50,5000
DE,D09150,10150,7,1,100
FR,D09151,10151,8,2,200
HU,D09152,10152,9,3,300
NL,D09153,10153,10,4,400
DE,D09154,10154,11,5,500
FR,D09155,10155,12,6,600
HU,D09156,10156,1,7,700
NL,D09157,10157,2,8,800
DE,D09158,10158,3,9,900
FR,D09159,10159,4,10,1000
HU,D09160,10160,5,11,1100
NL,D09161,10161,6,12,1200
DE,D09162,10162,7,13,1300
FR,D09163,10163,8,14,1400
HU,D09164,10164,9,15,1500
NL,D09165,10165,10,16,1600
DE,D09166,10166,11,17,1700
FR,D09167,10167,12,18,1800
HU,D09168,10168,1,19,1900
NL,D09169,10169,2,20,2000
DE,D09170,10170,3,21,2100
FR,D09171,10171,4,22,2200
HU,D09172,10172,5,23,2300
NL,D09173,10173,6,24,2400
DE,D09174,10174,7,25,2500
FR,D09175,10175,8,26,2600
HU,D09176,10176,9,27,2700
NL,D09177,10177,10,28,2800
DE,D09178,10178,11,29,2900
FR,D09179,10179,12,30,3000
HU,D09180,10180,1,31,3100
NL,D09181,10181,2,32,3200
DE,D09182,10182,3,33,3300
FR,D09183,10183,4,34,3400
HU,D09184,10184,5,35,3500
NL,D09185,10185,6,36,3600
DE,D09186,10186,7,37,3700
FR,D09187,10187,8,38,3800
HU,D09188,10188,9,39,3900
NL,D09189,10189,10,40,4000
DE,D09190,10190,11,41,4100
FR,D09191,10191,12,42,4200
HU,D09192,10192,1,43,4300
NL,D09193,10193,2,44,4400
DE,D09194,10194,3,45,4500
FR,D09195,10195,4,46,4600
HU,D09196,10196,5,47,4700
NL,D09197,10197,6,48,4800
DE,D09198,10198,7,49,4900
FR,D09199,10199,8,50,5000
HU,D09200,10200,9,1,100
NL,D09201,10201,10,2,200
DE,D09202,10202,11,3,300
FR,D09203,10203,12,4,400
HU,D09204,10204,1,5,500
NL,D09205,10205,2,6,600
DE,D09206,10206,3,7,700
FR,D09207,10207,4,8,800
HU,D09208,10208,5,9,900
NL,D09209,10209,6,10,1000
DE,D09210,10210,7,11,1100
FR,D09211,10211,8,12,1200
HU,D09212,10212,9,13,1300
NL,D09213,10213,10,14,1400
DE,D09214,10214,11,15,1500
FR,D09215,10215,12,16,1600
HU,D09216,10216,1,17,1700
NL,D09217,10217,2,18,1800
DE,D09218,10218,3,19,1900
FR,D09219,10219,4,20,2000
HU,D09220,10220,5,21,2100
NL,D09221,10221,6,22,2200
DE,D09222,10222,7,23,2300
FR,D09223,10223,8,24,2400
HU,D09224,10224,9,25,2500
NL,D09225,10225,10,26,2600
DE,D09226,10226,11,27,2700
FR,D09227,10227,12,28,2800
HU,D09228,10228,1,29,2900
NL,D09229,10229,2,30,3000
DE,D09230,10230,3,31,3100
FR,D09231,10231,4,32,3200
HU,D09232,10232,5,33,3300
NL,D09233,10233,6,34,3400
DE,D09234,10234,7,35,3500
FR,D09235,10235,8,36,3600
HU,D09236,10236,9,37,3700
NL,D09237,10237,10,38,3800
DE,D09238,10238,11,39,3900
FR,D09239,10239,12,40,4000
HU,D09240,10240,1,41,4100
NL,D09241,10241,2,42,4200
DE,D09242,10242,3,43,4300
FR,D09243,10243,4,44,4400
HU,D09244,10244,5,45,4500
NL,D09245,10245,6,46,4600
DE,D09246,10246,7,47,4700
FR,D09247,10247,8,48,4800
HU,D09248,10248,9,49,4900
NL,D09249,10249,10,50,5000
DE,D09250,10250,11,1,100
FR,D09251,10251,12,2,200
HU,D09252,10252,1,3,300
NL,D09253,10253,2,4,400
DE,D09254,10254,3,5,500
FR,D09255,10255,4,6,600
HU,D09256,10256,5,7,700
NL,D09257,10257,6,8,800
DE,D09258,10258,7,9,900
FR,D09259,10259,8,10,1000
HU,D09260,10260,9,11,1100
NL,D09261,10261,10,12,1200
DE,D09262,10262,11,13,1300
FR,D09263,10263,12,14,1400
HU,D09264,10264,1,15,1500
NL,D09265,10265,2,16,1600
DE,D09266,10266,3,17,1700
FR,D09267,10267,4,18,1800
HU,D09268,10268,5,19,1900
NL,D09269,10269,6,20,2000
DE,D09270,10270,7,21,2100
FR,D09271,10271,8,22,2200
HU,D09272,10272,9,23,2300
NL,D09273,10273,10,24,2400
DE,D09274,10274,11,25,2500
FR,D09275,10275,12,26,2600
HU,D09276,10276,1,27,2700
NL,D09277,10277,2,28,2800
DE,D09278,10278,3,29,2900
FR,D09279,10279,4,30,3000
HU,D09280,10280,5,31,3100
NL,D09281,10281,6,32,3200
DE,D09282,10282,7,33,3300
FR,D09283,10283,8,34,3400
HU,D09284,10284,9,35,3500
NL,D09285,10285,10,36,3600
DE,D09286,10286,11,37,3700
FR,D09287,10287,12,38,3800
HU,D09288,10288,1,39,3900
NL,D09289,10289,2,40,4000
DE,D09290,10290,3,41,4100
FR,D09291,10291,4,42,4200
HU,D09292,10292,5,43,4300
NL,D09293,10293,6,44,4400
DE,D09294,10294,7,45,4500
FR,D09295,10295,8,46,4600
HU,D09296,10296,9,47,4700
NL,D09297,10297,10,48,4800
DE,D09298,10298,11,49,4900
FR,D09299,10299,12,50,5000
HU,D09300,10300,1,1,100
NL,D09301,10301,2,2,200
DE,D09302,10302,3,3,300
FR,D09303,10303,4,4,400
HU,D09304,10304,5,5,500
NL,D09305,10305,6,6,600
DE,D09306,10306,7,7,700
FR,D09307,10307,8,8,800
HU,D09308,10308,9,9,900
NL,D09309,10309,10,10,1000
DE,D09310,10310,11,11,1100
FR,D09311,10311,12,12,1200
HU,D09312,10312,1,13,1300
NL,D09313,10313,2,14,1400
DE,D09314,10314,3,15,1500
FR,D09315,10315,4,16,1600
HU,D09316,10316,5,17,1700
NL,D09317,10317,6,18,1800
DE,D09318,10318,7,19,1900
FR,D09319,10319,8,20,2000
HU,D09320,10320,9,21,2100
NL,D09321,10321,10,22,2200
DE,D09322,10322,11,23,2300
FR,D09323,10323,12,24,2400
HU,D09324,10324,1,25,2500
NL,D09325,10325,2,26,2600
DE,D09326,10326,3,27,2700
FR,D09327,10327,4,28,2800
HU,D09328,10328,5,29,2900
NL,D09329,10329,6,30,3000
DE,D09330,10330,7,31,3100
FR,D09331,10331,8,32,3200
HU,D09332,10332,9,33,3300
NL,D09333,10333,10,34,3400
DE,D09334,10334,11,35,3500
FR,D09335,10335,12,36,3600
HU,D09336,10336,1,37,3700
NL,D09337,10337,2,38,3800
DE,D09338,10338,3,39,3900
FR,D09339,10339,4,40,4000
HU,D09340,10340,5,41,4100
NL,D09341,10341,6,42,4200
DE,D09342,10342,7,43,4300
FR,D09343,10343,8,44,4400
HU,D09344,10344,9,45,4500
NL,D09345,10345,10,46,4600
DE,D09346,10346,11,47,4700
FR,D09347,10347,12,48,4800
HU,D09348,10348,1,49,4900
NL,D09349,10349,2,50,5000
DE,D09350,10350,3,1,100
FR,D09351,10351,4,2,200
HU,D09352,10352,5,3,300
NL,D09353,10353,6,4,400
DE,D09354,10354,7,5,500
FR,D09355,10355,8,6,600
HU,D09356,10356,9,7,700
NL,D09357,10357,10,8,800
DE,D09358,10358,11,9,900
FR,D09359,10359,12,10,1000
HU,D09360,10360,1,11,1100
NL,D09361,10361,2,12,1200
DE,D09362,10362,3,13,1300
FR,D09363,10363,4,14,1400
HU,D09364,10364,5,15,1500
NL,D09365,10365,6,16,1600
DE,D09366,10366,7,17,1700
FR,D09367,10367,8,18,1800
HU,D09368,10368,9,19,1900
NL,D09369,10369,10,20,2000
DE,D09370,10370,11,21,2100
FR,D09371,10371,12,22,2200
HU,D09372,10372,1,23,2300
NL,D09373,10373,2,24,2400
DE,D09374,10374,3,25,2500
FR,D09375,10375,4,26,2600
HU,D09376,10376,5,27,2700
NL,D09377,10377,6,28,2800
DE,D09378,10378,7,29,2900
FR,D09379,10379,8,30,3000
HU,D09380,10380,9,31,3100
NL,D09381,10381,10,32,3200
DE,D09382,10382,11,33,3300
FR,D09383,10383,12,34,3400
HU,D09384,10384,1,35,3500
NL,D09385,10385,2,36,3600
DE,D09386,10386,3,37,3700
FR,D09387,10387,4,38,3800
HU,D09388,10388,5,39,3900
NL,D09389,10389,6,40,4000
DE,D09390,10390,7,41,4100
FR,D09391,10391,8,42,4200
HU,D09392,10392,9,43,4300
NL,D09393,10393,10,44,4400
DE,D09394,10394,11,45,4500
FR,D09395,10395,12,46,4600
HU,D09396,10396,1,47,4700
NL,D09397,10397,2,48,4800
DE,D09398,10398,3,49,4900
FR,D09399,10399,4,50,5000
HU,D09400,10400,5,1,100
NL,D09401,10401,6,2,200
DE,D09402,10402,7,3,300
FR,D09403,10403,8,4,400
HU,D09404,10404,9,5,500
NL,D09405,10405,10,6,600
DE,D09406,10406,11,7,700
FR,D09407,10407,12,8,800
HU,D09408,10408,1,9,900
NL,D09409,10409,2,10,1000
DE,D09410,10410,3,11,1100
FR,D09411,10411,4,12,1200
HU,D09412,10412,5,13,1300
NL,D09413,10413,6,14,1400
DE,D09414,10414,7,15,1500
FR,D09415,10415,8,16,1600
HU,D09416,10416,9,17,1700
NL,D09417,10417,10,18,1800
DE,D09418,10418,11,19,1900
FR,D09419,10419,12,20,2000
HU,D09420,10420,1,21,2100
NL,D09421,10421,2,22,2200
DE,D09422,10422,3,23,2300
FR,D09423,10423,4,24,2400
HU,D09424,10424,5,25,2500
NL,D09425,10425,6,26,2600
DE,D09426,10426,7,27,2700
FR,D09427,10427,8,28,2800
HU,D09428,10428,9,29,2900
NL,D09429,10429,10,30,3000
DE,D09430,10430,11,31,3100
FR,D09431,10431,12,32,3200
HU,D09432,10432,1,33,3300
NL,D09433,10433,2,34,3400
DE,D09434,10434,3,35,3500
FR,D09435,10435,4,36,3600
HU,D09436,10436,5,37,3700
NL,D09437,10437,6,38,3800
DE,D09438,10438,7,39,3900
FR,D09439,10439,8,40,4000
HU,D09440,10440,9,41,4100
NL,D09441,10441,10,42,4200
DE,D09442,10442,11,43,4300
FR,D09443,10443,12,44,4400
HU,D09444,10444,1,45,4500
NL,D09445,10445,2,46,4600
DE,D09446,10446,3,47,4700
FR,D09447,10447,4,48,4800
HU,D09448,10448,5,49,4900
NL,D09449,10449,6,50,5000
DE,D09450,10450,7,1,100
FR,D09451,10451,8,2,200
HU,D09452,10452,9,3,300
NL,D09453,10453,10,4,400
DE,D09454,10454,11,5,500
FR,D09455,10455,12,6,600
HU,D09456,10456,1,7,700
NL,D09457,10457,2,8,800
DE,D09458,10458,3,9,900
FR,D09459,10459,4,10,1000
HU,D09460,10460,5,11,1100
NL,D09461,10461,6,12,1200
DE,D09462,10462,7,13,1300
FR,D09463,10463,8,14,1400
HU,D09464,10464,9,15,1500
NL,D09465,10465,10,16,1600
DE,D09466,10466,11,17,1700
FR,D09467,10467,12,18,1800
HU,D09468,10468,1,19,1900
NL,D09469,10469,2,20,2000
DE,D09470,10470,3,21,2100
FR,D09471,10471,4,22,2200
HU,D09472,10472,5,23,2300
NL,D09473,10473,6,24,2400
DE,D09474,10474,7,25,2500
FR,D09475,10475,8,26,2600
HU,D09476,10476,9,27,2700
NL,D09477,10477,10,28,2800
DE,D09478,10478,11,29,2900
FR,D09479,10479,12,30,3000
HU,D09480,10480,1,31,3100
NL,D09481,10481,2,32,3200
DE,D09482,10482,3,33,3300
FR,D09483,10483,4,34,3400
HU,D09484,10484,5,35,3500
NL,D09485,10485,6,36,3600
DE,D09486,10486,7,37,3700
FR,D09487,10487,8,38,3800
HU,D09488,10488,9,39,3900
NL,D09489,10489,10,40,4000
DE,D09490,10490,11,41,4100
FR,D09491,10491,12,42,4200
HU,D09492,10492,1,43,4300
NL,D09493,10493,2,44,4400
DE,D09494,10494,3,45,4500
FR,D09495,10495,4,46,4600
HU,D09496,10496,5,47,4700
NL,D09497,10497,6,48,4800
DE,D09498,10498,7,49,4900
FR,D09499,10499,8,50,5000
HU,D09500,10500,9,1,100
NL,D09501,10501,10,2,200
DE,D09502,10502,11,3,300
FR,D09503,10503,12,4,400
HU,D09504,10504,1,5,500
NL,D09505,10505,2,6,600
DE,D09506,10506,3,7,700
FR,D09507,10507,4,8,800
HU,D09508,10508,5,9,900
NL,D09509,10509,6,10,1000
DE,D09510,10510,7,11,1100
FR,D09511,10511,8,12,1200
HU,D09512,10512,9,13,1300
NL,D09513,10513,10,14,1400
DE,D09514,10514,11,15,1500
FR,D09515,10515,12,16,1600
HU,D09516,10516,1,17,1700
NL,D09517,10517,2,18,1800
DE,D09518,10518,3,19,1900
FR,D09519,10519,4,20,2000
HU,D09520,10520,5,21,2100
NL,D09521,10521,6,22,2200
DE,D09522,10522,7,23,2300
FR,D09523,10523,8,24,2400
HU,D09524,10524,9,25,2500
NL,D09525,10525,10,26,2600
DE,D09526,10526,11,27,2700
FR,D09527,10527,12,28,2800
HU,D09528,10528,1,29,2900
NL,D09529,10529,2,30,3000
DE,D09530,10530,3,31,3100
FR,D09531,10531,4,32,3200
HU,D09532,10532,5,33,3300
NL,D09533,10533,6,34,3400
DE,D09534,10534,7,35,3500
FR,D09535,10535,8,36,3600
HU,D09536,10536,9,37,3700
NL,D09537,10537,10,38,3800
DE,D09538,10538,11,39,3900
FR,D09539,10539,12,40,4000
HU,D09540,10540,1,41,4100
NL,D09541,10541,2,42,4200
DE,D09542,10542,3,43,4300
FR,D09543,10543,4,44,4400
HU,D09544,10544,5,45,4500
NL,D09545,10545,6,46,4600
DE,D09546,10546,7,47,4700
FR,D09547,10547,8,48,4800
HU,D09548,10548,9,49,4900
NL,D09549,10549,10,50,5000
DE,D09550,10550,11,1,100
FR,D09551,10551,12,2,200
HU,D09552,10552,1,3,300
NL,D09553,10553,2,4,400
DE,D09554,10554,3,5,500
FR,D09555,10555,4,6,600
HU,D09556,10556,5,7,700
NL,D09557,10557,6,8,800
DE,D09558,10558,7,9,900
FR,D09559,10559,8,10,1000
HU,D09560,10560,9,11,1100
NL,D09561,10561,10,12,1200
DE,D09562,10562,11,13,1300
FR,D09563,10563,12,14,1400
HU,D09564,10564,1,15,1500
NL,D09565,10565,2,16,1600
DE,D09566,10566,3,17,1700
FR,D09567,10567,4,18,1800
HU,D09568,10568,5,19,1900
NL,D09569,10569,6,20,2000
DE,D09570,10570,7,21,2100
FR,D09571,10571,8,22,2200
HU,D09572,10572,9,23,2300
NL,D09573,10573,10,24,2400
DE,D09574,10574,11,25,2500
FR,D09575,10575,12,26,2600
HU,D09576,10576,1,27,2700
NL,D09577,10577,2,28,2800
DE,D09578,10578,3,29,2900
FR,D09579,10579,4,30,3000
HU,D09580,10580,5,31,3100
NL,D09581,10581,6,32,3200
DE,D09582,10582,7,33,3300
FR,D09583,10583,8,34,3400
HU,D09584,10584,9,35,3500
NL,D09585,10585,10,36,3600
DE,D09586,10586,11,37,3700
FR,D09587,10587,12,38,3800
HU,D09588,10588,1,39,3900
NL,D09589,10589,2,40,4000
DE,D09590,10590,3,41,4100
FR,D09591,10591,4,42,4200
HU,D09592,10592,5,43,4300
NL,D09593,10593,6,44,4400
DE,D09594,10594,7,45,4500
FR,D09595,10595,8,46,4600
HU,D09596,10596,9,47,4700
NL,D09597,10597,10,48,4800
DE,D09598,10598,11,49,4900
FR,D09599,10599,12,50,5000
HU,D09600,10600,1,1,100
NL,D09601,10601,2,2,200
DE,D09602,10602,3,3,300
FR,D09603,10603,4,4,400
HU,D09604,10604,5,5,500
NL,D09605,10605,6,6,600
DE,D09606,10606,7,7,700
FR,D09607,10607,8,8,800
HU,D09608,10608,9,9,900
NL,D09609,10609,10,10,1000
DE,D09610,10610,11,11,1100
FR,D09611,10611,12,12,1200
HU,D09612,10612,1,13,1300
NL,D09613,10613,2,14,1400
DE,D09614,10614,3,15,1500
FR,D09615,10615,4,16,1600
HU,D09616,10616,5,17,1700
NL,D09617,10617,6,18,1800
DE,D09618,10618,7,19,1900
FR,D09619,10619,8,20,2000
HU,D09620,10620,9,21,2100
NL,D09621,10621,10,22,2200
DE,D09622,10622,11,23,2300
FR,D09623,10623,12,24,2400
HU,D09624,10624,1,25,2500
NL,D09625,10625,2,26,2600
DE,D09626,10626,3,27,2700
FR,D09627,10627,4,28,2800
HU,D09628,10628,5,29,2900
NL,D09629,10629,6,30,3000
DE,D09630,10630,7,31,3100
FR,D09631,10631,8,32,3200
HU,D09632,10632,9,33,3300
NL,D09633,10633,10,34,3400
DE,D09634,10634,11,35,3500
FR,D09635,10635,12,36,3600
HU,D09636,10636,1,37,3700
NL,D09637,10637,2,38,3800
DE,D09638,10638,3,39,3900
FR,D09639,10639,4,40,4000
HU,D09640,10640,5,41,4100
NL,D09641,10641,6,42,4200
DE,D09642,10642,7,43,4300
FR,D09643,10643,8,44,4400
HU,D09644,10644,9,45,4500
NL,D09645,10645,10,46,4600
DE,D09646,10646,11,47,4700
FR,D09647,10647,12,48,4800
HU,D09648,10648,1,49,4900
NL,D09649,10649,2,50,5000
DE,D09650,10650,3,1,100
FR,D09651,10651,4,2,200
HU,D09652,10652,5,3,300
NL,D09653,10653,6,4,400
DE,D09654,10654,7,5,500
FR,D09655,10655,8,6,600
HU,D09656,10656,9,7,700
NL,D09657,10657,10,8,800
DE,D09658,10658,11,9,900
FR,D09659,10659,12,10,1000
HU,D09660,10660,1,11,1100
NL,D09661,10661,2,12,1200
DE,D09662,10662,3,13,1300
FR,D09663,10663,4,14,1400
HU,D09664,10664,5,15,1500
NL,D09665,10665,6,16,1600
DE,D09666,10666,7,17,1700
FR,D09667,10667,8,18,1800
HU,D09668,10668,9,19,1900
NL,D09669,10669,10,20,2000
DE,D09670,10670,11,21,2100
FR,D09671,10671,12,22,2200
HU,D09672,10672,1,23,2300
NL,D09673,10673,2,24,2400
DE,D09674,10674,3,25,2500
FR,D09675,10675,4,26,2600
HU,D09676,10676,5,27,2700
NL,D09677,10677,6,28,2800
DE,D09678,10678,7,29,2900
FR,D09679,10679,8,30,3000
HU,D09680,10680,9,31,3100
NL,D09681,10681,10,32,3200
DE,D09682,10682,11,33,3300
FR,D09683,10683,12,34,3400
HU,D09684,10684,1,35,3500
NL,D09685,10685,2,36,3600
DE,D09686,10686,3,37,3700
FR,D09687,10687,4,38,3800
HU,D09688,10688,5,39,3900
NL,D09689,10689,6,40,4000
DE,D09690,10690,7,41,4100
FR,D09691,10691,8,42,4200
HU,D09692,10692,9,43,4300
NL,D09693,10693,10,44,4400
DE,D09694,10694,11,45,4500
FR,D09695,10695,12,46,4600
HU,D09696,10696,1,47,4700
NL,D09697,10697,2,48,4800
DE,D09698,10698,3,49,4900
FR,D09699,10699,4,50,5000
HU,D09700,10700,5,1,100
NL,D09701,10701,6,2,200
DE,D09702,10702,7,3,300
FR,D09703,10703,8,4,400
HU,D09704,10704,9,5,500
NL,D09705,10705,10,6,600
DE,D09706,10706,11,7,700
FR,D09707,10707,12,8,800
HU,D09708,10708,1,9,900
NL,D09709,10709,2,10,1000
DE,D09710,10710,3,11,1100
FR,D09711,10711,4,12,1200
HU,D09712,10712,5,13,1300
NL,D09713,10713,6,14,1400
DE,D09714,10714,7,15,1500
FR,D09715,10715,8,16,1600
HU,D09716,10716,9,17,1700
NL,D09717,10717,10,18,1800
DE,D09718,10718,11,19,1900
FR,D09719,10719,12,20,2000
HU,D09720,10720,1,21,2100
NL,D09721,10721,2,22,2200
DE,D09722,10722,3,23,2300
FR,D09723,10723,4,24,2400
HU,D09724,10724,5,25,2500
NL,D09725,10725,6,26,2600
DE,D09726,10726,7,27,2700
FR,D09727,10727,8,28,2800
HU,D09728,10728,9,29,2900
NL,D09729,10729,10,30,3000
DE,D09730,10730,11,31,3100
FR,D09731,10731,12,32,3200
HU,D09732,10732,1,33,3300
NL,D09733,10733,2,34,3400
DE,D09734,10734,3,35,3500
FR,D09735,10735,4,36,3600
HU,D09736,10736,5,37,3700
NL,D09737,10737,6,38,3800
DE,D09738,10738,7,39,3900
FR,D09739,10739,8,40,4000
HU,D09740,10740,9,41,4100
NL,D09741,10741,10,42,4200
DE,D09742,10742,11,43,4300
FR,D09743,10743,12,44,4400
HU,D09744,10744,1,45,4500
NL,D09745,10745,2,46,4600
DE,D09746,10746,3,47,4700
FR,D09747,10747,4,48,4800
HU,D09748,10748,5,49,4900
NL,D09749,10749,6,50,5000
DE,D09750,10750,7,1,100
FR,D09751,10751,8,2,200
HU,D09752,10752,9,3,300
NL,D09753,10753,10,4,400
DE,D09754,10754,11,5,500
FR,D09755,10755,12,6,600
HU,D09756,10756,1,7,700
NL,D09757,10757,2,8,800
DE,D09758,10758,3,9,900
FR,D09759,10759,4,10,1000
HU,D09760,10760,5,11,1100
NL,D09761,10761,6,12,1200
DE,D09762,10762,7,13,1300
FR,D09763,10763,8,14,1400
HU,D09764,10764,9,15,1500
NL,D09765,10765,10,16,1600
DE,D09766,10766,11,17,1700
FR,D09767,10767,12,18,1800
HU,D09768,10768,1,19,1900
NL,D09769,10769,2,20,2000
DE,D09770,10770,3,21,2100
FR,D09771,10771,4,22,2200
HU,D09772,10772,5,23,2300
NL,D09773,10773,6,24,2400
DE,D09774,10774,7,25,2500
FR,D09775,10775,8,26,2600
HU,D09776,10776,9,27,2700
NL,D09777,10777,10,28,2800
DE,D09778,10778,11,29,2900
FR,D09779,10779,12,30,3000
HU,D09780,10780,1,31,3100
NL,D09781,10781,2,32,3200
DE,D09782,10782,3,33,3300
FR,D09783,10783,4,34,3400
HU,D09784,10784,5,35,3500
NL,D09785,10785,6,36,3600
DE,D09786,10786,7,37,3700
FR,D09787,10787,8,38,3800
HU,D09788,10788,9,39,3900
NL,D09789,10789,10,40,4000
DE,D09790,10790,11,41,4100
FR,D09791,10791,12,42,4200
HU,D09792,10792,1,43,4300
NL,D09793,10793,2,44,4400
DE,D09794,10794,3,45,4500
FR,D09795,10795,4,46,4600
HU,D09796,10796,5,47,4700
NL,D09797,10797,6,48,4800
DE,D09798,10798,7,49,4900
FR,D09799,10799,8,50,5000
HU,D09800,10800,9,1,100
NL,D09801,10801,10,2,200
DE,D09802,10802,11,3,300
FR,D09803,10803,12,4,400
HU,D09804,10804,1,5,500
NL,D09805,10805,2,6,600
DE,D09806,10806,3,7,700
FR,D09807,10807,4,8,800
HU,D09808,10808,5,9,900
NL,D09809,10809,6,10,1000
DE,D09810,10810,7,11,1100
FR,D09811,10811,8,12,1200
HU,D09812,10812,9,13,1300
NL,D09813,10813,10,14,1400
DE,D09814,10814,11,15,1500
FR,D09815,10815,12,16,1600
HU,D09816,10816,1,17,1700
NL,D09817,10817,2,18,1800
DE,D09818,10818,3,19,1900
FR,D09819,10819,4,20,2000
HU,D09820,10820,5,21,2100
NL,D09821,10821,6,22,2200
DE,D09822,10822,7,23,2300
FR,D09823,10823,8,24,2400
HU,D09824,10824,9,25,2500
NL,D09825,10825,10,26,2600
DE,D09826,10826,11,27,2700
FR,D09827,10827,12,28,2800
HU,D09828,10828,1,29,2900
NL,D09829,10829,2,30,3000
DE,D09830,10830,3,31,3100
FR,D09831,10831,4,32,3200
HU,D09832,10832,5,33,3300
NL,D09833,10833,6,34,3400
DE,D09834,10834,7,35,3500
FR,D09835,10835,8,36,3600
HU,D09836,10836,9,37,3700
NL,D09837,10837,10,38,3800
DE,D09838,10838,11,39,3900
FR,D09839,10839,12,40,4000
HU,D09840,10840,1,41,4100
NL,D09841,10841,2,42,4200
DE,D09842,10842,3,43,4300
FR,D09843,10843,4,44,4400
HU,D09844,10844,5,45,4500
NL,D09845,10845,6,46,4600
DE,D09846,10846,7,47,4700
FR,D09847,10847,8,48,4800
HU,D09848,10848,9,49,4900
NL,D09849,10849,10,50,5000
DE,D09850,10850,11,1,100
FR,D09851,10851,12,2,200
HU,D09852,10852,1,3,300
NL,D09853,10853,2,4,400
DE,D09854,10854,3,5,500
FR,D09855,10855,4,6,600
HU,D09856,10856,5,7,700
NL,D09857,10857,6,8,800
DE,D09858,10858,7,9,900
FR,D09859,10859,8,10,1000
HU,D09860,10860,9,11,1100
NL,D09861,10861,10,12,1200
DE,D09862,10862,11,13,1300
FR,D09863,10863,12,14,1400
HU,D09864,10864,1,15,1500
NL,D09865,10865,2,16,1600
DE,D09866,10866,3,17,1700
FR,D09867,10867,4,18,1800
HU,D09868,10868,5,19,1900
NL,D09869,10869,6,20,2000
DE,D09870,10870,7,21,2100
FR,D09871,10871,8,22,2200
HU,D09872,10872,9,23,2300
NL,D09873,10873,10,24,2400
DE,D09874,10874,11,25,2500
FR,D09875,10875,12,26,2600
HU,D09876,10876,1,27,2700
NL,D09877,10877,2,28,2800
DE,D09878,10878,3,29,2900
FR,D09879,10879,4,30,3000
HU,D09880,10880,5,31,3100
NL,D09881,10881,6,32,3200
DE,D09882,10882,7,33,3300
FR,D09883,10883,8,34,3400
HU,D09884,10884,9,35,3500
NL,D09885,10885,10,36,3600
DE,D09886,10886,11,37,3700
FR,D09887,10887,12,38,3800
HU,D09888,10888,1,39,3900
NL,D09889,10889,2,40,4000
DE,D09890,10890,3,41,4100
FR,D09891,10891,4,42,4200
HU,D09892,10892,5,43,4300
NL,D09893,10893,6,44,4400
DE,D09894,10894,7,45,4500
FR,D09895,10895,8,46,4600
HU,D09896,10896,9,47,4700
NL,D09897,10897,10,48,4800
DE,D09898,10898,11,49,4900
FR,D09899,10899,12,50,5000
HU,D09900,10900,1,1,100
NL,D09901,10901,2,2,200
DE,D09902,10902,3,3,300
FR,D09903,10903,4,4,400
HU,D09904,10904,5,5,500
NL,D09905,10905,6,6,600
DE,D09906,10906,7,7,700
FR,D09907,10907,8,8,800
HU,D09908,10908,9,9,900
NL,D09909,10909,10,10,1000
DE,D09910,10910,11,11,1100
FR,D09911,10911,12,12,1200
HU,D09912,10912,1,13,1300
NL,D09913,10913,2,14,1400
DE,D09914,10914,3,15,1500
FR,D09915,10915,4,16,1600
HU,D09916,10916,5,17,1700
NL,D09917,10917,6,18,1800
DE,D09918,10918,7,19,1900
FR,D09919,10919,8,20,2000
HU,D09920,10920,9,21,2100
NL,D09921,10921,10,22,2200
DE,D09922,10922,11,23,2300
FR,D09923,10923,12,24,2400
HU,D09924,10924,1,25,2500
NL,D09925,10925,2,26,2600
DE,D09926,10926,3,27,2700
FR,D09927,10927,4,28,2800
HU,D09928,10928,5,29,2900
NL,D09929,10929,6,30,3000
DE,D09930,10930,7,31,3100
FR,D09931,10931,8,32,3200
HU,D09932,10932,9,33,3300
NL,D09933,10933,10,34,3400
DE,D09934,10934,11,35,3500
FR,D09935,10935,12,36,3600
HU,D09936,10936,1,37,3700
NL,D09937,10937,2,38,3800
DE,D09938,10938,3,39,3900
FR,D09939,10939,4,40,4000
HU,D09940,10940,5,41,4100
NL,D09941,10941,6,42,4200
DE,D09942,10942,7,43,4300
FR,D09943,10943,8,44,4400
HU,D09944,10944,9,45,4500
NL,D09945,10945,10,46,4600
DE,D09946,10946,11,47,4700
FR,D09947,10947,12,48,4800
HU,D09948,10948,1,49,4900
NL,D09949,10949,2,50,5000
DE,D09950,10950,3,1,100
FR,D09951,10951,4,2,200
HU,D09952,10952,5,3,300
NL,D09953,10953,6,4,400
DE,D09954,10954,7,5,500
FR,D09955,10955,8,6,600
HU,D09956,10956,9,7,700
NL,D09957,10957,10,8,800
DE,D09958,10958,11,9,900
FR,D09959,10959,12,10,1000
HU,D09960,10960,1,11,1100
NL,D09961,10961,2,12,1200
DE,D09962,10962,3,13,1300
FR,D09963,10963,4,14,1400
HU,D09964,10964,5,15,1500
NL,D09965,10965,6,16,1600
DE,D09966,10966,7,17,1700
FR,D09967,10967,8,18,1800
HU,D09968,10968,9,19,1900
NL,D09969,10969,10,20,2000
DE,D09970,10970,11,21,2100
FR,D09971,10971,12,22,2200
HU,D09972,10972,1,23,2300
NL,D09973,10973,2,24,2400
DE,D09974,10974,3,25,2500
FR,D09975,10975,4,26,2600
HU,D09976,10976,5,27,2700
NL,D09977,10977,6,28,2800
DE,D09978,10978,7,29,2900
FR,D09979,10979,8,30,3000
HU,D09980,10980,9,31,3100
NL,D09981,10981,10,32,3200
DE,D09982,10982,11,33,3300
FR,D09983,10983,12,34,3400
HU,D09984,10984,1,35,3500
NL,D09985,10985,2,36,3600
DE,D09986,10986,3,37,3700
FR,D09987,10987,4,38,3800
HU,D09988,10988,5,39,3900
NL,D09989,10989,6,40,4000
DE,D09990,10990,7,41,4100
FR,D09991,10991,8,42,4200
HU,D09992,10992,9,43,4300
NL,D09993,10993,10,44,4400
DE,D09994,10994,11,45,4500
FR,D09995,10995,12,46,4600
HU,D09996,10996,1,47,4700
NL,D09997,10997,2,48,4800
DE,D09998,10998,3,49,4900
FR,D09999,10999,4,50,5000
